source,sample_id,neck_flexion,trunk_flexion,left_shoulder_elev,right_shoulder_elev,shoulder_symmetry,alignment_deviation,label
multiposture,multiposture_0,2.8543,0.6324,15.9531,6.6897,6.08,2.655,MEDIUM
multiposture,multiposture_1,0.9586,3.7226,26.9733,20.006,8.0807,8.4446,MEDIUM
multiposture,multiposture_2,4.5292,2.9732,27.0468,19.338,10.1886,4.4629,MEDIUM
multiposture,multiposture_3,3.0808,2.7019,27.054,19.5919,11.8442,4.525,MEDIUM
multiposture,multiposture_4,2.0006,2.5244,27.7394,20.129,12.884,4.6605,MEDIUM
multiposture,multiposture_5,2.2053,2.5228,27.691,20.0381,11.9897,4.5478,MEDIUM
multiposture,multiposture_6,2.4807,2.4879,27.5955,19.9228,11.4212,4.3441,MEDIUM
multiposture,multiposture_7,3.693,2.5696,27.4931,20.4715,10.5744,3.9817,MEDIUM
multiposture,multiposture_8,4.6155,2.5656,27.6354,20.4818,10.4722,3.5663,MEDIUM
multiposture,multiposture_9,2.5957,2.5077,27.4793,20.7851,9.4756,4.3399,MEDIUM
multiposture,multiposture_10,4.8961,2.4592,27.2695,21.2641,6.6176,7.1555,MEDIUM
multiposture,multiposture_11,5.5603,2.3186,27.1781,21.0198,6.4184,7.0701,MEDIUM
multiposture,multiposture_12,2.9759,2.2198,14.8424,21.4443,11.8899,3.6122,MEDIUM
multiposture,multiposture_13,19.3003,6.2018,30.3927,24.1051,13.3335,5.5226,MEDIUM
multiposture,multiposture_14,18.7359,6.3145,29.2213,23.4323,13.1994,6.2683,MEDIUM
multiposture,multiposture_15,18.657,6.3262,28.4699,24.0714,13.2815,6.329,MEDIUM
multiposture,multiposture_16,17.5023,6.0266,28.0911,24.4339,13.4262,6.2248,MEDIUM
multiposture,multiposture_17,15.1975,5.5565,28.386,24.7897,12.5326,6.0846,MEDIUM
multiposture,multiposture_18,13.7526,5.2548,28.0643,24.8841,12.2769,6.0078,MEDIUM
multiposture,multiposture_19,13.6208,5.2316,27.8789,24.8336,12.1753,6.0088,MEDIUM
multiposture,multiposture_20,13.5834,5.2368,27.8924,24.9063,12.2443,6.0074,MEDIUM
multiposture,multiposture_21,13.3402,5.2002,27.8117,24.9158,12.2588,6.0065,MEDIUM
multiposture,multiposture_22,13.0181,5.2234,27.9877,24.9582,12.2992,6.1796,MEDIUM
multiposture,multiposture_23,12.5097,5.212,27.7131,24.8451,13.0714,6.3034,MEDIUM
multiposture,multiposture_24,14.9365,5.6608,26.2847,25.4105,10.3117,6.3401,MEDIUM
multiposture,multiposture_25,18.8911,6.1101,26.6661,25.1732,11.3696,5.8755,MEDIUM
multiposture,multiposture_26,19.7652,6.2744,26.1758,24.7379,14.5737,5.456,MEDIUM
multiposture,multiposture_27,19.525,6.3026,26.2591,25.196,12.2451,5.4541,MEDIUM
multiposture,multiposture_28,19.855,6.4504,26.3139,24.2319,12.4705,5.695,MEDIUM
multiposture,multiposture_29,19.0027,6.4731,26.6686,24.0681,13.6114,6.1112,MEDIUM
multiposture,multiposture_30,18.6032,6.4858,26.7092,23.778,13.7186,6.3654,MEDIUM
multiposture,multiposture_31,18.378,6.5242,27.1276,23.7322,13.8981,6.6037,MEDIUM
multiposture,multiposture_32,18.2957,6.5506,27.0085,23.8539,13.8874,6.6973,MEDIUM
multiposture,multiposture_33,18.259,6.5744,27.0087,23.937,13.9378,6.7695,MEDIUM
multiposture,multiposture_34,8.6118,6.118,26.3006,23.0514,18.5837,9.6864,HIGH
multiposture,multiposture_35,18.1556,6.0263,25.6271,23.8868,16.455,6.0682,HIGH
multiposture,multiposture_36,21.0825,6.062,25.8019,24.2622,13.6319,5.3034,MEDIUM
multiposture,multiposture_37,21.9898,6.1121,26.3553,24.4204,12.7754,5.1867,MEDIUM
multiposture,multiposture_38,21.4352,6.7839,19.7806,40.2701,20.8727,6.2557,HIGH
multiposture,multiposture_39,20.0273,7.0606,35.7312,32.4223,22.4242,7.1004,HIGH
multiposture,multiposture_40,18.8454,7.128,35.6,26.412,22.1727,7.5119,HIGH
multiposture,multiposture_41,2.4318,2.593,38.0177,17.9115,13.9709,4.6181,MEDIUM
multiposture,multiposture_42,6.9626,3.2496,50.4635,23.7687,12.9151,4.3828,MEDIUM
multiposture,multiposture_43,8.1579,3.9928,47.9691,23.595,12.7756,5.4055,MEDIUM
multiposture,multiposture_44,9.991,3.8221,43.6163,23.3303,13.2515,4.3241,MEDIUM
multiposture,multiposture_45,3.8237,4.0221,42.0831,21.9461,14.7755,7.0934,MEDIUM
multiposture,multiposture_46,3.9943,4.1534,137.9333,23.4736,8.5233,7.3101,HIGH
multiposture,multiposture_47,3.673,3.8598,65.6806,39.9435,10.9256,6.8142,HIGH
multiposture,multiposture_48,4.5557,3.9812,48.1563,34.2989,12.8799,6.6987,MEDIUM
multiposture,multiposture_49,7.016,3.8262,44.3909,28.3573,12.91,5.2779,MEDIUM
multiposture,multiposture_50,7.2185,3.9006,43.1399,26.102,13.4988,5.3512,MEDIUM
multiposture,multiposture_51,7.7169,4.0015,42.5771,25.0654,13.96,5.3563,MEDIUM
multiposture,multiposture_52,7.8023,4.0636,41.5724,24.4387,14.1557,5.4568,MEDIUM
multiposture,multiposture_53,7.714,4.0614,40.4059,23.539,14.5383,5.4885,MEDIUM
multiposture,multiposture_54,105.0244,27.6326,2.5243,6.0594,4.4582,9.6325,HIGH
multiposture,multiposture_55,105.6906,23.4103,0.5808,5.7952,3.1047,31.3733,HIGH
multiposture,multiposture_56,138.2236,24.7219,0.7739,1.865,6.4396,29.4286,HIGH
multiposture,multiposture_57,163.6077,26.1781,1.9912,0.2004,8.3732,22.294,HIGH
multiposture,multiposture_58,166.3101,22.978,5.8671,1.0183,14.229,38.825,HIGH
multiposture,multiposture_59,173.2519,23.3029,4.7467,0.7101,14.1233,19.9888,HIGH
multiposture,multiposture_60,177.0128,20.793,1.8229,0.4072,16.6336,14.4379,HIGH
multiposture,multiposture_61,178.6466,19.2057,2.1025,0.8738,18.8449,2.4539,HIGH
multiposture,multiposture_62,173.9955,17.8315,1.4608,1.9877,18.1251,3.3645,HIGH
multiposture,multiposture_63,167.0455,16.0906,1.6375,2.5492,18.0629,21.6419,HIGH
multiposture,multiposture_64,165.5836,17.6562,2.0883,2.5509,14.8224,22.5737,HIGH
multiposture,multiposture_65,157.8554,23.2889,1.9088,2.6766,11.4191,36.048,HIGH
multiposture,multiposture_66,160.3579,21.5008,1.8882,2.5592,11.9823,31.4849,HIGH
multiposture,multiposture_67,159.4508,20.8537,1.5798,2.6398,12.4884,34.7544,HIGH
multiposture,multiposture_68,160.4934,20.0184,1.675,2.7191,13.6438,32.9104,HIGH
multiposture,multiposture_69,164.5164,17.5096,0.8158,3.1889,14.0452,25.6566,HIGH
multiposture,multiposture_70,165.6009,16.2206,2.2764,2.4984,14.8546,24.0206,HIGH
multiposture,multiposture_71,166.2948,15.6343,1.8997,2.5433,14.7543,22.5432,HIGH
multiposture,multiposture_72,167.2532,14.6277,0.415,2.5746,15.7339,21.0761,HIGH
multiposture,multiposture_73,168.1039,14.4296,0.7619,2.5558,15.5394,19.3516,HIGH
multiposture,multiposture_74,165.6413,16.2521,0.2673,3.6769,14.9359,24.4217,HIGH
multiposture,multiposture_75,169.0871,14.4584,0.2031,3.5397,16.0322,20.596,HIGH
multiposture,multiposture_76,159.5138,20.5134,0.1459,3.056,14.2098,35.0177,HIGH
multiposture,multiposture_77,83.9006,17.1604,0.7503,1.3254,7.4579,18.7864,HIGH
multiposture,multiposture_78,96.5849,11.806,0.6386,1.3104,9.653,5.2299,HIGH
multiposture,multiposture_79,176.3859,10.7598,0.252,1.2852,11.9755,11.3345,HIGH
multiposture,multiposture_80,123.153,25.7463,4.0317,9.0386,13.2735,66.492,HIGH
multiposture,multiposture_81,111.3132,24.2191,2.6404,7.026,15.0822,59.2942,HIGH
multiposture,multiposture_82,112.6659,24.0994,2.8019,6.1962,15.2938,55.3056,HIGH
multiposture,multiposture_83,147.4422,24.5024,2.9243,5.6776,16.3211,49.852,HIGH
multiposture,multiposture_84,4.973,2.2368,16.7272,8.2189,13.5411,2.6829,MEDIUM
multiposture,multiposture_85,4.8679,2.2963,16.5318,8.6654,14.7859,2.8762,MEDIUM
multiposture,multiposture_86,5.0027,2.3628,16.1379,9.2749,15.0488,2.9753,HIGH
multiposture,multiposture_87,5.5113,2.4495,16.0834,9.6265,15.302,2.959,HIGH
multiposture,multiposture_88,1.6541,2.5297,14.4384,9.3942,15.0062,4.7808,HIGH
multiposture,multiposture_89,2.1896,2.5777,15.0221,9.7526,14.8814,4.6619,MEDIUM
multiposture,multiposture_90,2.5662,2.5547,14.9537,9.8785,15.2812,4.4523,HIGH
multiposture,multiposture_91,1.5196,2.3271,16.0936,9.244,14.5093,4.3767,MEDIUM
multiposture,multiposture_92,2.2159,2.4202,16.2152,9.447,15.274,4.3055,HIGH
multiposture,multiposture_93,5.0995,2.4175,16.1747,9.7741,16.2844,3.104,HIGH
multiposture,multiposture_94,5.8477,2.4764,15.9202,9.7855,17.0139,2.886,HIGH
multiposture,multiposture_95,54.8129,6.3038,5.462,2.5005,5.6315,9.9484,HIGH
multiposture,multiposture_96,62.2773,5.7398,3.8624,3.3914,5.7943,11.2376,HIGH
multiposture,multiposture_97,62.6936,6.7384,2.8252,3.0385,11.946,11.2616,HIGH
multiposture,multiposture_98,141.1454,5.8663,4.3083,2.4816,11.1775,9.7952,HIGH
multiposture,multiposture_99,164.2084,7.5707,3.4613,3.8936,3.8406,8.8362,HIGH
multiposture,multiposture_100,154.8753,1.9197,5.174,3.9352,4.7673,22.9113,HIGH
multiposture,multiposture_101,158.0963,2.662,5.1158,4.594,5.666,18.135,HIGH
multiposture,multiposture_102,161.7786,0.3813,6.1229,3.0792,6.5362,19.1643,HIGH
multiposture,multiposture_103,149.3921,1.9131,6.8242,0.8838,11.0042,24.739,HIGH
multiposture,multiposture_104,156.4052,2.6085,6.5924,1.0562,10.7871,24.583,HIGH
multiposture,multiposture_105,151.6177,5.6032,7.3433,1.5312,10.2665,36.4358,HIGH
multiposture,multiposture_106,152.5073,5.1903,7.0436,1.4958,6.5422,34.9342,HIGH
multiposture,multiposture_107,162.014,3.7807,6.827,0.8755,4.5444,26.1389,HIGH
multiposture,multiposture_108,97.9754,4.3484,4.9736,0.7169,13.4617,30.155,HIGH
multiposture,multiposture_109,70.544,3.6093,5.0173,1.4261,10.5006,26.5112,HIGH
multiposture,multiposture_110,15.4123,8.0992,4.7438,2.9557,22.5324,11.2205,HIGH
multiposture,multiposture_111,49.8533,8.0474,2.7668,1.24,19.709,6.3875,HIGH
multiposture,multiposture_112,86.2486,5.7603,2.0328,2.4629,16.8218,14.0376,HIGH
multiposture,multiposture_113,138.6755,4.4129,0.1477,0.2614,10.9593,17.1065,HIGH
multiposture,multiposture_114,160.1962,1.2468,1.5153,0.0993,7.9259,22.5353,HIGH
multiposture,multiposture_115,160.635,1.2207,1.6585,0.4835,4.4697,27.8366,HIGH
multiposture,multiposture_116,124.7773,0.9616,0.1124,0.7913,5.2935,26.9899,HIGH
multiposture,multiposture_117,145.5168,0.8417,0.4188,0.7804,5.7796,26.5684,HIGH
multiposture,multiposture_118,167.9376,2.8211,0.1781,0.9429,7.8588,27.8506,HIGH
multiposture,multiposture_119,104.4114,2.2305,0.8764,1.0539,12.3179,15.2006,HIGH
multiposture,multiposture_120,82.8297,2.0859,1.6612,0.8657,10.7442,16.7502,HIGH
multiposture,multiposture_121,165.144,2.2917,2.1844,1.3328,7.8545,20.7216,HIGH
multiposture,multiposture_122,160.9517,3.3381,1.2053,0.0789,7.4817,15.8638,HIGH
multiposture,multiposture_123,152.471,3.7301,0.6461,0.985,6.3462,13.2545,HIGH
multiposture,multiposture_124,9.5063,3.223,7.5795,1.0301,13.7256,3.0226,MEDIUM
multiposture,multiposture_125,3.4191,0.1713,29.9674,19.8834,12.7218,0.9039,MEDIUM
multiposture,multiposture_126,0.5832,0.5789,66.1961,18.205,14.7911,1.0089,HIGH
multiposture,multiposture_127,1.4384,0.4746,29.5418,12.5723,11.9646,0.4683,MEDIUM
multiposture,multiposture_128,1.1226,0.5078,29.5044,12.6595,11.0882,0.6587,MEDIUM
multiposture,multiposture_129,10.3907,2.1454,7.1154,3.3155,11.6039,0.0618,MEDIUM
multiposture,multiposture_130,10.2234,2.1339,6.771,3.7134,12.3363,0.1878,MEDIUM
multiposture,multiposture_131,9.2955,2.0921,6.8763,3.9597,12.9219,0.5225,MEDIUM
multiposture,multiposture_132,8.6588,2.0908,6.8902,3.9867,12.7749,0.8153,MEDIUM
multiposture,multiposture_133,7.9423,2.0893,6.8643,3.9946,12.4017,1.1673,MEDIUM
multiposture,multiposture_134,6.5554,2.1073,6.7612,4.0547,12.1218,1.8235,MEDIUM
multiposture,multiposture_135,6.7533,1.9301,7.1517,4.0492,13.3455,1.4265,MEDIUM
multiposture,multiposture_136,4.8421,1.9455,7.0371,4.0529,12.9962,2.2318,MEDIUM
multiposture,multiposture_137,1.0983,2.0416,17.9521,8.1599,13.2254,3.944,MEDIUM
multiposture,multiposture_138,0.8161,2.0381,16.0141,8.244,13.0272,4.7633,MEDIUM
multiposture,multiposture_139,8.3613,1.2432,15.1457,8.8896,12.6088,0.8558,MEDIUM
multiposture,multiposture_140,10.2095,1.105,14.7399,9.0899,13.4235,1.6439,MEDIUM
multiposture,multiposture_141,2.0775,1.1125,14.6998,8.7571,13.5398,1.5668,MEDIUM
multiposture,multiposture_142,0.4284,1.1361,14.3452,8.5255,13.6886,2.6207,MEDIUM
multiposture,multiposture_143,0.4185,1.1365,14.1073,8.3059,13.5353,2.6156,MEDIUM
multiposture,multiposture_144,0.9341,1.1526,14.9001,5.1581,13.2985,2.8507,MEDIUM
multiposture,multiposture_145,1.5034,1.3289,10.319,3.4909,12.4832,3.4829,MEDIUM
multiposture,multiposture_146,1.4279,1.4608,8.2374,3.1148,12.0864,3.7455,MEDIUM
multiposture,multiposture_147,0.9698,1.5149,7.9357,3.0571,11.8101,3.685,MEDIUM
multiposture,multiposture_148,0.7456,1.5464,7.6262,3.0405,11.823,3.6722,MEDIUM
multiposture,multiposture_149,0.852,1.534,7.4665,3.1225,12.0368,2.9739,MEDIUM
multiposture,multiposture_150,1.5052,1.6559,7.3567,3.1392,12.0516,2.956,MEDIUM
multiposture,multiposture_151,2.0365,1.7403,6.9547,3.3476,12.0502,2.9144,MEDIUM
multiposture,multiposture_152,4.8423,1.7791,5.4079,3.6799,12.2957,2.0829,MEDIUM
multiposture,multiposture_153,7.7804,1.269,10.8576,7.6851,11.6213,0.4256,MEDIUM
multiposture,multiposture_154,7.6171,1.3057,13.3772,10.3049,11.5602,0.4862,MEDIUM
multiposture,multiposture_155,6.1649,1.353,11.6684,8.1199,12.8225,0.8029,MEDIUM
multiposture,multiposture_156,5.0311,1.4182,8.9008,4.9618,13.8577,1.199,MEDIUM
multiposture,multiposture_157,5.1252,1.4016,8.9112,5.4969,13.4435,0.9949,MEDIUM
multiposture,multiposture_158,4.5036,1.4946,8.4555,5.3556,13.0973,1.3829,MEDIUM
multiposture,multiposture_159,9.169,4.4087,24.392,17.0083,15.0337,6.1834,HIGH
multiposture,multiposture_160,9.0382,4.2743,22.8619,16.5433,15.3298,5.9322,HIGH
multiposture,multiposture_161,9.2802,3.8646,21.1545,16.4877,15.696,4.9923,HIGH
multiposture,multiposture_162,9.0447,3.8206,20.7798,15.6877,16.1424,4.957,HIGH
multiposture,multiposture_163,8.5606,3.7534,20.5017,15.5696,16.4529,4.9428,HIGH
multiposture,multiposture_164,8.1155,3.7107,20.64,15.4183,16.7153,4.977,HIGH
multiposture,multiposture_165,6.7285,3.7152,20.6689,15.2814,16.2155,5.42,HIGH
multiposture,multiposture_166,5.6946,3.7356,23.2364,17.3018,15.3301,5.8245,HIGH
multiposture,multiposture_167,5.9039,3.8135,24.0739,17.4682,15.6837,5.9078,HIGH
multiposture,multiposture_168,6.1559,3.8559,24.252,17.5297,15.587,5.892,HIGH
multiposture,multiposture_169,5.8482,3.9099,24.4063,17.6192,15.5318,6.1116,HIGH
multiposture,multiposture_170,4.3394,3.9432,24.4,17.6852,16.0352,6.7323,HIGH
multiposture,multiposture_171,1.0759,3.9153,24.504,17.5414,16.8042,8.6322,HIGH
multiposture,multiposture_172,6.0415,4.0523,24.1918,17.4764,17.9694,10.7778,HIGH
multiposture,multiposture_173,5.0915,4.0742,24.6681,17.4034,17.984,10.5443,HIGH
multiposture,multiposture_174,3.8144,3.5514,25.5053,16.3538,16.4396,8.9056,HIGH
multiposture,multiposture_175,3.4478,3.5245,24.8588,16.17,15.5664,8.5522,HIGH
multiposture,multiposture_176,2.8243,3.5415,24.386,16.2657,14.9858,6.4179,MEDIUM
multiposture,multiposture_177,5.4217,3.5427,23.6551,16.8995,15.3872,5.5476,HIGH
multiposture,multiposture_178,9.9114,3.8922,23.1976,17.8135,16.0035,4.9798,HIGH
multiposture,multiposture_179,11.6697,4.2039,22.5612,18.3789,16.0652,5.0873,HIGH
multiposture,multiposture_180,10.088,3.9957,22.7782,18.1774,16.1338,5.1273,HIGH
multiposture,multiposture_181,9.3632,4.0735,22.536,18.1725,16.5798,5.456,HIGH
multiposture,multiposture_182,10.3641,4.2757,22.3434,18.3258,17.0958,5.4881,HIGH
multiposture,multiposture_183,10.2044,4.2782,22.3689,18.2588,17.3675,5.3599,HIGH
multiposture,multiposture_184,10.4187,4.2737,22.3245,18.3573,17.7436,5.2398,HIGH
multiposture,multiposture_185,10.8611,4.3737,22.22,18.3447,17.8274,5.199,HIGH
multiposture,multiposture_186,11.2313,4.4153,22.1988,18.3157,18.021,5.104,HIGH
multiposture,multiposture_187,11.0726,4.4264,22.1334,17.9251,18.0853,5.1862,HIGH
multiposture,multiposture_188,10.8302,4.3881,22.0923,18.0217,18.2593,5.1979,HIGH
multiposture,multiposture_189,10.422,4.6163,8.5797,9.7697,19.5334,6.0393,HIGH
multiposture,multiposture_190,11.1716,4.6216,8.1783,9.9183,19.7155,5.8471,HIGH
multiposture,multiposture_191,0.2946,4.9568,10.316,10.4609,18.3814,10.3343,HIGH
multiposture,multiposture_192,4.5,4.3781,8.7697,9.9499,16.6933,7.5907,HIGH
multiposture,multiposture_193,6.2035,4.227,8.5429,10.0956,15.4583,6.6896,HIGH
multiposture,multiposture_194,6.3988,4.3384,8.0341,9.8108,14.8013,6.8042,MEDIUM
multiposture,multiposture_195,7.7316,4.4905,7.4492,9.4209,15.0514,6.6073,HIGH
multiposture,multiposture_196,8.1816,4.7143,7.9147,9.2209,15.1925,6.8861,HIGH
multiposture,multiposture_197,8.2123,4.7432,7.7829,9.1862,15.3913,6.9361,HIGH
multiposture,multiposture_198,8.2747,4.7517,7.7981,9.1383,15.3801,6.9251,HIGH
multiposture,multiposture_199,6.9338,4.5686,8.2309,8.8198,16.592,7.1161,HIGH
multiposture,multiposture_200,7.377,4.484,8.1979,8.5454,16.8883,6.7921,HIGH
multiposture,multiposture_201,7.5771,4.4795,7.7465,8.3903,17.0717,6.7168,HIGH
multiposture,multiposture_202,11.4256,4.4961,7.7057,8.1963,17.311,5.3215,HIGH
multiposture,multiposture_203,10.9356,4.479,8.0776,7.8025,17.1043,5.3984,HIGH
multiposture,multiposture_204,11.2902,4.4859,8.0021,7.7248,17.1546,5.3473,HIGH
multiposture,multiposture_205,11.3634,4.5051,7.9191,7.7511,17.4982,5.3759,HIGH
multiposture,multiposture_206,11.6569,4.6019,7.7482,7.8816,17.9221,5.4742,HIGH
multiposture,multiposture_207,11.3532,4.454,7.9296,7.739,17.8833,5.2741,HIGH
multiposture,multiposture_208,7.4052,4.998,1.325,7.8854,19.166,7.8638,HIGH
multiposture,multiposture_209,8.8136,5.1151,1.904,7.71,18.9712,7.6336,HIGH
multiposture,multiposture_210,9.3546,5.1045,2.2666,7.345,18.6033,7.4316,HIGH
multiposture,multiposture_211,9.626,5.1279,2.5016,7.3918,18.9703,7.405,HIGH
multiposture,multiposture_212,8.3204,5.1845,2.6617,7.4145,18.9273,7.9589,HIGH
multiposture,multiposture_213,6.6986,5.1086,2.8965,7.3505,16.3867,8.3341,HIGH
multiposture,multiposture_214,6.8403,5.0822,2.8914,7.4299,15.5056,8.2185,HIGH
multiposture,multiposture_215,6.5651,5.1507,2.7139,7.5458,15.4212,8.4607,HIGH
multiposture,multiposture_216,6.5092,4.9918,2.9156,7.6993,15.0737,8.1466,HIGH
multiposture,multiposture_217,35.5834,31.1402,5.3298,22.996,44.6036,49.6975,HIGH
multiposture,multiposture_218,20.8719,16.3017,10.7205,15.6049,33.691,26.1348,HIGH
multiposture,multiposture_219,21.4471,17.3583,11.5222,16.0529,29.3353,28.087,HIGH
multiposture,multiposture_220,21.4129,17.8529,12.942,16.3058,26.6648,29.1451,HIGH
multiposture,multiposture_221,22.1314,18.0995,12.7449,16.7627,26.0761,29.3705,HIGH
multiposture,multiposture_222,23.998,18.609,13.5949,17.5145,25.9993,29.6405,HIGH
multiposture,multiposture_223,32.0438,17.1273,15.7364,2.3103,22.702,23.3427,HIGH
multiposture,multiposture_224,26.9169,16.9146,15.549,4.8684,19.8431,25.5393,HIGH
multiposture,multiposture_225,29.6223,16.7531,15.6211,5.2211,19.389,24.1046,HIGH
multiposture,multiposture_226,30.3175,16.6747,17.156,2.2787,18.6375,22.9793,HIGH
multiposture,multiposture_227,29.6748,16.5977,16.9866,2.3202,18.3892,22.6297,HIGH
multiposture,multiposture_228,28.7191,16.265,16.8274,1.956,16.8649,22.3514,HIGH
multiposture,multiposture_229,28.2983,16.0791,17.1096,1.3193,18.8697,22.3025,HIGH
multiposture,multiposture_230,10.1239,22.6143,8.8692,8.0424,27.4915,43.3102,HIGH
multiposture,multiposture_231,14.307,34.4885,1.066,13.7333,50.5261,73.0375,HIGH
multiposture,multiposture_232,55.2772,31.9735,7.3665,26.1585,42.4897,41.5905,HIGH
multiposture,multiposture_233,29.1931,20.3445,14.4383,20.9011,27.6248,30.1552,HIGH
multiposture,multiposture_234,25.1843,19.1456,15.3576,19.0418,25.3742,29.7522,HIGH
multiposture,multiposture_235,26.3789,20.4113,14.0284,20.0437,30.8846,31.8306,HIGH
multiposture,multiposture_236,24.3428,28.9096,1.3215,30.4051,42.6203,50.2929,HIGH
multiposture,multiposture_237,26.9312,27.8521,3.9707,30.2819,40.989,47.1236,HIGH
multiposture,multiposture_238,28.8769,27.2508,3.5836,31.1179,39.9917,45.0247,HIGH
multiposture,multiposture_239,46.7868,19.9749,6.0541,26.8157,20.5028,20.6525,HIGH
multiposture,multiposture_240,16.4788,22.1906,1.4013,29.5063,23.6167,40.148,HIGH
multiposture,multiposture_241,17.5238,25.5711,2.6944,30.6484,30.3763,46.2661,HIGH
multiposture,multiposture_242,17.4378,27.1919,3.3464,31.0681,34.7836,49.1154,HIGH
multiposture,multiposture_243,36.5738,30.1258,6.6949,9.9967,38.8147,47.7319,HIGH
multiposture,multiposture_244,39.4565,31.4803,6.1614,8.4401,37.4179,48.7484,HIGH
multiposture,multiposture_245,43.3444,32.1907,6.3029,9.5807,35.9139,48.1152,HIGH
multiposture,multiposture_246,45.7877,32.6554,6.1801,9.0026,35.2924,47.713,HIGH
multiposture,multiposture_247,17.7253,20.254,10.2987,18.6768,27.9558,35.351,HIGH
multiposture,multiposture_248,39.1508,26.0116,3.4301,21.0794,29.4623,39.8822,HIGH
multiposture,multiposture_249,41.0362,27.9037,4.4374,21.9241,31.5163,42.6946,HIGH
multiposture,multiposture_250,41.7189,30.2535,1.4626,23.3681,34.1961,47.0882,HIGH
multiposture,multiposture_251,35.7573,30.8404,2.0937,23.7107,33.3796,49.8938,HIGH
multiposture,multiposture_252,37.4688,30.5146,2.9699,23.597,32.7073,48.8529,HIGH
multiposture,multiposture_253,38.8605,30.9118,3.1324,22.8888,33.304,49.1054,HIGH
multiposture,multiposture_254,40.7885,30.7992,2.5174,22.8705,33.4424,48.3629,HIGH
multiposture,multiposture_255,40.8593,30.7601,2.6516,23.2097,33.732,48.327,HIGH
multiposture,multiposture_256,39.9866,30.6747,2.7548,23.2456,33.8602,48.4346,HIGH
multiposture,multiposture_257,40.5457,30.8914,2.1308,23.5538,34.2866,48.7237,HIGH
multiposture,multiposture_258,41.4187,31.1303,2.1708,23.5844,34.3042,48.9098,HIGH
multiposture,multiposture_259,41.1537,31.0597,2.2289,23.3498,34.4345,48.8101,HIGH
multiposture,multiposture_260,41.8968,31.2854,2.2845,22.5778,34.2867,48.8933,HIGH
multiposture,multiposture_261,17.255,37.2937,0.4544,27.7311,49.1496,66.3747,HIGH
multiposture,multiposture_262,25.9728,38.5627,2.826,28.7902,49.2295,66.1618,HIGH
multiposture,multiposture_263,28.8718,38.9879,1.9683,29.2698,49.3816,65.923,HIGH
multiposture,multiposture_264,28.7574,39.5885,2.1831,29.109,49.0138,66.8506,HIGH
multiposture,multiposture_265,25.5178,39.2094,2.6065,28.7136,48.0891,67.2032,HIGH
multiposture,multiposture_266,22.3636,39.3631,4.6103,28.4366,48.7635,68.4285,HIGH
multiposture,multiposture_267,26.5099,39.843,3.6083,29.1162,49.0423,68.0422,HIGH
multiposture,multiposture_268,21.7484,40.256,4.8293,29.9415,49.4679,70.2288,HIGH
multiposture,multiposture_269,17.9899,39.9603,8.2738,29.5914,49.7115,71.1569,HIGH
multiposture,multiposture_270,16.3068,39.8218,8.7823,29.1849,49.7147,71.6549,HIGH
multiposture,multiposture_271,18.0661,39.8697,8.1527,28.9981,50.0358,71.2511,HIGH
multiposture,multiposture_272,18.473,40.1145,7.8987,29.5513,50.1451,71.5166,HIGH
multiposture,multiposture_273,18.8911,39.9938,8.1862,29.5384,50.0181,71.1576,HIGH
multiposture,multiposture_274,18.8659,39.9441,7.9832,29.5368,49.9209,70.9699,HIGH
multiposture,multiposture_275,19.2329,40.3098,7.3904,30.1832,49.2353,71.4896,HIGH
multiposture,multiposture_276,26.9042,40.7681,2.4755,33.8437,50.9785,70.5673,HIGH
multiposture,multiposture_277,26.5725,26.1668,13.751,17.3025,14.2217,43.9431,MEDIUM
multiposture,multiposture_278,22.6368,25.7898,12.2261,17.1802,15.1856,44.8258,HIGH
multiposture,multiposture_279,20.114,25.4067,10.4178,17.0673,14.9231,45.2205,MEDIUM
multiposture,multiposture_280,18.0957,25.2507,9.391,17.3879,14.1607,45.9052,MEDIUM
multiposture,multiposture_281,16.7682,25.3177,8.3839,17.04,12.9053,46.7542,MEDIUM
multiposture,multiposture_282,15.3936,25.3436,8.1809,16.3551,12.6972,47.4849,MEDIUM
multiposture,multiposture_283,14.6894,25.1667,7.6629,16.15,12.7458,47.4683,MEDIUM
multiposture,multiposture_284,13.9022,25.1013,7.5122,16.0093,13.2541,47.7059,MEDIUM
multiposture,multiposture_285,13.1101,25.0865,7.3209,15.81,13.6022,48.005,MEDIUM
multiposture,multiposture_286,19.1268,20.0896,11.6836,5.7245,0.7083,34.6057,MEDIUM
multiposture,multiposture_287,20.4544,24.1955,4.7024,7.9028,2.5026,42.0241,MEDIUM
multiposture,multiposture_288,22.9546,24.7248,3.5311,9.1985,5.2082,42.3436,MEDIUM
multiposture,multiposture_289,11.9369,22.6435,51.912,7.2307,15.2343,42.3063,HIGH
multiposture,multiposture_290,16.7889,20.4161,150.3087,1.5048,43.6085,41.932,HIGH
multiposture,multiposture_291,11.0767,20.0725,123.8878,0.8522,44.0359,42.1549,HIGH
multiposture,multiposture_292,5.3379,19.7511,100.399,2.094,34.8982,41.8015,HIGH
multiposture,multiposture_293,11.4835,23.1803,4.0978,5.5069,18.3125,44.1248,HIGH
multiposture,multiposture_294,27.7569,23.2701,8.8773,6.2193,15.2302,37.6434,HIGH
multiposture,multiposture_295,31.4537,24.3729,8.965,7.6633,13.9281,38.4323,HIGH
multiposture,multiposture_296,33.9416,24.7976,6.3755,8.581,12.2053,38.4827,HIGH
multiposture,multiposture_297,34.6194,24.6563,6.4023,8.6194,12.4616,38.0074,HIGH
multiposture,multiposture_298,34.4185,24.6437,5.6201,8.6478,11.7882,38.106,HIGH
multiposture,multiposture_299,35.865,24.8554,5.5068,9.3318,11.9912,38.0472,HIGH
multiposture,multiposture_300,36.6852,25.1347,6.3129,10.1074,11.7538,38.2766,HIGH
multiposture,multiposture_301,36.8189,25.1575,6.1354,10.1252,12.0248,38.2946,HIGH
multiposture,multiposture_302,35.7788,25.1158,2.8041,10.8319,11.7994,38.6129,HIGH
multiposture,multiposture_303,34.5848,25.0388,2.6222,10.7981,10.9951,38.8735,HIGH
multiposture,multiposture_304,33.0976,25.0897,4.0769,9.5808,10.0389,39.4925,HIGH
multiposture,multiposture_305,23.9518,25.6599,5.9463,10.3598,12.1964,43.8822,MEDIUM
multiposture,multiposture_306,25.7028,25.123,12.9717,15.7591,15.0778,42.2394,HIGH
multiposture,multiposture_307,27.5013,31.9964,5.5132,10.54,18.2034,67.2549,HIGH
multiposture,multiposture_308,25.634,31.6564,6.1794,9.404,18.9995,66.4444,HIGH
multiposture,multiposture_309,21.7371,31.7136,6.9769,8.4981,20.025,66.6397,HIGH
multiposture,multiposture_310,15.8891,33.0283,9.6583,11.0975,22.7299,65.9838,HIGH
multiposture,multiposture_311,18.0359,32.029,8.9742,8.7397,24.5262,66.7143,HIGH
multiposture,multiposture_312,17.3297,32.18,9.126,8.9895,24.8203,66.6441,HIGH
multiposture,multiposture_313,16.5201,32.3464,9.6134,9.0474,25.2119,67.2658,HIGH
multiposture,multiposture_314,16.7476,32.4077,8.4936,10.1186,25.4152,67.6748,HIGH
multiposture,multiposture_315,14.7035,32.3951,8.3236,8.837,25.2851,67.6673,HIGH
multiposture,multiposture_316,12.1608,32.5325,9.4127,9.0729,25.6156,67.3332,HIGH
multiposture,multiposture_317,13.27,32.6665,9.5847,8.6085,25.6925,68.1607,HIGH
multiposture,multiposture_318,13.5882,32.738,9.038,8.1386,25.7498,68.5539,HIGH
multiposture,multiposture_319,14.3482,32.5834,8.8796,9.6382,25.6117,68.4846,HIGH
multiposture,multiposture_320,15.1929,32.8609,8.4817,7.2708,24.9104,68.7243,HIGH
multiposture,multiposture_321,17.668,32.618,8.4074,7.5683,23.8152,68.4291,HIGH
multiposture,multiposture_322,16.5531,33.3618,9.4179,7.2832,23.7142,69.2037,HIGH
multiposture,multiposture_323,16.2562,33.3637,9.6367,7.2905,23.9122,68.7119,HIGH
multiposture,multiposture_324,14.3744,33.4896,9.691,7.4157,23.4263,68.5639,HIGH
multiposture,multiposture_325,14.3181,33.6082,9.7594,7.8297,23.7813,68.7767,HIGH
multiposture,multiposture_326,15.1704,33.649,10.4276,7.5084,25.2414,69.1098,HIGH
multiposture,multiposture_327,14.3327,33.8729,9.6425,8.1955,25.0047,68.9893,HIGH
multiposture,multiposture_328,13.2091,33.73,9.2933,8.839,25.1153,68.2703,HIGH
multiposture,multiposture_329,13.5876,33.8839,9.0124,8.4277,24.7842,68.7524,HIGH
multiposture,multiposture_330,11.0429,33.5138,8.972,8.1419,24.9359,68.099,HIGH
multiposture,multiposture_331,12.4361,33.2694,15.4174,10.5226,24.5621,68.3168,HIGH
multiposture,multiposture_332,13.0497,33.2129,14.5288,10.0811,24.6504,68.2385,HIGH
multiposture,multiposture_333,13.2464,33.3307,13.581,9.4485,24.6959,68.5471,HIGH
multiposture,multiposture_334,15.0088,33.3258,12.2364,9.1904,23.9322,68.9698,HIGH
multiposture,multiposture_335,13.6382,33.2649,11.4197,9.3309,24.5084,67.8218,HIGH
multiposture,multiposture_336,13.3947,33.5057,11.0163,9.1166,24.4503,67.9426,HIGH
multiposture,multiposture_337,6.4852,2.2945,12.4984,9.3956,14.4374,2.3272,MEDIUM
multiposture,multiposture_338,6.091,2.285,10.8335,8.8805,13.9824,2.474,MEDIUM
multiposture,multiposture_339,3.5115,2.279,10.0867,8.7567,13.4728,3.4865,MEDIUM
multiposture,multiposture_340,1.6503,2.284,10.0496,8.5412,13.4113,4.2389,MEDIUM
multiposture,multiposture_341,1.0622,2.3613,9.7466,8.426,13.3559,4.6477,MEDIUM
multiposture,multiposture_342,1.3269,2.425,11.4282,8.7675,13.1293,4.677,MEDIUM
multiposture,multiposture_343,1.5368,2.4995,13.7075,9.1322,14.6662,4.7606,MEDIUM
multiposture,multiposture_344,2.8569,2.6195,17.2981,9.4651,13.2772,4.4753,MEDIUM
multiposture,multiposture_345,1.4719,2.1497,15.7591,10.1365,14.0632,4.0185,MEDIUM
multiposture,multiposture_346,1.669,2.1821,14.6283,9.7658,14.2365,4.0096,MEDIUM
multiposture,multiposture_347,2.4208,2.1356,14.214,9.785,14.2513,3.6151,MEDIUM
multiposture,multiposture_348,2.5107,2.1306,13.7906,9.622,14.1971,3.5696,MEDIUM
multiposture,multiposture_349,1.8102,2.0234,49.6295,8.9356,6.3009,3.5997,MEDIUM
multiposture,multiposture_350,1.5087,2.0112,23.4297,8.9465,7.5681,3.674,MEDIUM
multiposture,multiposture_351,2.0673,2.1396,17.6225,9.0035,10.5691,3.7587,MEDIUM
multiposture,multiposture_352,2.2358,2.1645,15.4668,9.0565,10.9602,3.7517,MEDIUM
multiposture,multiposture_353,2.0356,2.1674,14.2815,9.0401,11.2986,3.8292,MEDIUM
multiposture,multiposture_354,1.3737,2.3711,16.0767,9.156,13.0277,4.5121,MEDIUM
multiposture,multiposture_355,6.7901,2.3534,14.0802,9.5904,17.0688,2.1565,HIGH
multiposture,multiposture_356,4.2677,1.1541,33.722,12.6803,11.0101,4.2162,MEDIUM
multiposture,multiposture_357,2.9973,1.301,32.0712,12.9781,12.0971,3.9596,MEDIUM
multiposture,multiposture_358,1.7606,1.3778,31.5135,12.744,12.0233,3.6551,MEDIUM
multiposture,multiposture_359,0.7817,1.3702,31.0638,12.7292,12.1229,3.2437,MEDIUM
multiposture,multiposture_360,0.5456,1.307,30.7896,12.7637,12.1641,3.0114,MEDIUM
multiposture,multiposture_361,0.0466,1.3377,30.4856,12.7931,12.0478,2.8334,MEDIUM
multiposture,multiposture_362,3.0189,1.1795,30.1884,12.6149,12.0364,1.3492,MEDIUM
multiposture,multiposture_363,2.6773,1.1318,30.0907,12.6456,11.8971,1.378,MEDIUM
multiposture,multiposture_364,1.9297,0.8828,17.189,13.3036,13.7344,1.1181,MEDIUM
multiposture,multiposture_365,1.6741,0.9168,21.9689,12.9463,14.4795,2.6468,MEDIUM
multiposture,multiposture_366,1.2925,0.8291,25.6261,13.1503,14.3139,2.3066,MEDIUM
multiposture,multiposture_367,1.7089,0.7616,26.7226,12.9692,13.5907,2.3324,MEDIUM
multiposture,multiposture_368,0.0668,0.7342,30.1658,12.1884,13.6114,1.5464,MEDIUM
multiposture,multiposture_369,5.7069,0.4728,29.3833,11.7694,13.2079,1.3062,MEDIUM
multiposture,multiposture_370,6.1625,0.619,28.9161,12.2516,12.8056,1.1549,MEDIUM
multiposture,multiposture_371,6.3187,0.7953,28.961,12.0656,12.6465,0.7886,MEDIUM
multiposture,multiposture_372,1.2433,0.1785,39.1149,12.2185,15.5137,0.0854,HIGH
multiposture,multiposture_373,5.3636,0.3061,29.2406,38.1677,15.076,2.3221,HIGH
multiposture,multiposture_374,3.2621,0.132,32.3173,23.8977,13.7034,1.3677,MEDIUM
multiposture,multiposture_375,1.9053,0.9727,33.697,10.515,14.8962,1.3769,MEDIUM
multiposture,multiposture_376,2.1546,0.9225,30.4623,10.4163,14.9045,1.1825,MEDIUM
multiposture,multiposture_377,1.9407,0.9468,29.2952,11.5368,14.6694,1.3061,MEDIUM
multiposture,multiposture_378,3.2872,0.6255,30.9301,13.0783,12.5793,0.1655,MEDIUM
multiposture,multiposture_379,2.6414,0.7522,29.8959,12.3456,12.9107,0.6683,MEDIUM
multiposture,multiposture_380,2.2632,0.5999,30.4829,12.5734,13.255,0.4422,MEDIUM
multiposture,multiposture_381,1.7487,0.6003,29.7387,12.4815,13.4577,0.6185,MEDIUM
multiposture,multiposture_382,5.5045,1.3652,14.692,8.9846,5.7836,5.5964,MEDIUM
multiposture,multiposture_383,6.1121,1.2145,15.3587,6.6902,7.8631,5.6228,MEDIUM
multiposture,multiposture_384,7.2677,1.4943,14.5749,5.8704,8.2901,6.602,MEDIUM
multiposture,multiposture_385,5.1542,1.5414,14.2651,4.4525,7.704,5.8914,MEDIUM
multiposture,multiposture_386,2.9827,1.5636,13.2368,3.7721,7.4097,4.8654,MEDIUM
multiposture,multiposture_387,2.6542,1.5567,13.2928,3.5597,7.9575,4.6295,MEDIUM
multiposture,multiposture_388,3.8537,1.3425,11.9157,1.7386,6.3188,4.7959,MEDIUM
multiposture,multiposture_389,2.7559,1.7203,12.6577,2.2867,3.7221,5.0225,LOW
multiposture,multiposture_390,3.9102,2.0317,13.7579,2.4978,4.0381,6.1739,LOW
multiposture,multiposture_391,4.7078,2.086,13.8521,5.2055,4.1268,6.6191,LOW
multiposture,multiposture_392,5.4227,1.952,14.0207,5.8174,8.1285,6.4414,MEDIUM
multiposture,multiposture_393,6.9174,1.5816,15.516,6.0144,9.2872,6.5651,MEDIUM
multiposture,multiposture_394,8.6197,1.2729,14.1026,5.3239,9.9245,6.7427,MEDIUM
multiposture,multiposture_395,9.2025,1.2707,14.0879,5.2615,10.0125,7.0251,MEDIUM
multiposture,multiposture_396,9.4213,1.2056,13.5877,5.0321,10.1178,6.9911,MEDIUM
multiposture,multiposture_397,9.2265,1.2077,13.3282,4.3082,10.6438,7.0587,MEDIUM
multiposture,multiposture_398,9.515,1.2067,13.1462,4.2284,10.5024,7.1063,MEDIUM
multiposture,multiposture_399,9.5998,1.2477,12.9321,3.7475,10.5094,7.2299,MEDIUM
multiposture,multiposture_400,9.631,1.2729,12.7102,3.7211,10.5601,7.2442,MEDIUM
multiposture,multiposture_401,8.3759,1.2012,12.1877,2.8785,10.4893,6.4482,MEDIUM
multiposture,multiposture_402,6.6419,1.1966,11.8473,2.9406,9.2893,5.6227,MEDIUM
multiposture,multiposture_403,1.3427,1.1549,11.8196,3.0427,8.5274,3.1445,MEDIUM
multiposture,multiposture_404,1.5797,1.1172,11.4364,2.9753,7.7006,1.7402,MEDIUM
multiposture,multiposture_405,2.6749,0.5395,8.5713,1.7072,11.5181,2.1927,MEDIUM
multiposture,multiposture_406,3.6391,0.573,0.4371,2.1184,13.8249,2.4772,MEDIUM
multiposture,multiposture_407,0.5536,0.5879,15.5011,2.4499,8.3364,1.5515,MEDIUM
multiposture,multiposture_408,0.8969,0.3654,16.0647,6.5997,7.1113,1.199,MEDIUM
multiposture,multiposture_409,0.6715,0.1253,14.2482,6.7871,9.9207,0.0275,MEDIUM
multiposture,multiposture_410,0.9883,0.0454,11.0459,7.1582,10.5092,0.3479,MEDIUM
multiposture,multiposture_411,2.3964,3.6507,36.4013,19.9288,9.5776,6.7951,MEDIUM
multiposture,multiposture_412,4.0229,3.1466,34.6826,18.9801,9.9392,5.1867,MEDIUM
multiposture,multiposture_413,4.2152,3.4651,33.3055,19.3744,9.8129,5.7563,MEDIUM
multiposture,multiposture_414,4.0137,3.4643,33.4621,19.1102,9.3411,5.8264,MEDIUM
multiposture,multiposture_415,3.4771,3.3956,33.1662,19.3723,9.1883,5.8898,MEDIUM
multiposture,multiposture_416,3.6252,3.6729,32.5552,19.2897,9.2538,6.4257,MEDIUM
multiposture,multiposture_417,3.8665,3.7169,32.8383,19.3166,9.2567,6.4192,MEDIUM
multiposture,multiposture_418,2.7279,3.7108,32.9454,19.4943,9.5541,6.8979,MEDIUM
multiposture,multiposture_419,2.7837,3.7454,33.0286,19.5514,9.4081,6.9518,MEDIUM
multiposture,multiposture_420,2.7957,3.7122,33.0256,19.6176,9.6029,6.8752,MEDIUM
multiposture,multiposture_421,2.3572,3.7148,33.0638,19.6529,9.7748,7.0701,MEDIUM
multiposture,multiposture_422,1.2453,3.683,32.6969,19.7217,9.8128,7.484,MEDIUM
multiposture,multiposture_423,0.691,3.6794,32.6131,19.8295,9.9217,7.6966,MEDIUM
multiposture,multiposture_424,0.144,3.6735,32.5443,19.8804,9.9092,7.9113,MEDIUM
multiposture,multiposture_425,0.3084,3.633,32.5356,19.9118,9.4411,7.951,MEDIUM
multiposture,multiposture_426,1.2644,3.6973,32.2663,20.091,9.0357,8.444,MEDIUM
multiposture,multiposture_427,8.9271,6.2805,12.7602,18.0043,23.043,9.9131,HIGH
multiposture,multiposture_428,10.6501,5.8457,0.5476,17.3083,23.2582,8.298,HIGH
multiposture,multiposture_429,11.3546,4.3939,4.6477,14.1909,25.9231,4.6602,HIGH
multiposture,multiposture_430,11.5003,4.6636,4.0663,13.8534,25.0725,5.2402,HIGH
multiposture,multiposture_431,10.7455,5.2767,2.9843,13.5226,24.5041,6.938,HIGH
multiposture,multiposture_432,11.114,6.0266,1.8837,13.7304,23.809,8.4103,HIGH
multiposture,multiposture_433,11.5474,6.3735,1.7873,13.7395,23.6024,9.0126,HIGH
multiposture,multiposture_434,1.5292,4.7054,4.0735,27.9622,21.3511,9.5348,HIGH
multiposture,multiposture_435,5.2445,2.5612,15.4679,123.1257,29.3969,3.4857,HIGH
multiposture,multiposture_436,8.8155,2.8841,17.0973,124.0213,33.5483,2.9591,HIGH
multiposture,multiposture_437,6.2093,3.2813,15.9397,77.7376,33.0478,4.7044,HIGH
multiposture,multiposture_438,7.4297,4.0423,12.0071,21.7099,29.4107,5.6956,HIGH
multiposture,multiposture_439,6.9713,4.5719,11.6709,12.5729,26.9533,6.9864,HIGH
multiposture,multiposture_440,7.8079,4.9495,11.3833,10.8071,25.264,7.4512,HIGH
multiposture,multiposture_441,9.5317,4.9048,10.9062,10.4539,23.8806,6.6326,HIGH
multiposture,multiposture_442,9.7531,4.8113,10.5808,10.4101,22.5311,6.3143,HIGH
multiposture,multiposture_443,10.312,4.9631,9.9031,10.0147,21.0821,6.4368,HIGH
multiposture,multiposture_444,10.8944,5.098,9.3109,9.5142,20.4294,6.4795,HIGH
multiposture,multiposture_445,11.067,5.1701,9.1018,9.4469,20.2478,6.5759,HIGH
multiposture,multiposture_446,11.6562,5.1827,9.2473,9.6883,19.5637,6.3151,HIGH
multiposture,multiposture_447,11.4861,5.1752,9.3393,8.704,19.1262,6.3265,HIGH
multiposture,multiposture_448,10.8459,5.0053,9.3127,8.6848,17.8507,6.1556,HIGH
multiposture,multiposture_449,9.673,4.7483,9.2241,8.3579,16.6772,6.1204,HIGH
multiposture,multiposture_450,9.1636,4.4409,9.5465,8.0699,15.1721,5.7,HIGH
multiposture,multiposture_451,8.0969,4.0947,9.896,7.7668,13.6623,5.4577,MEDIUM
multiposture,multiposture_452,7.7575,3.8266,9.977,7.403,12.9601,5.029,MEDIUM
multiposture,multiposture_453,7.9938,3.7851,10.1189,7.1368,13.4502,4.8387,MEDIUM
multiposture,multiposture_454,11.0717,3.7761,10.0302,7.23,13.4057,3.5545,MEDIUM
multiposture,multiposture_455,11.5257,3.9525,9.6937,7.352,14.1202,3.8899,MEDIUM
multiposture,multiposture_456,11.7398,3.9417,9.5419,7.4844,14.1408,3.8161,MEDIUM
multiposture,multiposture_457,9.8908,3.9684,9.6885,7.5394,14.5435,4.6396,MEDIUM
multiposture,multiposture_458,11.2566,3.9953,9.9188,1.1842,17.6753,3.9711,HIGH
multiposture,multiposture_459,19.7517,6.1845,26.3159,24.8167,13.7801,5.3701,MEDIUM
multiposture,multiposture_460,18.3812,6.5461,27.2142,23.8469,13.8839,6.6531,MEDIUM
multiposture,multiposture_461,8.7748,4.6556,11.0274,11.3769,22.1528,6.6152,HIGH
multiposture,multiposture_462,9.1016,4.6204,10.7599,11.2812,20.5952,6.4117,HIGH
multiposture,multiposture_463,9.0494,4.5711,10.8185,11.1038,19.5832,6.3303,HIGH
multiposture,multiposture_464,8.9222,4.5883,10.2822,11.1376,19.2393,6.4163,HIGH
multiposture,multiposture_465,9.1951,4.5995,9.8585,10.7453,18.8938,6.3371,HIGH
multiposture,multiposture_466,8.8468,4.5459,10.0467,10.9924,18.6281,6.3558,HIGH
multiposture,multiposture_467,9.5524,4.5928,9.1962,9.8136,18.6206,6.2157,HIGH
multiposture,multiposture_468,9.6978,4.8715,9.2247,10.6241,21.3729,6.6728,HIGH
multiposture,multiposture_469,11.4854,4.6565,9.5625,11.0117,20.6042,5.6641,HIGH
multiposture,multiposture_470,11.9867,4.7366,10.7314,11.0716,20.3945,5.681,HIGH
multiposture,multiposture_471,13.0294,4.9933,10.1187,10.9873,20.179,5.931,HIGH
multiposture,multiposture_472,11.4671,4.9861,17.997,15.2897,18.9143,6.4367,HIGH
multiposture,multiposture_473,11.7272,5.0928,20.0369,16.7964,18.9925,6.6172,HIGH
multiposture,multiposture_474,11.9341,5.2192,19.8401,16.4369,18.7313,6.7963,HIGH
multiposture,multiposture_475,13.6766,4.9687,24.7219,16.0655,15.3092,5.7278,HIGH
multiposture,multiposture_476,14.0082,5.1408,15.8393,11.6043,16.5562,5.9601,HIGH
multiposture,multiposture_477,14.1035,5.1535,12.2146,9.8249,17.2034,5.9591,HIGH
multiposture,multiposture_478,14.3539,5.1685,10.5944,9.3301,17.3508,5.9079,HIGH
multiposture,multiposture_479,14.6159,5.1524,9.9985,9.4145,17.9568,5.8307,HIGH
multiposture,multiposture_480,14.9677,5.2402,9.8567,9.4375,18.0167,5.8839,HIGH
multiposture,multiposture_481,15.267,5.2801,9.4667,9.3172,18.1254,5.8456,HIGH
multiposture,multiposture_482,7.6288,5.4067,9.5166,9.7472,18.6293,8.6808,HIGH
multiposture,multiposture_483,10.4807,5.4132,24.7265,10.1597,14.4376,7.8739,MEDIUM
multiposture,multiposture_484,12.9852,5.3821,22.0112,10.6206,15.3603,7.038,HIGH
multiposture,multiposture_485,13.7743,5.4134,17.6826,10.6758,16.0667,6.8486,HIGH
multiposture,multiposture_486,14.0379,5.3964,14.6785,10.5854,16.1782,6.7484,HIGH
multiposture,multiposture_487,14.3687,5.4095,13.7206,10.6138,16.2955,6.6795,HIGH
multiposture,multiposture_488,14.7984,5.393,10.8088,10.5634,16.6599,6.5125,HIGH
multiposture,multiposture_489,19.3004,5.2781,10.0793,9.0695,20.617,4.1029,HIGH
multiposture,multiposture_490,20.6202,5.1696,17.6288,9.7328,21.2164,3.2622,HIGH
multiposture,multiposture_491,18.082,5.4168,19.128,9.2733,23.0651,4.8031,HIGH
multiposture,multiposture_492,7.9277,5.0819,0.6997,8.5825,21.8677,7.8308,HIGH
multiposture,multiposture_493,5.7707,0.1025,32.6596,17.3227,10.9762,2.0095,MEDIUM
multiposture,multiposture_494,7.6238,0.7265,33.4872,16.6445,11.1127,1.2292,MEDIUM
multiposture,multiposture_495,9.2601,1.0263,33.5785,17.0894,10.9061,0.9779,MEDIUM
multiposture,multiposture_496,10.6228,1.2234,33.8571,16.8721,12.0475,0.6693,MEDIUM
multiposture,multiposture_497,8.0298,1.295,33.9307,16.9092,11.7095,0.24,MEDIUM
multiposture,multiposture_498,7.5957,1.3311,33.7709,16.689,11.4292,0.391,MEDIUM
multiposture,multiposture_499,7.4831,1.2881,33.9074,16.5938,11.0998,0.3171,MEDIUM
multiposture,multiposture_500,8.4717,1.2816,33.8342,16.3774,10.5315,0.1599,MEDIUM
multiposture,multiposture_501,10.2391,1.1354,32.111,38.1869,4.7179,1.4715,MEDIUM
multiposture,multiposture_502,9.7783,2.0093,30.0976,88.2041,14.151,0.9236,HIGH
multiposture,multiposture_503,5.9116,2.4779,29.6928,97.0167,19.2166,3.2795,HIGH
multiposture,multiposture_504,6.2161,2.6758,30.6316,96.1389,20.7852,3.5748,HIGH
multiposture,multiposture_505,7.5224,1.3438,32.507,28.4305,19.2667,0.1802,HIGH
multiposture,multiposture_506,7.2954,1.3434,32.6498,18.3294,18.1916,0.2588,HIGH
multiposture,multiposture_507,7.7017,1.4468,32.5386,17.0353,16.4882,0.2892,HIGH
multiposture,multiposture_508,7.6863,1.4569,32.4777,16.5927,15.8128,0.3179,HIGH
multiposture,multiposture_509,7.8287,1.4572,32.4734,16.0961,15.6166,0.2666,HIGH
multiposture,multiposture_510,7.8698,1.4973,32.5017,16.3493,14.9176,0.3124,MEDIUM
multiposture,multiposture_511,8.036,1.5291,32.3315,16.3973,14.9046,0.3251,MEDIUM
multiposture,multiposture_512,7.8773,1.535,32.2366,16.4597,14.7983,0.3956,MEDIUM
multiposture,multiposture_513,7.6823,1.5645,32.4022,16.3728,14.3514,0.5208,MEDIUM
multiposture,multiposture_514,6.0925,1.4224,32.6312,16.0905,13.1935,0.7819,MEDIUM
multiposture,multiposture_515,4.5809,1.6191,32.1847,15.4174,12.6476,1.7692,MEDIUM
multiposture,multiposture_516,4.6734,1.5934,31.9409,16.0259,11.8642,1.6859,MEDIUM
multiposture,multiposture_517,5.2876,1.6266,31.8363,16.2378,11.7874,1.5038,MEDIUM
multiposture,multiposture_518,6.0382,1.7557,32.3031,16.0204,12.0471,1.4722,MEDIUM
multiposture,multiposture_519,6.2102,1.7563,32.7093,16.0894,12.122,1.3941,MEDIUM
multiposture,multiposture_520,6.5176,1.7224,32.7198,16.1593,11.9838,1.2043,MEDIUM
multiposture,multiposture_521,6.9701,1.6853,32.6572,16.1167,11.973,0.9548,MEDIUM
multiposture,multiposture_522,2.9891,1.5433,32.2393,16.1446,10.9837,2.1474,MEDIUM
multiposture,multiposture_523,6.0185,2.7881,35.1542,18.0976,14.7606,3.4856,MEDIUM
multiposture,multiposture_524,6.3824,2.8203,33.446,17.9862,13.9549,3.6107,MEDIUM
multiposture,multiposture_525,7.2539,2.826,32.667,17.6746,13.4119,3.4241,MEDIUM
multiposture,multiposture_526,7.1863,2.8962,32.1639,17.5321,13.5493,3.6415,MEDIUM
multiposture,multiposture_527,7.0468,2.9391,31.8331,17.4443,13.4225,3.7952,MEDIUM
multiposture,multiposture_528,7.1702,2.9524,31.7241,17.3755,13.3354,3.8,MEDIUM
multiposture,multiposture_529,8.0517,3.0445,31.3875,17.2476,13.398,3.6782,MEDIUM
multiposture,multiposture_530,9.2318,3.0771,31.5798,17.2475,13.5888,3.3472,MEDIUM
multiposture,multiposture_531,9.8632,3.0973,31.4949,17.3727,13.7627,3.1841,MEDIUM
multiposture,multiposture_532,9.7424,3.1463,31.402,17.4352,13.7217,3.3271,MEDIUM
multiposture,multiposture_533,8.9565,3.2033,31.4589,17.5229,13.6664,3.7038,MEDIUM
multiposture,multiposture_534,7.0506,3.0765,31.1713,17.4335,12.938,4.1624,MEDIUM
multiposture,multiposture_535,5.0874,3.0722,31.2102,17.5021,12.791,4.7791,MEDIUM
multiposture,multiposture_536,4.1603,3.0046,52.1681,17.8782,9.0709,4.9317,MEDIUM
multiposture,multiposture_537,4.2205,2.9505,43.7921,20.1411,9.5988,4.8003,MEDIUM
multiposture,multiposture_538,7.9182,3.8183,49.7028,23.9563,12.6372,5.1979,MEDIUM
multiposture,multiposture_539,0.3141,4.047,42.3634,22.2053,14.9118,8.4928,MEDIUM
multiposture,multiposture_540,0.5176,4.0689,15.7891,12.3437,24.3064,8.9333,HIGH
multiposture,multiposture_541,9.7755,2.8839,18.0492,12.384,22.3649,2.2766,HIGH
multiposture,multiposture_542,10.124,2.7381,19.4479,7.1772,21.8435,1.8187,HIGH
multiposture,multiposture_543,9.0961,2.7532,19.6712,0.9703,23.0915,2.2646,HIGH
multiposture,multiposture_544,9.9223,2.9863,18.2359,2.8659,22.4667,2.4073,HIGH
multiposture,multiposture_545,10.4476,3.13,17.759,4.373,20.7736,2.4405,HIGH
multiposture,multiposture_546,10.6194,3.1433,17.555,6.3939,20.2616,2.3624,HIGH
multiposture,multiposture_547,11.8094,3.0271,17.5075,1.8498,19.8523,1.6253,HIGH
multiposture,multiposture_548,13.5688,3.2282,18.3819,3.1845,18.6741,1.4495,HIGH
multiposture,multiposture_549,13.5248,3.2682,18.6293,5.3227,19.4586,1.5682,HIGH
multiposture,multiposture_550,13.6266,3.2487,18.5314,5.1913,18.9524,1.4895,HIGH
multiposture,multiposture_551,24.3947,13.6722,13.9484,24.3861,21.6192,19.015,HIGH
multiposture,multiposture_552,18.0618,2.7919,2.2597,0.5535,12.231,0.8138,MEDIUM
multiposture,multiposture_553,17.234,2.4774,1.1855,0.8482,13.4613,0.9198,MEDIUM
multiposture,multiposture_554,17.8359,2.638,0.6516,1.0741,14.0153,0.9082,MEDIUM
multiposture,multiposture_555,18.0292,2.3676,0.3724,1.2961,14.0296,1.5575,MEDIUM
multiposture,multiposture_556,17.5492,2.2112,0.474,1.2135,14.0302,1.7393,MEDIUM
multiposture,multiposture_557,17.4721,2.1489,0.6452,1.0941,14.0207,1.8274,MEDIUM
multiposture,multiposture_558,16.7558,2.0995,0.8546,1.3377,14.2641,1.8994,MEDIUM
multiposture,multiposture_559,16.0067,2.2674,1.8785,1.0691,13.4074,1.2922,MEDIUM
multiposture,multiposture_560,16.8212,2.179,2.1537,1.1059,12.9437,1.7048,MEDIUM
multiposture,multiposture_561,17.3189,1.6616,2.4076,1.0935,13.5895,3.0673,MEDIUM
multiposture,multiposture_562,17.2586,1.6956,2.5666,1.4245,13.6686,2.9929,MEDIUM
multiposture,multiposture_563,17.8927,1.7365,3.3759,1.5048,13.2771,3.0625,MEDIUM
multiposture,multiposture_564,17.2254,1.5368,3.4579,0.7139,12.8147,3.2202,MEDIUM
multiposture,multiposture_565,15.7817,1.7072,3.253,0.6759,12.3084,2.2799,MEDIUM
multiposture,multiposture_566,12.447,1.8308,3.212,0.2747,12.2143,0.8146,MEDIUM
multiposture,multiposture_567,12.3641,1.8795,3.0739,0.2502,12.3639,0.7053,MEDIUM
multiposture,multiposture_568,12.2508,1.8709,3.0263,0.2223,11.8719,0.7047,MEDIUM
multiposture,multiposture_569,12.5943,1.8658,3.0383,0.4096,12.3831,0.7164,MEDIUM
multiposture,multiposture_570,12.9804,1.9189,2.9442,0.2952,12.621,0.7297,MEDIUM
multiposture,multiposture_571,13.6892,1.7939,2.5013,0.242,12.5066,1.115,MEDIUM
multiposture,multiposture_572,14.1889,1.7271,2.5349,0.1857,13.3809,1.5265,MEDIUM
multiposture,multiposture_573,19.9741,1.4951,2.8449,0.8844,13.1275,4.6481,MEDIUM
multiposture,multiposture_574,20.1256,1.4679,2.6659,0.977,13.0662,4.7899,MEDIUM
multiposture,multiposture_575,20.5618,1.544,2.6007,1.9481,13.1546,4.7186,MEDIUM
multiposture,multiposture_576,20.0578,1.1399,2.6233,2.1496,12.9917,5.3555,MEDIUM
multiposture,multiposture_577,19.977,1.2261,2.4408,2.4459,12.8959,5.1532,MEDIUM
multiposture,multiposture_578,18.7104,1.2626,2.4297,2.3696,12.7248,4.6666,MEDIUM
multiposture,multiposture_579,17.8362,1.2671,2.4262,1.9892,12.6007,4.3125,MEDIUM
multiposture,multiposture_580,18.0697,1.2415,2.8331,1.4396,12.8786,4.2644,MEDIUM
multiposture,multiposture_581,17.8136,1.2752,2.7623,1.4511,13.4566,4.0304,MEDIUM
multiposture,multiposture_582,9.663,2.2185,8.3095,4.4902,11.6988,0.142,MEDIUM
multiposture,multiposture_583,9.8426,2.2676,8.732,4.547,11.792,0.2272,MEDIUM
multiposture,multiposture_584,10.1491,2.2945,8.9479,4.7165,12.0341,0.2327,MEDIUM
multiposture,multiposture_585,10.471,2.3643,8.8373,4.7614,12.5473,0.293,MEDIUM
multiposture,multiposture_586,10.5877,2.3428,8.8065,4.6561,12.5653,0.2163,MEDIUM
multiposture,multiposture_587,10.8052,2.3474,8.6879,4.8552,12.613,0.2066,MEDIUM
multiposture,multiposture_588,10.8475,2.3681,8.871,4.8212,12.6295,0.2357,MEDIUM
multiposture,multiposture_589,11.2087,2.4891,9.0274,4.7855,12.5614,0.3375,MEDIUM
multiposture,multiposture_590,10.9821,2.5522,9.5262,4.8027,12.8526,0.5759,MEDIUM
multiposture,multiposture_591,10.9939,2.5687,9.4741,4.8466,12.6542,0.6282,MEDIUM
multiposture,multiposture_592,11.0194,2.6448,9.2541,4.6458,12.0498,0.7717,MEDIUM
multiposture,multiposture_593,10.9178,2.562,9.0426,4.9114,12.0619,0.637,MEDIUM
multiposture,multiposture_594,11.0483,2.6358,8.6444,4.9878,11.9928,0.7374,MEDIUM
multiposture,multiposture_595,11.0635,2.5826,8.4378,5.3545,12.0436,0.6198,MEDIUM
multiposture,multiposture_596,10.9705,2.4578,8.4971,5.5786,11.9918,0.3716,MEDIUM
multiposture,multiposture_597,11.1756,2.586,9.4166,4.9504,12.6175,0.5889,MEDIUM
multiposture,multiposture_598,11.1549,2.6068,9.3822,4.7321,12.2152,0.6381,MEDIUM
multiposture,multiposture_599,11.1008,2.6218,8.2459,5.3695,11.7978,0.6705,MEDIUM
multiposture,multiposture_600,10.8804,2.4744,8.1683,5.5765,11.9816,0.4199,MEDIUM
multiposture,multiposture_601,10.7853,2.4344,8.0414,5.7962,12.0714,0.3793,MEDIUM
multiposture,multiposture_602,10.1465,2.5287,7.9166,5.8488,12.1769,0.8562,MEDIUM
multiposture,multiposture_603,10.2918,2.4815,7.9171,5.7692,12.1572,0.6773,MEDIUM
multiposture,multiposture_604,10.2502,2.4778,7.9004,5.5918,11.7869,0.6713,MEDIUM
multiposture,multiposture_605,10.2287,2.4823,7.7466,5.0401,11.1989,0.6751,MEDIUM
multiposture,multiposture_606,10.1977,2.4891,7.7022,4.9483,10.7764,0.6901,MEDIUM
multiposture,multiposture_607,9.9148,2.4962,7.6549,4.7372,10.9032,0.8143,MEDIUM
multiposture,multiposture_608,9.7741,2.4589,7.8258,4.8203,11.1098,0.7958,MEDIUM
multiposture,multiposture_609,9.7055,2.4629,7.8382,4.7365,11.1684,0.8406,MEDIUM
multiposture,multiposture_610,9.7848,2.3753,8.0246,4.7423,11.2207,0.6137,MEDIUM
multiposture,multiposture_611,9.8966,2.4448,8.0709,5.0572,11.1624,0.7233,MEDIUM
multiposture,multiposture_612,10.1352,1.7694,25.765,12.2307,11.0614,0.6595,MEDIUM
multiposture,multiposture_613,9.9008,1.6522,25.9952,12.4708,10.699,0.7512,MEDIUM
multiposture,multiposture_614,9.8852,1.6868,26.3628,12.4433,10.7022,0.6216,MEDIUM
multiposture,multiposture_615,11.2595,2.1171,25.9484,12.5089,10.7514,0.2643,MEDIUM
multiposture,multiposture_616,9.3037,2.5503,23.9435,11.5132,12.5613,1.4285,MEDIUM
multiposture,multiposture_617,9.57,2.5504,23.9027,11.5901,12.4737,1.3267,MEDIUM
multiposture,multiposture_618,9.7707,2.5453,23.9309,11.5584,12.5111,1.2727,MEDIUM
multiposture,multiposture_619,10.4697,2.5425,24.0866,11.7512,12.5333,0.9969,MEDIUM
multiposture,multiposture_620,10.6112,2.5637,24.0059,11.9576,12.8063,1.0311,MEDIUM
multiposture,multiposture_621,10.2142,2.557,23.9702,11.981,12.8075,1.1934,MEDIUM
multiposture,multiposture_622,9.9368,2.4724,24.1043,11.8212,12.7591,1.1237,MEDIUM
multiposture,multiposture_623,9.7769,2.4847,24.058,11.728,12.8795,1.196,MEDIUM
multiposture,multiposture_624,9.3507,2.5228,23.9453,11.6919,12.8953,1.439,MEDIUM
multiposture,multiposture_625,9.3084,2.5168,23.9707,11.7343,12.9138,1.4301,MEDIUM
multiposture,multiposture_626,9.4122,2.5338,23.9986,11.6563,12.953,1.4057,MEDIUM
multiposture,multiposture_627,9.288,2.5485,24.0075,11.6647,12.9643,1.4879,MEDIUM
multiposture,multiposture_628,9.371,2.5385,23.9883,11.6478,12.9796,1.4208,MEDIUM
multiposture,multiposture_629,9.6732,2.499,24.0691,11.1354,12.967,1.1931,MEDIUM
multiposture,multiposture_630,21.0936,2.6067,22.1513,14.108,12.2898,3.0083,MEDIUM
multiposture,multiposture_631,14.8375,2.839,21.8042,14.3182,13.3216,0.1218,MEDIUM
multiposture,multiposture_632,14.0654,3.0973,21.5925,14.5793,14.3253,1.0166,MEDIUM
multiposture,multiposture_633,14.9232,3.2713,21.3315,14.8472,14.4336,1.1342,MEDIUM
multiposture,multiposture_634,13.3775,3.3565,21.2359,14.8083,14.5471,1.952,MEDIUM
multiposture,multiposture_635,14.3508,3.3574,20.7398,14.7469,14.4897,1.5719,MEDIUM
multiposture,multiposture_636,14.0844,3.4007,20.6152,14.6959,14.4656,1.7618,MEDIUM
multiposture,multiposture_637,15.0537,3.4657,20.622,14.6471,14.388,1.5227,MEDIUM
multiposture,multiposture_638,15.6132,3.5432,20.6244,14.6633,14.3035,1.4703,MEDIUM
multiposture,multiposture_639,16.2322,3.6045,20.5123,14.7881,14.2676,1.3788,MEDIUM
multiposture,multiposture_640,16.6534,3.6051,20.4578,14.7642,14.2105,1.1951,MEDIUM
multiposture,multiposture_641,16.8976,3.6224,20.1681,14.7853,14.1475,1.1413,MEDIUM
multiposture,multiposture_642,17.1614,3.6469,20.1183,14.797,14.0182,1.0915,MEDIUM
multiposture,multiposture_643,17.5676,3.6915,19.9995,14.8795,13.8937,1.0459,MEDIUM
multiposture,multiposture_644,17.56,3.7416,19.8631,14.9539,13.8921,1.0697,MEDIUM
multiposture,multiposture_645,17.7156,3.7686,19.7864,14.954,13.8695,1.0658,MEDIUM
multiposture,multiposture_646,17.6962,3.7793,19.7673,14.8011,13.9475,1.0421,MEDIUM
multiposture,multiposture_647,18.0094,3.8628,19.8144,14.5401,13.9521,1.0987,MEDIUM
multiposture,multiposture_648,18.0798,3.8688,19.8766,14.5499,13.9215,1.0854,MEDIUM
multiposture,multiposture_649,18.6134,3.955,19.8607,14.3372,13.8955,1.1004,MEDIUM
multiposture,multiposture_650,23.0828,3.9399,19.8444,14.2659,13.5961,0.9131,MEDIUM
multiposture,multiposture_651,23.0193,3.9006,19.8112,14.2319,13.3755,0.8696,MEDIUM
multiposture,multiposture_652,22.1694,3.861,19.7917,14.372,13.3274,0.505,MEDIUM
multiposture,multiposture_653,19.8981,3.8694,19.6761,14.4357,13.4899,0.5126,MEDIUM
multiposture,multiposture_654,19.7222,3.8602,19.7976,14.3068,13.3542,0.5405,MEDIUM
multiposture,multiposture_655,19.5313,3.8683,19.787,14.2925,13.3477,0.6478,MEDIUM
multiposture,multiposture_656,19.4744,3.8579,19.7842,14.4112,13.4185,0.6589,MEDIUM
multiposture,multiposture_657,19.529,3.8356,19.7087,14.5081,13.4315,0.587,MEDIUM
multiposture,multiposture_658,19.4407,3.8281,19.7229,14.6459,13.387,0.6074,MEDIUM
multiposture,multiposture_659,20.4977,2.9765,5.1656,2.3473,11.3208,2.5738,MEDIUM
multiposture,multiposture_660,23.3223,2.86,0.9966,1.1858,13.9866,4.0725,MEDIUM
multiposture,multiposture_661,21.4697,3.4242,16.2866,0.6079,16.8183,1.8162,HIGH
multiposture,multiposture_662,21.8556,3.7102,14.8685,1.5446,20.117,1.1104,HIGH
multiposture,multiposture_663,27.5147,2.9713,4.9082,2.2556,17.6206,5.7516,HIGH
multiposture,multiposture_664,25.693,3.0025,0.7126,2.1082,16.1168,5.6266,HIGH
multiposture,multiposture_665,24.0961,2.6934,1.6902,1.7999,15.0466,5.8058,HIGH
multiposture,multiposture_666,23.8242,2.7695,3.4368,1.6628,14.0676,5.6307,MEDIUM
multiposture,multiposture_667,23.2146,2.7742,3.9783,1.7168,13.5006,5.4075,MEDIUM
multiposture,multiposture_668,23.0113,2.7942,3.9432,1.7282,12.9989,5.2692,MEDIUM
multiposture,multiposture_669,23.5645,2.9183,4.001,1.7301,12.7939,4.9272,MEDIUM
multiposture,multiposture_670,23.0443,3.0477,4.1094,1.7462,12.8256,4.208,MEDIUM
multiposture,multiposture_671,22.5124,2.8643,3.9204,2.0306,13.032,4.1724,MEDIUM
multiposture,multiposture_672,22.7537,2.8745,3.9951,2.1359,12.853,4.0837,MEDIUM
multiposture,multiposture_673,22.9394,2.7992,3.9411,2.0895,12.5156,4.0859,MEDIUM
multiposture,multiposture_674,22.4991,2.6864,3.9932,2.1052,12.4489,4.0798,MEDIUM
multiposture,multiposture_675,22.7917,2.6757,4.2847,2.0319,11.9742,4.0936,MEDIUM
multiposture,multiposture_676,23.2125,2.7209,4.1651,2.0272,11.6415,4.0406,MEDIUM
multiposture,multiposture_677,23.1213,2.7192,3.1083,1.969,11.7111,3.9931,MEDIUM
multiposture,multiposture_678,23.1309,2.7829,2.9927,1.9711,11.5614,3.7652,MEDIUM
multiposture,multiposture_679,21.7118,2.8547,2.8685,1.9974,11.682,2.9833,MEDIUM
multiposture,multiposture_680,21.4389,2.8609,2.7973,1.9958,11.7571,2.8125,MEDIUM
multiposture,multiposture_681,20.9123,2.8792,3.1424,2.0632,11.5813,2.5461,MEDIUM
multiposture,multiposture_682,20.8707,2.9816,3.4592,2.0882,11.7315,2.2964,MEDIUM
multiposture,multiposture_683,20.6076,2.9539,3.281,2.0736,11.8169,2.2766,MEDIUM
multiposture,multiposture_684,20.148,3.0237,3.2044,2.0697,11.746,1.8966,MEDIUM
multiposture,multiposture_685,20.0993,3.0295,3.1127,2.0609,11.7972,1.8909,MEDIUM
multiposture,multiposture_686,20.1246,2.9832,3.1069,2.0654,11.9268,1.884,MEDIUM
multiposture,multiposture_687,20.1478,2.9757,3.1603,2.3624,12.4379,1.8059,MEDIUM
multiposture,multiposture_688,21.0927,2.9423,3.1755,2.4996,11.9327,2.4551,MEDIUM
multiposture,multiposture_689,3.0918,3.4995,24.4633,19.4039,11.0017,6.2439,MEDIUM
multiposture,multiposture_690,10.2617,4.7511,21.6769,19.1849,11.4429,6.3618,MEDIUM
multiposture,multiposture_691,17.9964,11.0846,17.0468,21.2105,14.7054,16.6948,MEDIUM
multiposture,multiposture_692,23.2867,13.0145,13.9676,23.284,17.9669,18.4329,HIGH
multiposture,multiposture_693,22.6097,13.6732,13.5919,23.1128,18.8796,20.1745,HIGH
multiposture,multiposture_694,47.2094,26.5918,16.7835,19.5681,31.2695,38.537,HIGH
multiposture,multiposture_695,45.3184,26.8003,16.3028,19.9417,33.8133,39.5383,HIGH
multiposture,multiposture_696,42.7789,26.8128,15.1495,20.2846,35.3655,40.2425,HIGH
multiposture,multiposture_697,43.0433,26.8298,15.0365,20.2475,36.0081,40.2442,HIGH
multiposture,multiposture_698,42.6012,26.7995,14.5896,20.1345,36.6166,40.3063,HIGH
multiposture,multiposture_699,42.3664,26.7476,14.3769,20.3908,37.884,40.3898,HIGH
multiposture,multiposture_700,43.2834,26.7554,14.3412,20.4785,38.3004,40.2475,HIGH
multiposture,multiposture_701,43.6596,26.7635,14.1131,20.1766,38.9551,40.0604,HIGH
multiposture,multiposture_702,43.3877,26.7697,13.4868,20.1855,39.1621,40.1149,HIGH
multiposture,multiposture_703,47.0226,26.0404,12.101,13.9677,36.2995,37.3902,HIGH
multiposture,multiposture_704,47.5786,25.9784,11.6985,10.7321,34.6541,37.1659,HIGH
multiposture,multiposture_705,47.8051,26.1017,12.1887,13.2793,35.9044,37.3169,HIGH
multiposture,multiposture_706,49.8238,26.6101,12.5973,15.9248,37.4303,37.7542,HIGH
multiposture,multiposture_707,49.7574,26.9054,12.807,16.7329,39.3213,38.1806,HIGH
multiposture,multiposture_708,49.4626,26.9262,12.7554,17.0015,39.8896,38.2823,HIGH
multiposture,multiposture_709,44.5866,26.9813,12.6773,17.379,40.1683,39.9338,HIGH
multiposture,multiposture_710,41.4483,27.1309,12.7761,17.6665,40.0202,41.1971,HIGH
multiposture,multiposture_711,41.1124,27.1346,12.9506,17.927,40.1059,41.0766,HIGH
multiposture,multiposture_712,43.2137,27.3765,13.1129,18.4319,39.9655,40.7773,HIGH
multiposture,multiposture_713,44.6015,27.5234,13.0962,18.9328,40.222,40.5013,HIGH
multiposture,multiposture_714,45.4305,27.5256,13.2042,19.4851,41.041,40.1392,HIGH
multiposture,multiposture_715,46.5132,27.6935,13.2951,19.8037,40.9603,40.0749,HIGH
multiposture,multiposture_716,45.9157,27.7053,13.2346,20.3565,40.9585,40.2651,HIGH
multiposture,multiposture_717,46.2387,27.9855,13.2581,20.3936,41.4711,40.7093,HIGH
multiposture,multiposture_718,43.31,27.9183,13.12,21.0669,41.2291,41.5869,HIGH
multiposture,multiposture_719,44.3374,27.9026,12.9224,20.9704,40.5633,41.1446,HIGH
multiposture,multiposture_720,46.6077,27.8581,12.6992,21.0957,40.3281,40.1378,HIGH
multiposture,multiposture_721,46.9266,27.8008,11.9602,21.0445,40.0618,39.9788,HIGH
multiposture,multiposture_722,51.659,27.7186,11.5757,20.3016,40.154,37.7844,HIGH
multiposture,multiposture_723,53.1635,27.6019,11.0435,20.0773,40.0583,36.8662,HIGH
multiposture,multiposture_724,17.9958,22.0907,16.0062,8.5476,1.6827,39.1995,MEDIUM
multiposture,multiposture_725,13.0452,23.2001,16.9827,9.2512,0.1697,43.3091,MEDIUM
multiposture,multiposture_726,12.1743,23.5845,17.0312,10.0623,1.6891,44.3668,MEDIUM
multiposture,multiposture_727,14.2374,24.0162,17.1512,11.0582,2.4753,44.4939,MEDIUM
multiposture,multiposture_728,13.2833,24.2935,17.4116,11.4044,3.0974,45.4684,MEDIUM
multiposture,multiposture_729,13.5214,24.5453,17.8267,11.7848,3.5066,45.9145,MEDIUM
multiposture,multiposture_730,12.6135,24.6934,17.9183,11.8104,3.9063,46.5746,MEDIUM
multiposture,multiposture_731,12.8118,24.9205,17.8271,12.0602,4.7194,46.9862,MEDIUM
multiposture,multiposture_732,13.6569,25.403,18.9358,12.4244,4.8262,47.5823,MEDIUM
multiposture,multiposture_733,14.3499,25.6618,19.5232,12.4892,5.3607,47.8009,MEDIUM
multiposture,multiposture_734,14.2384,25.576,20.0128,12.2067,5.5849,47.656,MEDIUM
multiposture,multiposture_735,13.8727,25.758,20.0791,12.3851,5.6912,48.1531,MEDIUM
multiposture,multiposture_736,13.4601,25.7907,19.6006,12.384,6.0615,48.3219,MEDIUM
multiposture,multiposture_737,12.0031,25.7754,20.2566,11.2806,6.0493,48.8876,MEDIUM
multiposture,multiposture_738,12.1249,26.0441,20.2773,11.6163,6.6739,49.354,MEDIUM
multiposture,multiposture_739,11.6553,25.935,20.0939,11.7596,7.0513,49.3258,MEDIUM
multiposture,multiposture_740,10.7632,25.9485,20.2196,11.8527,7.309,49.6399,MEDIUM
multiposture,multiposture_741,9.6981,25.987,20.4027,12.0873,7.1798,50.0947,MEDIUM
multiposture,multiposture_742,8.9884,25.8285,20.2979,11.9883,7.2055,50.0488,MEDIUM
multiposture,multiposture_743,9.1054,25.8844,20.2007,11.8309,7.095,50.0863,MEDIUM
multiposture,multiposture_744,8.8877,25.9215,20.2595,11.1696,7.2112,50.1621,MEDIUM
multiposture,multiposture_745,7.4112,26.4117,20.7069,10.2512,6.8519,51.6452,MEDIUM
multiposture,multiposture_746,6.9846,26.5987,21.7852,10.1203,7.0451,51.9807,MEDIUM
multiposture,multiposture_747,8.555,26.8562,22.3557,10.6975,7.3514,51.8746,MEDIUM
multiposture,multiposture_748,9.5191,27.037,23.0645,11.2621,7.7231,51.9431,MEDIUM
multiposture,multiposture_749,9.0425,27.0765,22.8692,11.539,7.7553,52.2012,MEDIUM
multiposture,multiposture_750,10.4764,27.5107,23.1522,11.9751,7.4546,52.4998,MEDIUM
multiposture,multiposture_751,10.5753,27.8391,23.5162,12.573,7.7276,53.0892,MEDIUM
multiposture,multiposture_752,10.997,28.0386,23.3003,12.9412,8.0853,53.4269,MEDIUM
multiposture,multiposture_753,11.1921,28.1073,23.5043,13.0864,8.091,53.529,MEDIUM
multiposture,multiposture_754,9.8591,2.9509,16.8333,6.9928,19.5657,2.2407,HIGH
multiposture,multiposture_755,10.736,3.2839,16.2769,7.357,19.6009,2.6289,HIGH
multiposture,multiposture_756,13.8123,3.2595,18.0178,5.1715,18.4326,1.5229,HIGH
multiposture,multiposture_757,13.4176,3.1543,17.7596,5.2176,18.7927,1.4795,HIGH
multiposture,multiposture_758,13.2456,3.111,17.6999,5.1232,18.3749,1.512,HIGH
multiposture,multiposture_759,12.5088,2.8193,17.078,4.9897,18.2209,1.1826,HIGH
multiposture,multiposture_760,12.0456,2.736,17.0497,4.6932,18.625,1.1896,HIGH
multiposture,multiposture_761,11.2313,2.5955,17.266,4.5285,18.5396,1.1243,HIGH
multiposture,multiposture_762,10.3271,2.6727,17.1121,4.4944,18.1976,1.6151,HIGH
multiposture,multiposture_763,5.6652,2.7121,16.4336,4.9269,19.748,3.5672,HIGH
multiposture,multiposture_764,5.5188,2.6953,16.3396,4.798,19.869,3.5777,HIGH
multiposture,multiposture_765,5.6573,2.7444,16.239,5.5967,19.9115,3.6232,HIGH
multiposture,multiposture_766,5.6154,2.7465,16.2167,5.6903,19.8411,3.64,HIGH
multiposture,multiposture_767,5.3479,2.7281,15.7617,5.6855,20.0092,3.7075,HIGH
multiposture,multiposture_768,6.0655,2.4512,16.0595,5.7717,20.2534,2.8413,HIGH
multiposture,multiposture_769,0.325,4.0373,15.7194,12.3143,24.2987,8.7884,HIGH
multiposture,multiposture_770,0.2955,3.7475,15.7378,11.7009,23.857,7.9089,HIGH
multiposture,multiposture_771,1.0804,3.6866,15.697,11.5912,23.0565,7.4742,HIGH
multiposture,multiposture_772,13.7137,3.2279,18.0121,5.1697,18.8088,1.4804,HIGH
multiposture,multiposture_773,8.5832,2.2609,27.221,11.4705,11.6463,0.8702,MEDIUM
multiposture,multiposture_774,9.1308,2.1612,26.5102,11.6224,11.661,0.4159,MEDIUM
multiposture,multiposture_775,9.225,2.1662,26.426,11.6221,11.5791,0.4197,MEDIUM
multiposture,multiposture_776,9.4295,2.1808,26.2925,11.6503,11.6,0.417,MEDIUM
multiposture,multiposture_777,9.5431,2.2468,26.2552,11.5542,11.594,0.5313,MEDIUM
multiposture,multiposture_778,9.917,2.1891,26.0353,11.958,11.6107,0.2775,MEDIUM
multiposture,multiposture_779,10.3771,2.1061,25.8982,11.9654,11.5467,0.1046,MEDIUM
multiposture,multiposture_780,10.8947,2.0702,25.8021,11.9696,11.2261,0.3889,MEDIUM
multiposture,multiposture_781,10.0125,1.6436,25.8231,12.1605,10.9295,0.8567,MEDIUM
multiposture,multiposture_782,9.9213,1.6624,26.0239,12.1666,10.6983,0.7536,MEDIUM
multiposture,multiposture_783,10.5396,1.6241,26.1277,12.6384,10.755,1.0211,MEDIUM
multiposture,multiposture_784,9.8388,1.5574,26.3904,12.1835,11.0009,0.9466,MEDIUM
multiposture,multiposture_785,9.243,1.6363,26.2972,12.0861,11.177,0.5574,MEDIUM
multiposture,multiposture_786,8.8943,1.6401,26.4303,12.0868,12.2572,0.4061,MEDIUM
multiposture,multiposture_787,4.9374,2.1843,26.7604,11.4817,13.6751,2.5914,MEDIUM
multiposture,multiposture_788,5.1524,2.2345,26.6337,11.5357,14.0008,2.5992,MEDIUM
multiposture,multiposture_789,5.2638,2.2092,26.1686,11.506,14.2212,2.5011,MEDIUM
multiposture,multiposture_790,5.372,2.2147,26.1875,11.3769,14.4353,2.4823,MEDIUM
multiposture,multiposture_791,9.735,2.1877,25.8053,11.3769,14.2143,0.596,MEDIUM
multiposture,multiposture_792,9.3848,2.188,25.8218,11.5132,14.1329,0.7656,MEDIUM
multiposture,multiposture_793,8.873,2.186,25.8881,11.589,14.0322,0.9267,MEDIUM
multiposture,multiposture_794,8.8694,2.2188,25.7645,11.6249,13.9919,0.9974,MEDIUM
multiposture,multiposture_795,8.8053,2.2042,25.7679,11.7088,14.0662,0.991,MEDIUM
multiposture,multiposture_796,8.8458,2.23,25.9725,11.7639,13.9724,1.0402,MEDIUM
multiposture,multiposture_797,8.7318,2.206,26.1734,11.973,13.8759,1.036,MEDIUM
multiposture,multiposture_798,8.9195,2.2117,26.0852,12.2433,13.5944,0.9894,MEDIUM
multiposture,multiposture_799,11.1285,2.7429,18.0264,13.8451,15.8047,0.4955,HIGH
multiposture,multiposture_800,10.077,2.2089,18.3199,14.913,16.4287,0.0481,HIGH
multiposture,multiposture_801,9.9356,1.8045,18.701,16.1223,16.4943,0.8212,HIGH
multiposture,multiposture_802,10.1784,1.7795,18.6653,16.8416,16.6699,0.9469,HIGH
multiposture,multiposture_803,10.2357,1.4708,18.9614,16.9765,16.8925,1.6209,HIGH
multiposture,multiposture_804,10.4548,1.2911,19.0418,17.1922,17.1235,2.0388,HIGH
multiposture,multiposture_805,10.3001,1.2914,18.8351,17.0302,17.1696,1.9556,HIGH
multiposture,multiposture_806,10.5177,0.8975,19.2655,17.1445,17.1798,2.9203,HIGH
multiposture,multiposture_807,10.37,0.8162,19.3037,16.7807,17.035,2.99,HIGH
multiposture,multiposture_808,10.2687,0.7451,19.3949,16.4931,16.5202,3.0445,HIGH
multiposture,multiposture_809,10.0535,0.6193,19.682,16.3881,16.4283,3.2277,HIGH
multiposture,multiposture_810,10.0084,0.6099,19.7679,16.3177,16.3934,3.2048,HIGH
multiposture,multiposture_811,9.0473,0.4603,18.5168,16.1181,15.8312,3.0739,HIGH
multiposture,multiposture_812,9.9549,0.7535,18.1077,15.8597,15.7116,2.7689,HIGH
multiposture,multiposture_813,10.2091,0.7565,18.0623,15.8092,15.8253,2.8464,HIGH
multiposture,multiposture_814,9.8832,0.7575,17.9193,15.822,16.0876,2.6718,HIGH
multiposture,multiposture_815,9.9179,0.6685,18.075,15.7101,16.0525,2.8774,HIGH
multiposture,multiposture_816,9.7046,0.7143,19.0472,15.671,15.8275,2.6799,HIGH
multiposture,multiposture_817,9.4077,0.5551,19.368,15.7825,15.9737,2.8913,HIGH
multiposture,multiposture_818,9.4798,0.587,19.2406,15.6944,15.8152,2.835,HIGH
multiposture,multiposture_819,9.831,0.6888,19.6345,15.7299,15.9329,2.7693,HIGH
multiposture,multiposture_820,9.9155,0.5071,19.7285,15.7967,16.1056,3.2212,HIGH
multiposture,multiposture_821,9.9852,0.5276,19.7418,15.7278,15.8396,3.1869,HIGH
multiposture,multiposture_822,10.4894,0.6773,19.5842,15.8551,15.7611,3.0419,HIGH
multiposture,multiposture_823,10.5155,0.604,19.4822,16.025,15.8715,3.2275,HIGH
multiposture,multiposture_824,10.3712,0.4422,19.7165,15.7995,15.5832,3.5335,HIGH
multiposture,multiposture_825,9.9808,0.513,19.4849,15.4598,15.4571,3.2101,HIGH
multiposture,multiposture_826,10.1683,0.5432,19.5203,15.6595,15.4664,3.2054,HIGH
multiposture,multiposture_827,9.897,0.5747,19.3931,15.8098,15.8403,3.0284,HIGH
multiposture,multiposture_828,10.3451,0.5297,19.3441,15.7553,15.7331,3.3047,HIGH
multiposture,multiposture_829,11.0622,4.959,3.7242,10.7677,15.0317,5.8314,HIGH
multiposture,multiposture_830,14.1145,4.3615,4.1701,13.861,15.1096,3.1292,HIGH
multiposture,multiposture_831,14.0476,4.2599,3.1024,13.8233,15.6372,2.966,HIGH
multiposture,multiposture_832,14.3752,4.1762,3.0734,13.7895,15.4996,2.6968,HIGH
multiposture,multiposture_833,14.4806,4.1962,3.1234,14.0255,15.9509,2.7695,HIGH
multiposture,multiposture_834,14.2378,4.1177,3.4972,14.0404,15.8156,2.7558,HIGH
multiposture,multiposture_835,13.0537,3.6947,3.4508,14.1821,16.1523,2.3542,HIGH
multiposture,multiposture_836,12.9997,3.713,3.3673,14.0452,16.2627,2.3947,HIGH
multiposture,multiposture_837,13.2158,3.7074,3.4617,14.079,16.2826,2.335,HIGH
multiposture,multiposture_838,14.0236,3.6566,3.5518,14.3886,16.2542,1.9179,HIGH
multiposture,multiposture_839,14.2161,3.8421,3.3711,14.1964,15.9292,2.1883,HIGH
multiposture,multiposture_840,15.1182,3.6885,4.0605,14.3539,15.5348,1.44,HIGH
multiposture,multiposture_841,15.1241,3.688,3.1757,14.1169,15.5491,1.4454,HIGH
multiposture,multiposture_842,15.7445,3.9395,2.7657,13.8626,15.8237,1.6358,HIGH
multiposture,multiposture_843,16.1632,3.9945,3.9366,14.0194,15.8891,1.6448,HIGH
multiposture,multiposture_844,16.1666,3.9882,3.8884,14.0911,16.015,1.6503,HIGH
multiposture,multiposture_845,15.8529,3.7782,4.1093,13.8751,15.7802,1.2909,HIGH
multiposture,multiposture_846,15.7571,3.7519,4.0911,13.7687,15.7865,1.2748,HIGH
multiposture,multiposture_847,15.8806,3.8165,4.2617,13.5942,15.7896,1.3725,HIGH
multiposture,multiposture_848,16.0068,3.8033,4.2408,13.5928,15.4913,1.3594,HIGH
multiposture,multiposture_849,15.8393,3.9887,3.9492,13.6926,15.6799,1.8186,HIGH
multiposture,multiposture_850,15.8238,3.7166,3.8282,13.6151,15.5553,1.229,HIGH
multiposture,multiposture_851,15.6287,3.733,3.697,13.5789,15.6336,1.3753,HIGH
multiposture,multiposture_852,15.5277,3.8642,3.7412,13.6214,15.4968,1.7205,HIGH
multiposture,multiposture_853,15.507,3.8401,4.4775,13.6984,15.9475,1.6885,HIGH
multiposture,multiposture_854,15.5807,3.8433,4.4693,13.6779,15.9562,1.6535,HIGH
multiposture,multiposture_855,15.6435,3.7477,4.4561,13.8634,15.8742,1.4178,HIGH
multiposture,multiposture_856,16.0509,3.9072,3.9688,13.8127,15.8026,1.5888,HIGH
multiposture,multiposture_857,16.0043,3.8427,3.9305,14.3444,15.8334,1.4701,HIGH
multiposture,multiposture_858,15.8208,3.9299,3.8881,14.1668,16.0183,1.7554,HIGH
multiposture,multiposture_859,10.2757,4.0663,22.0054,13.2188,10.7461,4.6853,MEDIUM
multiposture,multiposture_860,13.3145,3.2512,19.8956,15.8683,12.1871,1.6578,MEDIUM
multiposture,multiposture_861,13.8099,3.1391,19.0224,15.5215,12.853,1.1639,MEDIUM
multiposture,multiposture_862,12.6152,2.925,18.5899,15.4181,13.3186,1.0633,MEDIUM
multiposture,multiposture_863,12.4262,2.9737,18.1943,15.4995,13.6312,1.1771,MEDIUM
multiposture,multiposture_864,16.7743,2.9179,18.5366,15.5246,14.1235,0.7688,MEDIUM
multiposture,multiposture_865,16.8148,3.0295,18.8638,16.0161,14.4296,0.5276,MEDIUM
multiposture,multiposture_866,16.6263,3.0554,18.8982,16.2533,14.5204,0.404,MEDIUM
multiposture,multiposture_867,15.9858,2.9569,18.6683,16.7504,14.7817,0.3621,MEDIUM
multiposture,multiposture_868,16.2474,3.1858,18.6105,17.0433,15.0042,0.049,HIGH
multiposture,multiposture_869,15.0959,3.1457,18.556,17.4259,15.3551,0.3283,HIGH
multiposture,multiposture_870,14.0988,3.2716,18.3021,17.3873,15.1085,1.0189,HIGH
multiposture,multiposture_871,13.3796,3.3026,18.8337,17.2721,15.146,1.3924,HIGH
multiposture,multiposture_872,12.7103,3.2961,18.8121,17.4379,15.2869,1.6874,HIGH
multiposture,multiposture_873,12.3836,3.2736,18.7076,17.4051,15.7642,1.7583,HIGH
multiposture,multiposture_874,12.3903,3.3092,18.6692,17.4793,15.5876,1.8398,HIGH
multiposture,multiposture_875,12.5017,3.4498,18.4535,17.2947,15.6923,2.1608,HIGH
multiposture,multiposture_876,12.5489,3.4606,18.8091,17.3786,15.6538,2.1645,HIGH
multiposture,multiposture_877,12.7025,3.4484,18.8873,17.0688,15.3104,2.107,HIGH
multiposture,multiposture_878,13.5158,3.2239,18.4119,16.6112,15.3283,1.2962,HIGH
multiposture,multiposture_879,13.6325,3.2078,18.2953,16.5182,15.1348,1.2264,HIGH
multiposture,multiposture_880,13.1094,3.0954,18.469,16.3902,15.1322,1.2372,HIGH
multiposture,multiposture_881,13.1507,3.1622,18.2971,15.9841,14.9802,1.3931,MEDIUM
multiposture,multiposture_882,12.1825,3.1846,18.4044,15.5632,15.1912,1.8482,HIGH
multiposture,multiposture_883,11.389,3.2814,18.8428,15.2568,15.7215,2.3767,HIGH
multiposture,multiposture_884,11.1732,3.2381,19.0127,15.1912,15.8834,2.3725,HIGH
multiposture,multiposture_885,10.581,2.9787,18.8055,15.2932,15.6155,2.0664,HIGH
multiposture,multiposture_886,10.3785,2.9746,18.8529,15.1896,15.6041,2.1431,HIGH
multiposture,multiposture_887,10.3823,2.9579,18.8565,15.0771,15.5645,2.1052,HIGH
multiposture,multiposture_888,10.5573,2.9523,18.7524,15.0552,14.8894,2.0624,MEDIUM
multiposture,multiposture_889,21.3381,4.4902,15.2814,6.0883,14.0578,1.7706,MEDIUM
multiposture,multiposture_890,18.9438,4.4158,15.2762,6.2556,14.436,2.059,MEDIUM
multiposture,multiposture_891,17.4081,4.532,15.0555,5.3429,15.0531,2.7562,HIGH
multiposture,multiposture_892,16.2072,4.4773,15.0654,4.3418,15.2782,2.9676,HIGH
multiposture,multiposture_893,15.1991,4.4391,15.3175,4.0512,15.3502,3.1669,HIGH
multiposture,multiposture_894,14.5449,4.3551,15.336,4.0831,15.4262,3.1698,HIGH
multiposture,multiposture_895,13.8422,4.187,15.7442,3.9989,15.5271,3.1231,HIGH
multiposture,multiposture_896,13.5984,4.1188,15.8494,3.737,15.5485,3.0484,HIGH
multiposture,multiposture_897,13.6056,4.1488,15.9127,3.7041,15.2741,3.0842,HIGH
multiposture,multiposture_898,13.5707,4.1729,16.0907,3.7179,15.1181,3.1372,HIGH
multiposture,multiposture_899,13.8611,4.3218,16.3815,3.4565,15.1735,3.3367,HIGH
multiposture,multiposture_900,13.7241,4.214,16.3001,3.4441,15.2644,3.1614,HIGH
multiposture,multiposture_901,13.6479,4.2022,16.567,3.3018,14.9803,3.1695,MEDIUM
multiposture,multiposture_902,13.7878,4.2423,16.4776,3.4231,15.0383,3.1835,HIGH
multiposture,multiposture_903,13.2272,4.0555,16.5088,3.152,15.0432,3.0062,HIGH
multiposture,multiposture_904,13.2982,4.1536,16.4384,3.3208,14.8907,3.1694,MEDIUM
multiposture,multiposture_905,13.5168,4.1586,16.3748,3.4158,14.7785,3.0707,MEDIUM
multiposture,multiposture_906,13.5911,4.1615,16.4405,3.397,14.6374,3.024,MEDIUM
multiposture,multiposture_907,13.8631,4.1603,16.3436,3.2856,14.5282,2.9019,MEDIUM
multiposture,multiposture_908,14.4644,4.3446,15.9628,3.6304,15.1758,3.146,HIGH
multiposture,multiposture_909,14.4593,4.249,15.7587,4.921,15.2033,2.9287,HIGH
multiposture,multiposture_910,15.0969,4.5719,16.2055,4.5708,15.0958,3.3519,HIGH
multiposture,multiposture_911,15.4036,4.5782,16.2098,4.6066,15.1639,3.2363,HIGH
multiposture,multiposture_912,14.8148,4.2334,15.7191,4.1777,15.2252,2.7342,HIGH
multiposture,multiposture_913,14.7252,4.2382,16.2887,3.5598,14.9341,2.7708,MEDIUM
multiposture,multiposture_914,14.687,4.236,16.2643,3.5477,14.6816,2.7615,MEDIUM
multiposture,multiposture_915,14.9948,4.4463,16.199,3.7776,14.709,3.0938,MEDIUM
multiposture,multiposture_916,14.6429,4.3278,16.0932,4.0394,14.7326,2.9798,MEDIUM
multiposture,multiposture_917,14.4969,4.3257,16.2145,3.9983,15.4572,3.0354,HIGH
multiposture,multiposture_918,14.0113,4.3281,16.2128,4.0766,15.8004,3.2155,HIGH
multiposture,multiposture_919,10.5731,2.8859,23.874,11.0523,11.2032,1.5206,MEDIUM
multiposture,multiposture_920,10.0291,2.7656,23.8368,11.003,12.1218,1.5103,MEDIUM
multiposture,multiposture_921,9.2438,2.8782,24.4957,10.9826,12.1618,2.1228,MEDIUM
multiposture,multiposture_922,9.3827,2.9592,24.2201,11.1552,12.5246,2.252,MEDIUM
multiposture,multiposture_923,9.1727,2.7346,24.1103,11.4757,12.7303,1.8514,MEDIUM
multiposture,multiposture_924,9.1163,2.6972,23.9728,11.4076,12.6158,1.81,MEDIUM
multiposture,multiposture_925,9.5545,2.4873,24.0101,11.5857,12.9954,1.2215,MEDIUM
multiposture,multiposture_926,9.7283,2.485,23.8926,11.303,12.9365,1.1268,MEDIUM
multiposture,multiposture_927,9.8868,2.5074,24.0997,11.3334,12.8729,1.1055,MEDIUM
multiposture,multiposture_928,10.1332,2.557,23.9801,11.4736,12.9475,1.0961,MEDIUM
multiposture,multiposture_929,9.7155,2.5737,24.017,11.5601,13.0931,1.3153,MEDIUM
multiposture,multiposture_930,9.5649,2.5184,24.0184,11.5014,13.1294,1.2648,MEDIUM
multiposture,multiposture_931,9.4653,2.5285,24.0145,11.3932,13.152,1.3352,MEDIUM
multiposture,multiposture_932,9.8066,2.5848,24.1311,11.3848,13.0564,1.3268,MEDIUM
multiposture,multiposture_933,9.7931,2.6453,24.1137,11.4288,13.0189,1.4505,MEDIUM
multiposture,multiposture_934,10.0942,2.6349,24.089,11.7272,12.8953,1.3287,MEDIUM
multiposture,multiposture_935,7.4719,2.7773,14.2441,5.8392,12.6107,2.5387,MEDIUM
multiposture,multiposture_936,9.2766,3.1027,13.9114,7.734,13.6733,2.6236,MEDIUM
multiposture,multiposture_937,9.0662,3.2622,14.7153,8.7394,14.0272,3.114,MEDIUM
multiposture,multiposture_938,9.5737,3.386,15.1366,10.2309,13.8755,3.1853,MEDIUM
multiposture,multiposture_939,10.0074,3.3943,16.2888,11.4149,13.6934,3.0041,MEDIUM
multiposture,multiposture_940,9.6715,3.3322,15.5091,11.2143,13.5962,2.9874,MEDIUM
multiposture,multiposture_941,9.8906,3.2612,15.639,11.0998,13.4638,2.7271,MEDIUM
multiposture,multiposture_942,10.0279,3.2443,15.8083,11.0547,13.1446,2.6518,MEDIUM
multiposture,multiposture_943,9.9118,3.1235,16.133,10.8122,13.155,2.4569,MEDIUM
multiposture,multiposture_944,11.2686,2.8805,16.3462,11.6979,12.8384,1.3278,MEDIUM
multiposture,multiposture_945,10.6593,2.9787,16.9147,11.6328,12.9986,1.7075,MEDIUM
multiposture,multiposture_946,9.9429,3.1056,18.6752,14.2579,13.634,2.3543,MEDIUM
multiposture,multiposture_947,9.8194,3.0513,20.4241,14.4701,12.9264,2.3353,MEDIUM
multiposture,multiposture_948,9.7214,3.1537,20.1315,14.3262,12.9106,2.6252,MEDIUM
multiposture,multiposture_949,9.7671,3.1408,19.9062,14.1502,12.9008,2.6276,MEDIUM
multiposture,multiposture_950,8.7802,3.2694,19.814,13.1706,13.0883,3.302,MEDIUM
multiposture,multiposture_951,7.1462,3.4428,19.5689,13.0083,13.3228,4.3836,MEDIUM
multiposture,multiposture_952,6.7866,3.4506,19.4217,12.9817,13.3944,4.5564,MEDIUM
multiposture,multiposture_953,6.9022,3.4627,18.8762,12.8757,13.5322,4.5366,MEDIUM
multiposture,multiposture_954,7.2041,3.4797,19.0407,12.8265,13.5304,4.4437,MEDIUM
multiposture,multiposture_955,8.0934,3.7316,18.9281,12.5452,13.614,4.6048,MEDIUM
multiposture,multiposture_956,8.7179,3.6195,18.3253,12.5208,13.802,4.0699,MEDIUM
multiposture,multiposture_957,9.0222,3.7056,18.2887,11.7109,13.8754,4.1583,MEDIUM
multiposture,multiposture_958,9.5789,3.6803,18.0882,11.5232,13.907,3.8552,MEDIUM
multiposture,multiposture_959,9.491,3.7716,18.2508,11.3662,13.9054,4.1149,MEDIUM
multiposture,multiposture_960,9.8411,4.0025,18.2243,11.332,14.1713,4.4493,MEDIUM
multiposture,multiposture_961,9.5856,3.7662,17.7372,11.37,14.2797,4.0143,MEDIUM
multiposture,multiposture_962,9.9376,3.8521,17.4321,10.5319,13.9006,4.0071,MEDIUM
multiposture,multiposture_963,13.1919,3.5145,17.966,10.9738,13.0482,1.6931,MEDIUM
multiposture,multiposture_964,15.3769,3.5293,18.0197,11.0679,12.755,0.4515,MEDIUM
multiposture,multiposture_965,30.2154,2.5466,21.9994,12.0051,9.3111,7.5109,HIGH
multiposture,multiposture_966,36.7459,12.2095,18.1445,23.8643,17.9138,11.4226,HIGH
multiposture,multiposture_967,27.7632,12.8575,14.5719,23.6229,17.9948,16.3761,HIGH
multiposture,multiposture_968,19.366,13.3186,13.7845,23.136,18.8285,20.5766,HIGH
multiposture,multiposture_969,22.5548,13.5046,13.5367,23.4329,20.2367,19.685,HIGH
multiposture,multiposture_970,24.0902,13.7671,13.379,22.976,20.4955,19.6533,HIGH
multiposture,multiposture_971,24.9213,13.7947,13.3579,23.4103,20.3489,19.333,HIGH
multiposture,multiposture_972,26.1932,13.9245,13.2025,23.6699,19.8355,19.0429,HIGH
multiposture,multiposture_973,25.3759,13.7878,13.746,23.6998,19.2335,18.9236,HIGH
multiposture,multiposture_974,25.9841,13.8307,14.4817,23.6236,19.151,18.8023,HIGH
multiposture,multiposture_975,25.5656,13.7711,14.3185,23.7255,19.6486,18.8108,HIGH
multiposture,multiposture_976,24.3829,13.737,14.197,23.9295,20.3531,19.1808,HIGH
multiposture,multiposture_977,23.9313,13.7054,14.1244,23.9184,21.3452,19.4109,HIGH
multiposture,multiposture_978,24.9058,13.6845,14.3511,23.6916,21.4876,19.1371,HIGH
multiposture,multiposture_979,25.7965,13.6768,14.3653,24.0782,21.4777,18.8236,HIGH
multiposture,multiposture_980,25.971,13.6651,14.3459,24.0801,21.6943,18.7288,HIGH
multiposture,multiposture_981,26.3229,13.7078,14.1717,24.4914,22.8834,18.6964,HIGH
multiposture,multiposture_982,25.6141,13.6955,14.1313,24.3391,22.8516,18.939,HIGH
multiposture,multiposture_983,24.9935,13.7354,14.0179,24.2596,22.5379,19.1271,HIGH
multiposture,multiposture_984,24.2678,13.8363,13.8955,24.023,19.9842,19.2726,HIGH
multiposture,multiposture_985,24.1901,13.8281,13.5604,24.4959,19.2757,19.2532,HIGH
multiposture,multiposture_986,23.6775,13.8554,13.747,24.4805,19.1054,19.553,HIGH
multiposture,multiposture_987,23.3975,13.8433,13.8347,23.9209,19.4691,19.5844,HIGH
multiposture,multiposture_988,23.4426,13.8363,13.822,23.9521,19.5221,19.5179,HIGH
multiposture,multiposture_989,23.967,13.953,14.0052,23.9943,19.0008,19.6291,HIGH
multiposture,multiposture_990,10.5384,3.3004,19.334,14.2708,22.3719,3.0059,HIGH
multiposture,multiposture_991,9.9443,3.2672,19.3975,14.1946,22.4348,3.0375,HIGH
multiposture,multiposture_992,1.7468,1.9471,4.7854,2.1953,20.6932,3.4698,HIGH
multiposture,multiposture_993,1.7972,2.6759,0.332,2.7634,20.0935,4.9651,HIGH
multiposture,multiposture_994,2.5375,2.7941,1.7731,1.7474,19.8091,4.9621,HIGH
multiposture,multiposture_995,7.3935,2.7193,3.6269,4.2501,17.4374,3.2766,HIGH
multiposture,multiposture_996,7.7154,2.7053,0.7219,2.8804,17.096,3.199,HIGH
multiposture,multiposture_997,8.4354,2.3822,3.1006,5.8131,17.0584,2.3563,HIGH
multiposture,multiposture_998,9.6953,2.5111,5.0413,7.0105,16.3378,2.3081,HIGH
multiposture,multiposture_999,8.9504,2.6042,5.4812,7.069,16.9071,2.6512,HIGH
multiposture,multiposture_1000,11.6512,2.9128,4.5189,0.7062,15.7926,2.331,HIGH
multiposture,multiposture_1001,163.7375,3.6422,3.5843,0.7083,1.5525,3.5903,HIGH
multiposture,multiposture_1002,173.4014,4.0362,3.0945,1.4052,6.8809,8.1578,HIGH
multiposture,multiposture_1003,173.7098,4.0832,3.0702,1.0942,6.3377,8.1002,HIGH
multiposture,multiposture_1004,179.242,4.2165,2.7948,1.7321,7.6673,6.1419,HIGH
multiposture,multiposture_1005,160.4472,6.8454,1.0594,0.1472,9.0052,17.1972,HIGH
multiposture,multiposture_1006,158.9946,8.6618,0.1088,0.2726,10.9352,20.4442,HIGH
multiposture,multiposture_1007,163.46,8.2262,0.7609,0.2367,10.904,17.6549,HIGH
multiposture,multiposture_1008,165.6399,4.0514,1.293,0.8026,12.4584,1.3821,HIGH
multiposture,multiposture_1009,178.8187,4.6879,0.8743,0.6577,9.9913,6.5546,HIGH
multiposture,multiposture_1010,174.0074,4.8787,0.7646,0.4074,10.6888,8.9995,HIGH
multiposture,multiposture_1011,174.9908,5.0195,0.7518,0.4949,11.3837,8.7452,HIGH
multiposture,multiposture_1012,179.9828,6.7577,7.1132,1.9055,19.0163,9.1787,HIGH
multiposture,multiposture_1013,171.2273,7.2352,5.8247,1.8821,19.1038,13.1808,HIGH
multiposture,multiposture_1014,177.3525,7.1507,5.2164,2.0317,18.1413,10.6846,HIGH
multiposture,multiposture_1015,161.6796,8.6547,3.4367,0.8367,17.4721,19.433,HIGH
multiposture,multiposture_1016,161.7603,9.7223,2.2547,0.2513,18.0754,20.7791,HIGH
multiposture,multiposture_1017,162.7631,9.7173,1.6658,0.2684,18.3347,20.3145,HIGH
multiposture,multiposture_1018,170.3302,6.137,3.8274,0.7243,14.6509,3.7075,HIGH
multiposture,multiposture_1019,159.4835,3.9938,4.4487,0.4089,10.6888,3.6849,HIGH
multiposture,multiposture_1020,160.1349,2.0185,5.8589,1.0971,8.4301,6.015,HIGH
multiposture,multiposture_1021,161.2763,1.494,5.7508,0.6859,5.8492,6.1867,HIGH
multiposture,multiposture_1022,160.7265,0.5644,6.1641,0.9474,5.2002,7.8532,HIGH
multiposture,multiposture_1023,160.9273,0.4514,6.299,1.3009,5.0985,8.0129,HIGH
multiposture,multiposture_1024,161.8183,0.3128,6.7532,1.6169,5.3078,7.7165,HIGH
multiposture,multiposture_1025,161.7215,0.0629,6.6537,1.9653,4.703,8.6091,HIGH
multiposture,multiposture_1026,160.2039,0.312,6.8472,1.7987,4.775,8.9373,HIGH
multiposture,multiposture_1027,160.7991,0.2161,6.8299,1.7911,4.5527,8.4923,HIGH
multiposture,multiposture_1028,161.4918,0.3018,6.9149,1.7829,5.0065,8.1454,HIGH
multiposture,multiposture_1029,162.0868,0.2241,7.1457,2.1859,4.67,7.7268,HIGH
multiposture,multiposture_1030,145.663,0.6013,6.623,1.5997,3.1239,7.0957,HIGH
multiposture,multiposture_1031,8.6716,2.7925,8.8879,8.1296,15.6489,2.9133,HIGH
multiposture,multiposture_1032,11.0667,2.7814,8.8725,8.5354,15.3579,2.1956,HIGH
multiposture,multiposture_1033,11.9898,2.8449,8.6257,8.7816,14.3459,2.112,MEDIUM
multiposture,multiposture_1034,11.5991,2.7879,7.7368,9.1368,14.1192,2.0901,MEDIUM
multiposture,multiposture_1035,9.4371,3.0464,7.3173,9.559,14.1358,3.2994,MEDIUM
multiposture,multiposture_1036,9.0522,2.7526,7.2847,9.3215,14.1235,2.7674,MEDIUM
multiposture,multiposture_1037,8.4526,2.7926,7.1192,9.1061,14.3634,2.9806,MEDIUM
multiposture,multiposture_1038,8.1758,2.7558,6.1802,9.1362,14.451,2.9908,MEDIUM
multiposture,multiposture_1039,8.33,2.886,6.1789,8.7396,14.3743,3.1732,MEDIUM
multiposture,multiposture_1040,7.239,2.4745,6.391,8.7485,14.1435,2.7069,MEDIUM
multiposture,multiposture_1041,11.0823,2.4841,6.4826,8.6067,13.9964,1.5106,MEDIUM
multiposture,multiposture_1042,10.2788,2.5615,6.415,8.6217,14.0223,1.9608,MEDIUM
multiposture,multiposture_1043,8.752,2.6344,5.949,8.5612,14.3818,2.624,MEDIUM
multiposture,multiposture_1044,7.4591,2.6503,5.9938,8.6109,14.5091,3.063,MEDIUM
multiposture,multiposture_1045,8.0648,2.7332,6.0093,8.4568,14.6218,3.0462,MEDIUM
multiposture,multiposture_1046,8.0106,2.7334,6.0838,8.4868,14.6613,3.0794,MEDIUM
multiposture,multiposture_1047,6.9947,2.7617,6.0809,8.5504,14.7836,3.4717,MEDIUM
multiposture,multiposture_1048,7.2509,2.719,6.2861,8.5084,14.3173,3.236,MEDIUM
multiposture,multiposture_1049,7.5493,2.7488,6.1455,7.9254,14.3438,3.1975,MEDIUM
multiposture,multiposture_1050,7.6968,2.6717,6.2104,7.8951,13.2105,3.0515,MEDIUM
multiposture,multiposture_1051,5.0085,2.5817,6.411,7.9381,12.4095,3.724,MEDIUM
multiposture,multiposture_1052,5.3724,2.5164,6.4843,7.9864,11.7552,3.4825,MEDIUM
multiposture,multiposture_1053,2.4337,2.4695,6.6781,7.1177,9.6592,4.3199,MEDIUM
multiposture,multiposture_1054,1.7373,2.9493,5.5458,6.0009,9.4873,5.527,MEDIUM
multiposture,multiposture_1055,1.6012,3.2274,5.122,4.3307,10.0608,6.1343,MEDIUM
multiposture,multiposture_1056,13.2096,3.0726,6.4429,3.7601,9.954,2.4459,MEDIUM
multiposture,multiposture_1057,16.4944,3.091,8.3886,6.0619,10.0879,1.9311,MEDIUM
multiposture,multiposture_1058,11.8278,2.6309,8.3297,7.2907,12.2878,1.9471,MEDIUM
multiposture,multiposture_1059,12.5488,2.7768,8.1804,7.8098,12.8142,1.9305,MEDIUM
multiposture,multiposture_1060,30.8852,3.2518,8.5903,7.9347,13.0555,2.0398,HIGH
multiposture,multiposture_1061,128.0703,5.7049,2.1394,2.7688,10.4795,4.5914,HIGH
multiposture,multiposture_1062,135.5926,5.0378,1.9515,1.3834,11.2904,4.1398,HIGH
multiposture,multiposture_1063,137.5792,4.9788,1.9081,1.2701,10.7283,3.7257,HIGH
multiposture,multiposture_1064,140.8564,4.7926,1.8251,1.2859,9.1411,3.4456,HIGH
multiposture,multiposture_1065,141.0039,3.8428,2.5668,1.505,9.5544,3.7222,HIGH
multiposture,multiposture_1066,140.6321,4.0211,2.5658,1.636,9.1661,3.5035,HIGH
multiposture,multiposture_1067,170.5301,3.9747,2.5454,1.8195,8.4346,1.2488,HIGH
multiposture,multiposture_1068,171.7401,3.8245,1.2633,2.2549,9.1261,1.2126,HIGH
multiposture,multiposture_1069,172.0975,3.2047,0.8315,2.4414,7.5032,1.7647,HIGH
multiposture,multiposture_1070,178.3914,3.2429,0.7628,1.8015,5.5894,2.4093,HIGH
multiposture,multiposture_1071,173.1725,2.9702,0.7902,2.0479,4.9864,1.2813,HIGH
multiposture,multiposture_1072,178.6602,3.5376,0.4838,1.4329,4.7892,4.7892,HIGH
multiposture,multiposture_1073,178.7365,3.5581,0.3481,1.4731,6.5614,4.3258,HIGH
multiposture,multiposture_1074,178.9394,4.3179,0.3427,0.7935,7.676,6.1822,HIGH
multiposture,multiposture_1075,178.8389,5.0695,0.3144,0.0581,5.6035,7.5293,HIGH
multiposture,multiposture_1076,179.2186,5.0176,0.281,1.0642,5.7204,7.0722,HIGH
multiposture,multiposture_1077,176.9104,5.3603,0.2625,1.2076,4.5091,6.9977,HIGH
multiposture,multiposture_1078,167.1851,2.3498,1.8377,0.2611,5.8391,2.429,HIGH
multiposture,multiposture_1079,152.8457,3.7476,2.477,3.4934,5.9223,28.1682,HIGH
multiposture,multiposture_1080,156.2426,2.1171,2.5935,5.487,1.6175,19.6289,HIGH
multiposture,multiposture_1081,155.8716,5.7593,0.1601,0.6039,9.5194,20.8155,HIGH
multiposture,multiposture_1082,150.6943,8.9096,0.2329,1.628,13.967,27.36,HIGH
multiposture,multiposture_1083,154.7544,10.212,0.9877,1.6459,14.7283,26.3387,HIGH
multiposture,multiposture_1084,160.5539,9.7328,1.6464,1.2395,17.4521,21.8612,HIGH
multiposture,multiposture_1085,164.2585,9.4257,0.6681,0.5933,17.886,19.3566,HIGH
multiposture,multiposture_1086,165.2513,8.6933,1.7434,0.7698,14.9172,17.998,HIGH
multiposture,multiposture_1087,151.3613,3.9799,1.1392,2.1449,7.5399,11.7623,HIGH
multiposture,multiposture_1088,158.083,3.463,1.0351,1.8964,6.7719,7.594,HIGH
multiposture,multiposture_1089,162.0257,3.4292,2.8445,1.5179,6.2613,5.4604,HIGH
multiposture,multiposture_1090,155.9069,2.6894,3.1174,2.3746,3.997,9.479,HIGH
multiposture,multiposture_1091,21.9597,4.0698,27.0058,12.2195,9.7528,1.5141,MEDIUM
multiposture,multiposture_1092,21.6994,4.081,26.4922,12.5805,10.2243,1.6904,MEDIUM
multiposture,multiposture_1093,22.0105,4.1616,25.6039,12.7691,10.7112,1.7886,MEDIUM
multiposture,multiposture_1094,22.2311,4.1822,24.9931,12.8571,11.1122,1.7946,MEDIUM
multiposture,multiposture_1095,22.2945,4.2451,24.3749,12.9223,11.2564,1.8365,MEDIUM
multiposture,multiposture_1096,22.6062,4.2594,24.0957,12.9422,11.4414,1.7544,MEDIUM
multiposture,multiposture_1097,22.9343,4.199,23.3654,12.9579,11.5703,1.4234,MEDIUM
multiposture,multiposture_1098,23.1058,4.0542,23.0152,13.1817,11.5599,1.0563,MEDIUM
multiposture,multiposture_1099,22.8651,3.9436,22.835,13.3147,11.6482,0.8507,MEDIUM
multiposture,multiposture_1100,22.8342,3.8833,22.5653,13.3185,11.6583,0.709,MEDIUM
multiposture,multiposture_1101,22.9075,3.7835,22.6714,13.3327,11.7489,0.4953,MEDIUM
multiposture,multiposture_1102,22.7638,3.7711,22.4948,13.3183,11.8805,0.5223,MEDIUM
multiposture,multiposture_1103,22.7413,3.7349,22.4288,13.3006,11.9255,0.4538,MEDIUM
multiposture,multiposture_1104,22.9206,3.7143,22.3442,13.3457,11.9596,0.3373,MEDIUM
multiposture,multiposture_1105,22.9495,3.7156,22.3665,13.361,11.9897,0.3066,MEDIUM
multiposture,multiposture_1106,23.3164,3.8051,22.6181,13.4317,11.9547,0.3701,MEDIUM
multiposture,multiposture_1107,24.1746,3.9507,22.632,13.2326,11.9476,0.4554,MEDIUM
multiposture,multiposture_1108,20.853,4.153,22.2326,13.315,12.2737,2.0175,MEDIUM
multiposture,multiposture_1109,21.348,4.1845,22.4627,13.3186,12.4993,1.9325,MEDIUM
multiposture,multiposture_1110,22.3718,4.1656,22.5014,13.3321,12.5535,1.548,MEDIUM
multiposture,multiposture_1111,22.9483,4.1713,22.778,13.3276,12.5028,1.3798,MEDIUM
multiposture,multiposture_1112,23.2402,4.1823,22.8349,13.2312,12.4872,1.3095,MEDIUM
multiposture,multiposture_1113,23.4765,4.2017,22.9739,13.2027,12.4631,1.289,MEDIUM
multiposture,multiposture_1114,23.6923,4.2037,23.1207,13.2181,12.454,1.2214,MEDIUM
multiposture,multiposture_1115,23.9835,4.0776,23.1048,13.2,12.4335,0.8619,MEDIUM
multiposture,multiposture_1116,23.4028,4.0465,23.0837,13.3576,12.3951,0.9994,MEDIUM
multiposture,multiposture_1117,23.1,4.029,23.0767,13.4099,12.2179,1.083,MEDIUM
multiposture,multiposture_1118,23.2948,4.0271,23.4021,13.4188,12.163,1.0319,MEDIUM
multiposture,multiposture_1119,18.3215,4.0192,23.3851,13.329,12.4294,2.2359,MEDIUM
multiposture,multiposture_1120,16.1839,3.9605,22.8267,13.2934,12.6354,2.3601,MEDIUM
multiposture,multiposture_1121,16.394,2.8162,12.1705,9.0244,10.7114,0.0274,MEDIUM
multiposture,multiposture_1122,17.0448,2.8666,11.8639,8.6893,12.4713,0.409,MEDIUM
multiposture,multiposture_1123,15.8754,2.0476,10.3699,6.373,13.6424,0.6524,MEDIUM
multiposture,multiposture_1124,17.2612,2.2737,8.1786,5.9996,13.3812,0.5097,MEDIUM
multiposture,multiposture_1125,16.651,1.6931,5.0661,2.653,13.4037,1.3787,MEDIUM
multiposture,multiposture_1126,14.8179,2.1178,2.3831,3.1825,13.1728,0.0517,MEDIUM
multiposture,multiposture_1127,14.9248,1.74,2.8923,2.4843,13.5642,0.7056,MEDIUM
multiposture,multiposture_1128,12.8773,1.9639,2.053,2.8559,13.4661,0.2581,MEDIUM
multiposture,multiposture_1129,13.0891,1.7905,2.4228,2.8479,13.5356,0.1201,MEDIUM
multiposture,multiposture_1130,12.8878,1.7562,2.2602,2.732,13.2346,0.1251,MEDIUM
multiposture,multiposture_1131,12.3145,1.7055,2.2412,3.0346,13.2021,0.0886,MEDIUM
multiposture,multiposture_1132,11.6403,1.7023,2.2708,3.0019,12.762,0.0718,MEDIUM
multiposture,multiposture_1133,9.6616,1.8292,2.4965,2.9364,13.1865,0.8342,MEDIUM
multiposture,multiposture_1134,9.7414,1.717,3.4385,2.8234,14.266,0.6067,MEDIUM
multiposture,multiposture_1135,9.9908,1.7584,3.4649,2.9069,14.2644,0.6199,MEDIUM
multiposture,multiposture_1136,9.6486,1.8474,3.5437,2.8187,14.3586,0.9178,MEDIUM
multiposture,multiposture_1137,13.0723,0.9963,3.1727,2.8281,13.4004,2.5479,MEDIUM
multiposture,multiposture_1138,12.2048,1.1869,3.2459,3.0723,13.0739,1.741,MEDIUM
multiposture,multiposture_1139,12.5685,1.0848,3.0455,3.006,13.3194,1.8187,MEDIUM
multiposture,multiposture_1140,8.7484,1.2768,3.1629,2.8925,13.3074,0.0312,MEDIUM
multiposture,multiposture_1141,9.1964,1.3297,3.153,2.8048,13.2061,0.0404,MEDIUM
multiposture,multiposture_1142,9.7376,1.4014,3.3349,2.7537,12.922,0.0571,MEDIUM
multiposture,multiposture_1143,9.9714,1.3985,3.3565,2.7996,13.052,0.1049,MEDIUM
multiposture,multiposture_1144,10.3798,1.4038,3.3806,3.0226,12.817,0.2191,MEDIUM
multiposture,multiposture_1145,10.5406,1.4545,3.0422,3.0188,12.828,0.1524,MEDIUM
multiposture,multiposture_1146,11.6712,1.4493,2.3584,2.9009,12.8218,0.5716,MEDIUM
multiposture,multiposture_1147,14.4284,1.8845,1.6691,2.7947,12.2887,0.4147,MEDIUM
multiposture,multiposture_1148,16.8382,1.842,1.5587,2.5497,12.0934,1.2439,MEDIUM
multiposture,multiposture_1149,17.3788,1.8626,0.7793,2.5231,11.7656,1.3052,MEDIUM
multiposture,multiposture_1150,18.0593,1.9971,0.4907,2.4438,11.9997,0.7314,MEDIUM
multiposture,multiposture_1151,38.4552,1.0451,22.8831,14.663,7.5488,5.8375,HIGH
multiposture,multiposture_1152,33.8127,0.9803,22.5893,14.3524,8.6775,5.5134,HIGH
multiposture,multiposture_1153,31.9876,0.9321,22.5463,14.2509,9.1971,5.4153,HIGH
multiposture,multiposture_1154,31.2298,0.9093,22.5032,14.022,9.5736,5.222,HIGH
multiposture,multiposture_1155,30.4848,0.897,22.4912,13.8435,9.8167,5.1241,HIGH
multiposture,multiposture_1156,30.1807,0.8729,22.4916,13.7032,9.9425,5.0719,HIGH
multiposture,multiposture_1157,29.8462,0.8405,22.3269,13.5657,10.0344,5.0752,MEDIUM
multiposture,multiposture_1158,29.4673,0.8413,22.1038,13.5778,10.0651,5.0161,MEDIUM
multiposture,multiposture_1159,29.5332,0.8099,22.1495,13.4671,10.3588,4.9943,MEDIUM
multiposture,multiposture_1160,28.8288,0.9881,21.89,13.1316,10.248,4.463,MEDIUM
multiposture,multiposture_1161,28.0064,0.9736,21.8437,13.4036,10.1545,4.3421,MEDIUM
multiposture,multiposture_1162,27.278,0.9652,21.8795,13.4649,10.2086,4.1684,MEDIUM
multiposture,multiposture_1163,26.6352,1.0565,21.7531,13.5986,10.1515,3.8492,MEDIUM
multiposture,multiposture_1164,25.8769,0.8463,21.8715,13.8782,10.1892,4.1093,MEDIUM
multiposture,multiposture_1165,25.7015,0.8468,21.8538,13.7962,10.0773,4.0608,MEDIUM
multiposture,multiposture_1166,25.1067,0.779,21.6542,14.185,10.0775,4.1759,MEDIUM
multiposture,multiposture_1167,23.3734,0.756,21.6167,14.0768,10.1276,4.0733,MEDIUM
multiposture,multiposture_1168,15.7371,0.7469,21.6583,13.8816,11.0014,3.3317,MEDIUM
multiposture,multiposture_1169,9.6772,0.8805,21.4206,13.774,11.2366,2.1048,MEDIUM
multiposture,multiposture_1170,4.242,0.8441,21.5008,13.7963,12.0446,0.177,MEDIUM
multiposture,multiposture_1171,0.7742,0.8101,21.4788,13.9182,13.5553,1.9515,MEDIUM
multiposture,multiposture_1172,6.7778,0.9101,21.4526,13.6934,14.3837,4.0908,MEDIUM
multiposture,multiposture_1173,7.8005,0.9058,21.0813,13.8265,14.9724,4.4014,MEDIUM
multiposture,multiposture_1174,9.9226,1.3092,20.506,14.1575,15.9744,5.8647,HIGH
multiposture,multiposture_1175,9.1875,1.316,20.5803,14.6105,16.4149,5.5502,HIGH
multiposture,multiposture_1176,9.5136,1.3354,20.7322,14.7962,17.456,5.649,HIGH
multiposture,multiposture_1177,8.6921,1.4683,20.7812,14.8413,17.4999,5.5284,HIGH
multiposture,multiposture_1178,8.5895,1.5535,20.9803,14.6562,17.3182,5.6378,HIGH
multiposture,multiposture_1179,8.2545,1.6693,20.6608,14.6649,17.2193,5.7583,HIGH
multiposture,multiposture_1180,7.8535,1.7465,20.5631,14.6478,17.1625,5.7644,HIGH
multiposture,multiposture_1181,29.5822,2.3597,5.4369,3.2207,7.9196,3.7244,MEDIUM
multiposture,multiposture_1182,30.6366,2.3705,5.4481,3.4906,9.6805,3.7571,HIGH
multiposture,multiposture_1183,31.2902,2.3634,5.1263,3.8891,10.5641,3.8525,HIGH
multiposture,multiposture_1184,31.8556,2.3202,5.0109,4.1387,11.4851,3.9706,HIGH
multiposture,multiposture_1185,32.0147,2.3172,4.8644,4.2724,11.7098,3.9914,HIGH
multiposture,multiposture_1186,32.5615,2.2787,4.4594,4.3449,12.0359,4.0965,HIGH
multiposture,multiposture_1187,33.5017,2.3902,4.8718,4.4831,12.5522,3.9529,HIGH
multiposture,multiposture_1188,33.4227,2.4605,5.1041,4.6478,12.7125,3.8965,HIGH
multiposture,multiposture_1189,32.9773,2.4247,5.0161,4.6926,12.6395,3.9448,HIGH
multiposture,multiposture_1190,33.4004,2.4858,5.2699,4.6508,12.695,3.9525,HIGH
multiposture,multiposture_1191,33.373,2.4383,5.1706,4.9942,12.5335,4.1414,HIGH
multiposture,multiposture_1192,34.3642,2.5603,5.5601,5.2208,12.6151,4.0918,HIGH
multiposture,multiposture_1193,34.2891,2.561,5.594,5.3281,12.8212,4.0913,HIGH
multiposture,multiposture_1194,32.6595,2.767,5.8159,5.2107,13.1299,3.1654,HIGH
multiposture,multiposture_1195,30.5036,2.47,5.8113,5.247,13.2761,3.2294,HIGH
multiposture,multiposture_1196,30.4002,2.4749,5.8268,5.2637,13.398,3.1153,HIGH
multiposture,multiposture_1197,30.4075,2.5186,5.7951,5.4005,13.7847,2.7981,HIGH
multiposture,multiposture_1198,31.0232,2.3037,5.8115,5.3403,14.027,3.4515,HIGH
multiposture,multiposture_1199,30.1195,2.3623,5.8805,5.8772,14.6368,3.1011,HIGH
multiposture,multiposture_1200,28.4944,2.33,4.7069,5.4158,13.604,3.1076,MEDIUM
multiposture,multiposture_1201,28.4181,2.3145,4.6958,4.9778,13.3253,3.133,MEDIUM
multiposture,multiposture_1202,27.5178,2.1746,4.784,4.6417,12.6274,3.1749,MEDIUM
multiposture,multiposture_1203,28.2639,2.1735,4.8019,4.6504,12.5073,3.2993,MEDIUM
multiposture,multiposture_1204,29.769,2.1516,4.8701,4.7372,12.5743,3.6859,MEDIUM
multiposture,multiposture_1205,30.7151,2.1467,4.8652,4.5905,12.5256,3.7994,HIGH
multiposture,multiposture_1206,31.2239,2.1762,4.882,4.5965,12.4559,3.7923,HIGH
multiposture,multiposture_1207,31.6485,2.1933,5.0574,4.6113,12.4888,3.83,HIGH
multiposture,multiposture_1208,31.1369,1.9986,4.6884,4.4327,12.047,4.1955,HIGH
multiposture,multiposture_1209,31.2798,2.0126,4.5762,4.4136,11.9061,4.2014,HIGH
multiposture,multiposture_1210,31.3651,2.011,4.4977,4.4049,11.8248,4.2276,HIGH
multiposture,multiposture_1211,6.2806,3.8004,22.0862,15.3782,18.2216,6.0519,HIGH
multiposture,multiposture_1212,6.4491,3.9131,21.7819,15.4458,18.5566,6.2414,HIGH
multiposture,multiposture_1213,5.3961,4.1026,21.394,15.7073,18.6473,6.8626,HIGH
multiposture,multiposture_1214,6.1948,4.3214,20.7429,15.9365,18.5735,7.1146,HIGH
multiposture,multiposture_1215,5.3344,4.4447,20.5453,16.1709,18.4799,7.5485,HIGH
multiposture,multiposture_1216,6.2807,4.5712,20.7302,16.288,18.427,7.5599,HIGH
multiposture,multiposture_1217,31.0009,4.3998,22.5057,16.0016,15.7214,1.5719,HIGH
multiposture,multiposture_1218,24.2626,4.1272,23.0889,15.6346,16.0443,1.8216,HIGH
multiposture,multiposture_1219,20.2254,4.2396,22.99,14.3213,17.1653,2.6695,HIGH
multiposture,multiposture_1220,12.3613,4.2073,22.4466,14.3926,17.095,4.9824,HIGH
multiposture,multiposture_1221,8.1041,4.0276,22.413,14.0016,17.2509,5.8601,HIGH
multiposture,multiposture_1222,2.5521,4.0395,22.4093,13.7266,18.0687,7.4593,HIGH
multiposture,multiposture_1223,1.5197,3.9642,22.545,13.6639,18.2194,7.5804,HIGH
multiposture,multiposture_1224,0.2488,3.9678,22.5782,13.5049,18.3012,7.9271,HIGH
multiposture,multiposture_1225,0.7853,3.9184,22.7124,13.491,18.5226,8.0989,HIGH
multiposture,multiposture_1226,1.0345,3.9089,22.7414,13.4677,18.495,8.1419,HIGH
multiposture,multiposture_1227,1.4999,3.8933,22.7745,13.4437,18.4871,8.2295,HIGH
multiposture,multiposture_1228,2.3872,3.7766,22.6548,13.3596,18.4664,8.2212,HIGH
multiposture,multiposture_1229,2.8457,3.7131,22.6651,13.3499,18.5023,8.2153,HIGH
multiposture,multiposture_1230,3.3181,3.621,22.7931,13.3051,18.3251,8.1626,HIGH
multiposture,multiposture_1231,3.5776,3.62,22.758,13.2037,18.4064,8.204,HIGH
multiposture,multiposture_1232,3.7099,3.5764,22.7158,13.3138,18.6526,8.1202,HIGH
multiposture,multiposture_1233,3.3376,3.5697,22.6064,13.277,18.7998,8.0028,HIGH
multiposture,multiposture_1234,37.6705,3.3648,22.7415,13.09,15.4613,1.4505,HIGH
multiposture,multiposture_1235,48.7982,3.3286,22.6832,13.0711,13.4599,3.5505,HIGH
multiposture,multiposture_1236,49.0484,3.1983,22.8477,13.2194,12.9088,4.2342,HIGH
multiposture,multiposture_1237,23.1029,3.1802,22.5412,12.8412,13.8853,0.8714,MEDIUM
multiposture,multiposture_1238,14.5285,3.1563,22.4745,12.8865,14.2793,2.6628,MEDIUM
multiposture,multiposture_1239,10.7637,3.0855,22.4822,12.8467,14.6844,3.4406,MEDIUM
multiposture,multiposture_1240,8.1446,3.0816,22.4582,12.809,15.0825,4.082,HIGH
multiposture,multiposture_1241,15.7078,27.414,5.1725,34.4941,53.8206,49.6184,HIGH
multiposture,multiposture_1242,32.8908,27.2016,5.6909,32.3726,48.4648,43.9345,HIGH
multiposture,multiposture_1243,34.7543,25.3422,4.5906,29.3015,44.5303,39.5897,HIGH
multiposture,multiposture_1244,32.8842,25.6014,5.4659,29.5347,43.0177,40.8577,HIGH
multiposture,multiposture_1245,36.4211,22.046,2.6932,25.4512,36.6776,31.5533,HIGH
multiposture,multiposture_1246,34.267,18.9107,7.8846,21.5942,26.2417,26.3841,HIGH
multiposture,multiposture_1247,5.8877,19.747,3.7017,20.5999,30.891,38.5174,HIGH
multiposture,multiposture_1248,22.3644,25.1425,4.5929,27.2082,38.5708,43.1817,HIGH
multiposture,multiposture_1249,26.0928,25.6658,4.9535,28.3476,40.3517,43.1923,HIGH
multiposture,multiposture_1250,30.2221,25.9262,3.6428,28.3994,40.4968,42.4197,HIGH
multiposture,multiposture_1251,36.0836,25.868,3.1424,28.3434,40.6744,40.4209,HIGH
multiposture,multiposture_1252,37.5242,26.2375,4.1649,28.5867,42.0722,41.2352,HIGH
multiposture,multiposture_1253,43.5816,26.83,5.5653,28.8688,41.5415,41.0316,HIGH
multiposture,multiposture_1254,45.4396,27.0737,6.6892,28.4905,41.8915,40.778,HIGH
multiposture,multiposture_1255,46.2382,26.8391,5.95,29.5664,40.8818,39.7326,HIGH
multiposture,multiposture_1256,46.4964,26.9205,5.9228,29.3514,41.1666,39.7324,HIGH
multiposture,multiposture_1257,45.8808,26.9288,5.8322,29.5991,40.9249,39.7113,HIGH
multiposture,multiposture_1258,46.5209,27.0364,5.3682,29.0502,40.7746,39.6723,HIGH
multiposture,multiposture_1259,46.501,26.8952,5.16,29.2268,40.7673,39.4288,HIGH
multiposture,multiposture_1260,45.9732,26.6451,4.8175,28.8165,39.8614,39.1318,HIGH
multiposture,multiposture_1261,47.4499,26.7089,4.7291,29.0049,39.2928,38.6716,HIGH
multiposture,multiposture_1262,48.2324,26.719,5.1673,28.9927,39.4425,38.5092,HIGH
multiposture,multiposture_1263,41.3323,26.8346,5.6588,29.0764,40.9315,41.0578,HIGH
multiposture,multiposture_1264,37.5456,27.3406,6.3474,29.5085,42.7425,43.1989,HIGH
multiposture,multiposture_1265,33.1045,27.397,5.6035,29.4825,43.8953,44.5115,HIGH
multiposture,multiposture_1266,34.0022,27.6058,5.3646,29.5693,45.3627,44.7247,HIGH
multiposture,multiposture_1267,35.8521,27.7729,5.5776,29.792,45.3865,44.5291,HIGH
multiposture,multiposture_1268,37.3845,27.9284,6.1068,29.9786,44.985,44.3937,HIGH
multiposture,multiposture_1269,37.8295,28.0608,5.9253,30.2803,44.8931,44.5,HIGH
multiposture,multiposture_1270,37.295,28.122,4.9603,30.4705,44.7453,44.7315,HIGH
multiposture,multiposture_1271,3.5461,21.8134,31.6951,15.2527,11.5738,42.259,MEDIUM
multiposture,multiposture_1272,4.2319,21.6827,30.9498,14.9932,11.7685,41.8205,MEDIUM
multiposture,multiposture_1273,3.8333,21.69,30.7562,15.1543,12.0501,41.9956,MEDIUM
multiposture,multiposture_1274,3.8973,21.9132,30.1423,15.4649,12.7015,42.4421,MEDIUM
multiposture,multiposture_1275,5.9857,22.3612,31.1097,16.1611,13.5866,42.7722,MEDIUM
multiposture,multiposture_1276,10.3625,22.1872,32.2567,16.2868,14.3754,41.0484,MEDIUM
multiposture,multiposture_1277,10.9512,22.0053,33.2461,16.4323,14.125,40.502,MEDIUM
multiposture,multiposture_1278,11.9726,21.886,33.369,16.7885,13.5543,39.9379,MEDIUM
multiposture,multiposture_1279,11.7706,21.8731,33.354,16.8361,13.2559,39.9512,MEDIUM
multiposture,multiposture_1280,12.5428,21.817,33.0335,16.9122,13.0405,39.6081,MEDIUM
multiposture,multiposture_1281,12.5543,21.8518,33.0806,16.7632,12.8163,39.6687,MEDIUM
multiposture,multiposture_1282,12.6348,21.8516,33.0525,16.9652,12.8174,39.6272,MEDIUM
multiposture,multiposture_1283,12.4335,21.9357,33.0823,17.3579,12.8731,39.8185,MEDIUM
multiposture,multiposture_1284,12.3025,22.0114,33.2308,17.2852,12.8608,40.0,MEDIUM
multiposture,multiposture_1285,12.2654,22.1412,33.5238,17.2353,12.9379,40.2675,MEDIUM
multiposture,multiposture_1286,13.1955,22.3162,33.9728,17.4701,13.2923,40.3394,MEDIUM
multiposture,multiposture_1287,13.0589,22.3742,33.9331,17.5393,13.445,40.4804,MEDIUM
multiposture,multiposture_1288,13.5846,22.4687,33.8973,17.7381,13.2458,40.5329,MEDIUM
multiposture,multiposture_1289,8.932,22.5848,33.9517,17.3286,13.9666,41.8183,MEDIUM
multiposture,multiposture_1290,4.8722,23.8051,33.8406,18.7239,16.0442,46.9406,HIGH
multiposture,multiposture_1291,8.281,24.2081,34.2978,20.1724,16.7174,48.4942,HIGH
multiposture,multiposture_1292,12.3812,24.5293,34.1476,20.4912,17.7519,49.3917,HIGH
multiposture,multiposture_1293,18.4464,24.1575,33.439,19.5098,16.3846,49.7271,HIGH
multiposture,multiposture_1294,17.316,22.9407,33.8454,19.7216,16.081,47.1968,HIGH
multiposture,multiposture_1295,21.9728,23.5226,36.2056,19.5359,17.1965,49.6541,HIGH
multiposture,multiposture_1296,22.718,24.1806,36.3557,20.1795,17.6806,51.3409,HIGH
multiposture,multiposture_1297,22.256,24.3172,35.9079,20.6945,17.926,51.2788,HIGH
multiposture,multiposture_1298,20.8802,24.3818,35.4967,20.8067,17.8658,51.0677,HIGH
multiposture,multiposture_1299,21.1741,24.4373,35.5653,20.9503,18.3454,51.1279,HIGH
multiposture,multiposture_1300,21.8553,24.5393,35.4093,20.7868,18.7823,51.6403,HIGH
multiposture,multiposture_1301,16.1599,3.7504,17.1062,14.7713,22.6455,3.3332,HIGH
multiposture,multiposture_1302,15.061,3.6869,17.3529,14.6786,22.8579,3.4884,HIGH
multiposture,multiposture_1303,14.0965,3.685,17.5799,14.4701,22.8134,3.7287,HIGH
multiposture,multiposture_1304,12.652,3.7447,18.1387,14.5851,22.9851,4.1998,HIGH
multiposture,multiposture_1305,12.2803,3.7612,18.1616,14.3468,22.9649,4.3434,HIGH
multiposture,multiposture_1306,12.1326,3.7725,18.2416,14.3149,23.0066,4.3995,HIGH
multiposture,multiposture_1307,11.8413,3.7866,18.3253,14.4252,23.0049,4.4655,HIGH
multiposture,multiposture_1308,11.5148,3.7954,18.3307,14.4184,22.8895,4.5562,HIGH
multiposture,multiposture_1309,10.9231,3.72,18.6052,14.5353,22.6047,4.532,HIGH
multiposture,multiposture_1310,11.3434,3.6706,18.6994,14.6787,22.6266,4.2925,HIGH
multiposture,multiposture_1311,10.9657,3.6449,18.707,14.6177,22.763,4.1505,HIGH
multiposture,multiposture_1312,9.1397,3.7169,18.682,14.77,23.5875,4.8333,HIGH
multiposture,multiposture_1313,9.1782,3.6982,18.686,14.7824,23.6935,4.7603,HIGH
multiposture,multiposture_1314,8.2299,3.5514,18.6369,15.0778,23.3941,4.746,HIGH
multiposture,multiposture_1315,12.3862,3.5191,18.7373,15.0461,23.0161,3.493,HIGH
multiposture,multiposture_1316,12.8009,3.5405,19.0724,15.0345,22.9594,3.4339,HIGH
multiposture,multiposture_1317,8.8364,3.297,19.2691,14.2745,22.5417,3.5777,HIGH
multiposture,multiposture_1318,9.3643,3.3469,19.3502,14.3628,22.5946,3.603,HIGH
multiposture,multiposture_1319,8.3724,3.3764,19.0082,14.4183,22.7395,4.1334,HIGH
multiposture,multiposture_1320,5.2889,3.3668,18.2533,14.5088,24.2358,5.205,HIGH
multiposture,multiposture_1321,5.4513,3.3746,18.1393,14.5764,24.0626,5.1835,HIGH
multiposture,multiposture_1322,18.2661,3.273,18.3839,14.4864,22.6432,0.8298,HIGH
multiposture,multiposture_1323,23.9902,3.2819,18.4585,14.2342,21.8752,0.8811,HIGH
multiposture,multiposture_1324,24.9374,3.2581,18.3713,14.2991,21.1976,1.1435,HIGH
multiposture,multiposture_1325,25.7712,3.2597,18.5801,14.3033,20.9605,1.289,HIGH
multiposture,multiposture_1326,26.1202,3.2984,18.598,14.2169,20.923,1.0357,HIGH
multiposture,multiposture_1327,26.7844,3.4676,18.7289,14.0427,20.8183,0.8411,HIGH
multiposture,multiposture_1328,26.3496,3.4789,18.7312,14.0034,19.7868,0.7005,HIGH
multiposture,multiposture_1329,6.228,2.7091,23.6602,14.5278,14.6919,3.6023,MEDIUM
multiposture,multiposture_1330,6.4109,2.6817,23.1898,13.7432,17.6349,3.4484,HIGH
multiposture,multiposture_1331,6.262,2.6898,23.4554,14.8012,17.4454,3.5092,HIGH
multiposture,multiposture_1332,6.0325,2.6323,23.6377,15.3279,17.2887,3.475,HIGH
multiposture,multiposture_1333,5.8769,2.5505,23.8676,15.5673,16.7629,3.3447,HIGH
multiposture,multiposture_1334,5.9659,2.5439,23.5496,15.7349,16.3808,3.3006,HIGH
multiposture,multiposture_1335,5.2196,2.4049,23.566,16.0366,16.2918,3.2707,HIGH
multiposture,multiposture_1336,8.0927,2.3429,23.646,16.4399,15.6388,2.2919,HIGH
multiposture,multiposture_1337,9.29,2.3122,23.7941,16.619,15.4536,1.8651,HIGH
multiposture,multiposture_1338,9.5625,2.3278,23.7932,16.5639,15.4284,1.7287,HIGH
multiposture,multiposture_1339,9.0285,2.3107,23.6783,16.5784,15.2296,1.7435,HIGH
multiposture,multiposture_1340,4.8865,2.2983,23.8331,16.5079,15.6308,3.1048,HIGH
multiposture,multiposture_1341,4.4459,2.2874,23.6676,16.4538,15.8256,3.2288,HIGH
multiposture,multiposture_1342,3.2974,2.2808,23.8344,16.5544,16.1818,3.617,HIGH
multiposture,multiposture_1343,3.3954,2.3606,23.7033,16.5258,16.3968,3.7489,HIGH
multiposture,multiposture_1344,2.7748,2.4689,23.5691,16.6802,16.634,4.1988,HIGH
multiposture,multiposture_1345,2.5156,2.4746,23.75,16.6685,16.683,4.3031,HIGH
multiposture,multiposture_1346,2.5736,2.4783,23.992,16.7378,16.8347,4.2901,HIGH
multiposture,multiposture_1347,2.4876,2.498,24.1499,16.8045,17.288,4.3621,HIGH
multiposture,multiposture_1348,3.2461,2.3697,24.2734,16.8103,17.2779,3.831,HIGH
multiposture,multiposture_1349,2.475,2.3766,24.4577,16.8864,17.2369,4.1128,HIGH
multiposture,multiposture_1350,6.0838,2.3682,24.5858,17.0333,16.7962,2.9442,HIGH
multiposture,multiposture_1351,10.7678,2.3092,24.8242,17.6353,15.3973,1.401,HIGH
multiposture,multiposture_1352,12.4177,2.3576,24.9069,17.6414,14.8425,1.021,MEDIUM
multiposture,multiposture_1353,10.9835,2.3348,24.8334,17.7383,14.9856,1.3838,MEDIUM
multiposture,multiposture_1354,9.1157,2.3526,24.9125,17.2776,15.2823,1.9111,HIGH
multiposture,multiposture_1355,8.5394,2.3008,24.9881,17.37,15.2575,1.9859,HIGH
multiposture,multiposture_1356,6.7935,2.3494,25.0398,17.0576,15.8269,2.6582,HIGH
multiposture,multiposture_1357,5.8903,2.3499,25.0412,17.0338,15.9818,2.9199,HIGH
multiposture,multiposture_1358,5.4905,2.3159,24.9233,17.1926,16.1836,2.9911,HIGH
multiposture,multiposture_1359,0.0983,1.4681,0.2571,3.3129,20.9295,3.2117,HIGH
multiposture,multiposture_1360,0.103,2.4226,4.8805,5.249,19.5906,4.995,HIGH
multiposture,multiposture_1361,8.8903,2.5362,1.9072,2.6885,17.3642,2.4722,HIGH
multiposture,multiposture_1362,10.6864,2.5395,3.7262,1.8828,16.4589,1.88,HIGH
multiposture,multiposture_1363,9.0284,2.0218,4.3637,2.2804,18.056,1.2986,HIGH
multiposture,multiposture_1364,6.8567,1.1413,5.0607,0.4001,17.5338,0.1473,HIGH
multiposture,multiposture_1365,17.657,0.8893,4.9743,3.8169,15.4289,3.4139,HIGH
multiposture,multiposture_1366,20.9598,0.9319,6.2215,2.9115,14.2179,4.4064,MEDIUM
multiposture,multiposture_1367,22.0243,0.4599,5.4574,3.4121,13.9574,6.0298,MEDIUM
multiposture,multiposture_1368,19.4564,0.4908,6.1529,2.7936,13.5918,5.4618,MEDIUM
multiposture,multiposture_1369,8.8309,0.8052,7.0738,0.0541,14.4724,1.4258,MEDIUM
multiposture,multiposture_1370,0.6114,0.8855,7.3238,0.2493,15.5607,2.0871,HIGH
multiposture,multiposture_1371,14.8906,0.9417,8.2414,0.7273,14.3453,3.2328,MEDIUM
multiposture,multiposture_1372,21.6336,0.8291,8.1901,1.3188,13.6502,5.749,MEDIUM
multiposture,multiposture_1373,16.1487,0.8658,8.476,0.7701,14.355,4.0414,MEDIUM
multiposture,multiposture_1374,12.5404,0.8217,8.4841,0.6637,15.4689,2.6259,HIGH
multiposture,multiposture_1375,12.942,0.8383,7.8224,0.6376,15.5411,2.7224,HIGH
multiposture,multiposture_1376,8.8512,0.8386,7.4883,0.6053,16.064,1.2205,HIGH
multiposture,multiposture_1377,7.4288,0.8286,7.2047,1.1416,16.4672,0.7227,HIGH
multiposture,multiposture_1378,5.3228,0.995,6.628,1.133,17.3422,0.1675,HIGH
multiposture,multiposture_1379,3.869,0.968,6.6801,1.0932,17.5891,0.6489,HIGH
multiposture,multiposture_1380,3.3632,0.6423,21.9524,16.6857,14.7335,0.3576,MEDIUM
multiposture,multiposture_1381,2.8156,0.923,21.1937,16.8042,15.2463,1.0785,HIGH
multiposture,multiposture_1382,3.1864,1.25,21.058,16.6336,16.0901,1.6304,HIGH
multiposture,multiposture_1383,3.3545,1.5516,20.8367,16.5073,16.0801,2.1956,HIGH
multiposture,multiposture_1384,4.1383,1.7751,20.9165,16.1652,16.1178,2.4377,HIGH
multiposture,multiposture_1385,4.625,1.8408,21.2909,16.3085,16.3408,2.4251,HIGH
multiposture,multiposture_1386,4.7659,1.8397,21.231,16.2948,16.3932,2.3682,HIGH
multiposture,multiposture_1387,4.3911,1.9851,21.1656,16.4147,16.2198,2.7698,HIGH
multiposture,multiposture_1388,4.6129,2.0109,21.0892,16.437,16.3817,2.7494,HIGH
multiposture,multiposture_1389,4.7846,2.0494,21.1667,16.3633,16.1511,2.7853,HIGH
multiposture,multiposture_1390,5.3477,1.9888,21.1552,16.5059,16.1482,2.4902,HIGH
multiposture,multiposture_1391,5.3845,2.0043,21.0701,16.5021,16.2943,2.5062,HIGH
multiposture,multiposture_1392,9.9052,1.7158,20.9947,15.8063,14.6294,0.6798,MEDIUM
multiposture,multiposture_1393,7.8592,1.4248,21.9609,4.5062,14.0701,0.6669,MEDIUM
multiposture,multiposture_1394,4.8724,0.6565,22.1202,5.208,13.3568,0.0186,MEDIUM
multiposture,multiposture_1395,2.3473,1.2455,21.4879,10.7216,13.9901,1.8553,MEDIUM
multiposture,multiposture_1396,7.582,1.7496,21.3448,12.698,13.8155,1.3753,MEDIUM
multiposture,multiposture_1397,16.726,1.7289,21.4157,15.0174,12.91,1.27,MEDIUM
multiposture,multiposture_1398,18.1218,1.7755,21.3998,15.7645,12.4852,1.6153,MEDIUM
multiposture,multiposture_1399,19.2195,1.8385,21.4758,15.9452,12.5582,1.7615,MEDIUM
multiposture,multiposture_1400,19.4667,1.8162,21.4669,16.6487,12.44,1.9181,MEDIUM
multiposture,multiposture_1401,26.5178,1.8146,21.944,16.6573,11.7698,4.2983,MEDIUM
multiposture,multiposture_1402,28.6208,1.8068,22.0522,16.8262,11.6436,5.2113,MEDIUM
multiposture,multiposture_1403,28.4726,1.8055,22.1272,16.8333,11.3983,5.4158,MEDIUM
multiposture,multiposture_1404,29.586,1.7733,22.1449,17.0288,10.9947,5.7887,MEDIUM
multiposture,multiposture_1405,29.7162,1.7646,22.1085,16.9885,11.0045,5.8448,MEDIUM
multiposture,multiposture_1406,29.8697,1.7513,22.1597,17.0011,10.4968,5.807,MEDIUM
multiposture,multiposture_1407,30.2784,1.8603,22.4754,17.0221,10.4985,5.6949,HIGH
multiposture,multiposture_1408,30.3827,1.8422,22.5146,16.9976,10.6027,5.7909,HIGH
multiposture,multiposture_1409,30.3423,1.784,22.6131,16.9929,10.4974,5.8898,HIGH
multiposture,multiposture_1410,1.8608,3.1921,2.1088,6.3187,16.4246,5.9506,HIGH
multiposture,multiposture_1411,4.007,3.3719,1.1317,3.4326,14.3843,5.711,MEDIUM
multiposture,multiposture_1412,11.5827,3.5743,0.9137,3.6882,14.3009,4.1465,MEDIUM
multiposture,multiposture_1413,18.2318,4.1803,0.1758,4.4399,14.2098,3.9064,MEDIUM
multiposture,multiposture_1414,22.4278,4.4871,0.219,4.4893,13.7268,3.6814,MEDIUM
multiposture,multiposture_1415,23.1264,4.5775,0.2215,4.4802,14.2068,3.7113,MEDIUM
multiposture,multiposture_1416,21.8045,4.6849,0.2851,4.0451,15.1264,3.7563,HIGH
multiposture,multiposture_1417,20.3266,4.5064,0.0655,3.9823,14.6944,3.5518,MEDIUM
multiposture,multiposture_1418,13.3411,4.666,0.0588,4.2078,15.9927,5.6907,HIGH
multiposture,multiposture_1419,13.9061,4.6587,0.1974,4.2643,16.2314,5.4005,HIGH
multiposture,multiposture_1420,19.6696,4.5832,0.0493,4.636,15.6954,3.413,HIGH
multiposture,multiposture_1421,21.0276,4.4442,0.0543,4.5463,15.2389,2.7051,HIGH
multiposture,multiposture_1422,22.2108,4.4801,16.5945,13.1299,16.3176,2.0436,HIGH
multiposture,multiposture_1423,19.1817,5.2331,1.3574,9.5348,16.2939,3.6747,HIGH
multiposture,multiposture_1424,12.9051,5.197,1.1379,5.9038,18.1269,6.3675,HIGH
multiposture,multiposture_1425,9.6342,5.0453,1.6041,1.8476,19.274,7.2679,HIGH
multiposture,multiposture_1426,6.6978,4.9935,1.8511,0.1768,20.5037,8.1557,HIGH
multiposture,multiposture_1427,5.8884,5.0094,2.1147,1.7611,20.6377,8.4566,HIGH
multiposture,multiposture_1428,5.2613,4.9413,1.6889,2.6262,20.2801,8.5159,HIGH
multiposture,multiposture_1429,10.0608,4.5703,1.1447,4.8667,19.0293,6.4908,HIGH
multiposture,multiposture_1430,19.1373,4.4912,1.1115,5.3946,16.9966,4.3072,HIGH
multiposture,multiposture_1431,25.492,4.4679,1.1111,5.9374,16.0531,2.6345,HIGH
multiposture,multiposture_1432,25.4667,4.4235,1.5141,6.2555,16.0843,2.3577,HIGH
multiposture,multiposture_1433,19.3377,4.5399,1.5925,6.3484,17.0325,3.8614,HIGH
multiposture,multiposture_1434,17.7373,4.4141,1.6069,6.1121,17.4992,3.9815,HIGH
multiposture,multiposture_1435,14.3081,4.5425,1.8403,5.6839,18.0521,5.1238,HIGH
multiposture,multiposture_1436,11.2885,3.8571,1.4384,5.6444,18.5913,4.5879,HIGH
multiposture,multiposture_1437,8.1219,3.9122,1.5996,5.3948,18.5219,5.6028,HIGH
multiposture,multiposture_1438,7.9519,3.8861,1.6374,5.3469,18.5347,5.596,HIGH
multiposture,multiposture_1439,7.7668,3.8975,1.7961,5.3233,18.629,5.6644,HIGH
multiposture,multiposture_1440,33.1762,4.4329,23.0631,20.3412,11.4773,0.054,HIGH
multiposture,multiposture_1441,32.112,4.528,22.6446,19.1347,11.9732,0.2402,HIGH
multiposture,multiposture_1442,31.4725,4.5422,22.2821,18.5282,12.2287,0.2078,HIGH
multiposture,multiposture_1443,30.7876,4.4398,21.9556,18.6455,11.8103,0.1112,HIGH
multiposture,multiposture_1444,28.8257,4.1998,21.8649,18.3216,12.4826,0.3667,MEDIUM
multiposture,multiposture_1445,30.1892,3.956,21.9777,18.3071,12.8278,2.1594,HIGH
multiposture,multiposture_1446,29.3326,3.9254,22.1179,18.3472,12.9313,2.2907,MEDIUM
multiposture,multiposture_1447,28.7379,4.0,22.6292,17.6877,12.8638,2.1449,MEDIUM
multiposture,multiposture_1448,22.3708,3.0013,21.5806,17.0446,13.5054,1.8772,MEDIUM
multiposture,multiposture_1449,3.9362,3.1026,21.6016,16.2605,15.803,5.0994,HIGH
multiposture,multiposture_1450,1.4214,3.1213,21.8214,16.1483,17.2808,6.0914,HIGH
multiposture,multiposture_1451,0.7293,3.1604,22.4583,16.156,18.8167,6.4094,HIGH
multiposture,multiposture_1452,1.4409,3.1674,22.5323,15.8919,19.6373,6.1545,HIGH
multiposture,multiposture_1453,1.2219,3.2663,22.5558,15.6893,19.824,6.4152,HIGH
multiposture,multiposture_1454,0.792,3.335,22.6213,15.5866,19.9153,6.6717,HIGH
multiposture,multiposture_1455,1.3337,3.4867,22.8164,15.8505,20.1785,6.7997,HIGH
multiposture,multiposture_1456,1.0675,3.4997,22.9299,15.6589,20.5606,6.9022,HIGH
multiposture,multiposture_1457,1.0088,3.5393,22.9264,15.602,20.4788,6.9956,HIGH
multiposture,multiposture_1458,1.4296,3.6165,22.8682,15.7674,20.5013,7.018,HIGH
multiposture,multiposture_1459,1.8301,3.6556,22.8517,15.7249,20.475,6.9585,HIGH
multiposture,multiposture_1460,1.8573,3.6595,22.8616,15.6783,20.5042,6.9566,HIGH
multiposture,multiposture_1461,2.2759,3.7477,22.9494,15.8819,20.5232,7.0072,HIGH
multiposture,multiposture_1462,2.351,3.7501,22.8804,15.7505,20.1725,6.988,HIGH
multiposture,multiposture_1463,2.5574,3.8098,22.9481,15.6644,20.1167,7.0506,HIGH
multiposture,multiposture_1464,2.6942,3.8068,22.8895,15.597,20.0889,7.0119,HIGH
multiposture,multiposture_1465,21.0645,3.8382,22.8214,16.1154,17.5794,0.2331,HIGH
multiposture,multiposture_1466,24.1694,3.869,22.5948,16.4319,16.4566,0.8807,HIGH
multiposture,multiposture_1467,26.2313,3.8463,22.4169,16.4151,15.7715,1.7998,HIGH
multiposture,multiposture_1468,28.1954,3.9912,22.0544,16.9451,14.7813,2.3604,MEDIUM
multiposture,multiposture_1469,29.8625,3.9765,22.367,17.3709,13.2431,3.2012,MEDIUM
multiposture,multiposture_1470,11.3551,0.0099,11.4264,17.999,18.149,4.6396,HIGH
multiposture,multiposture_1471,11.6395,0.0317,12.2397,17.8152,17.946,4.6332,HIGH
multiposture,multiposture_1472,11.7208,0.0139,11.8448,17.3473,17.5991,4.723,HIGH
multiposture,multiposture_1473,12.2288,0.4292,10.463,15.5627,16.7962,3.7936,HIGH
multiposture,multiposture_1474,11.9014,0.3376,15.6098,20.3311,17.5638,3.7302,HIGH
multiposture,multiposture_1475,12.032,0.3029,15.1828,19.5938,17.526,3.8545,HIGH
multiposture,multiposture_1476,11.8871,0.0454,14.2324,18.6541,17.4924,4.4733,HIGH
multiposture,multiposture_1477,15.4275,0.4821,13.6784,6.1216,10.9045,4.9642,MEDIUM
multiposture,multiposture_1478,15.3199,0.3727,13.6082,8.1353,12.3733,5.2097,MEDIUM
multiposture,multiposture_1479,9.5565,4.0641,23.599,24.768,19.9616,5.2373,HIGH
multiposture,multiposture_1480,28.3224,3.7609,24.5145,25.5309,16.0155,1.5003,HIGH
multiposture,multiposture_1481,34.5453,2.9795,25.4013,25.7177,14.8409,4.4723,HIGH
multiposture,multiposture_1482,22.8522,2.9983,25.4575,25.4821,15.7756,0.7843,HIGH
multiposture,multiposture_1483,17.444,3.8989,70.25,21.7615,20.0471,3.0361,HIGH
multiposture,multiposture_1484,20.3847,3.4895,72.9699,21.961,21.0299,1.6358,HIGH
multiposture,multiposture_1485,20.6261,3.7731,32.5252,21.2782,21.3548,1.8067,HIGH
multiposture,multiposture_1486,2.706,2.2384,8.1854,1.6919,17.8699,3.7163,HIGH
multiposture,multiposture_1487,3.6294,2.7736,7.2492,1.7363,17.5615,4.4944,HIGH
multiposture,multiposture_1488,5.5513,3.5135,7.1167,2.3029,18.0057,5.3048,HIGH
multiposture,multiposture_1489,12.9703,5.7165,5.1651,4.2904,25.646,7.3266,HIGH
multiposture,multiposture_1490,14.1415,6.049,1.2655,5.165,27.4564,7.7152,HIGH
multiposture,multiposture_1491,13.7565,6.1853,2.1634,5.3742,27.997,8.1775,HIGH
multiposture,multiposture_1492,12.4751,6.7296,3.4135,5.4174,28.2487,9.768,HIGH
multiposture,multiposture_1493,23.5679,5.2231,26.4349,30.0116,21.6169,3.6832,HIGH
multiposture,multiposture_1494,19.4087,5.3049,24.9017,27.3363,22.047,4.9776,HIGH
multiposture,multiposture_1495,18.004,5.1456,23.7452,24.7172,21.6386,4.9907,HIGH
multiposture,multiposture_1496,16.5273,5.2662,22.3888,23.2988,22.7564,5.626,HIGH
multiposture,multiposture_1497,14.5826,5.6035,22.8034,21.3452,24.1315,6.9147,HIGH
multiposture,multiposture_1498,13.8926,5.5369,22.1585,21.8177,24.6404,6.968,HIGH
multiposture,multiposture_1499,12.3653,5.5825,22.0601,21.8539,24.6421,7.5283,HIGH
multiposture,multiposture_1500,16.1091,5.2711,13.4445,22.2544,23.9519,5.6643,HIGH
multiposture,multiposture_1501,15.3962,5.1879,15.0791,22.2657,23.4044,5.6707,HIGH
multiposture,multiposture_1502,15.564,5.5176,19.2167,22.1581,23.0729,6.293,HIGH
multiposture,multiposture_1503,5.4779,6.2649,0.8912,24.1258,26.6737,11.172,HIGH
multiposture,multiposture_1504,2.5044,6.75,8.5482,19.886,29.4485,15.2444,HIGH
multiposture,multiposture_1505,6.2502,7.1695,8.7381,18.5899,31.2751,17.6015,HIGH
multiposture,multiposture_1506,2.3142,7.3751,8.1288,18.2458,34.9521,16.5012,HIGH
multiposture,multiposture_1507,0.9987,7.4629,8.6643,19.2168,37.4944,16.1286,HIGH
multiposture,multiposture_1508,3.2557,8.487,16.1044,18.4229,37.9031,16.7118,HIGH
multiposture,multiposture_1509,1.1757,9.0469,15.9098,19.0375,38.5782,18.7362,HIGH
multiposture,multiposture_1510,2.0918,9.1252,15.6966,18.6639,38.6646,18.5386,HIGH
multiposture,multiposture_1511,5.8112,9.3601,16.364,19.481,39.2758,17.637,HIGH
multiposture,multiposture_1512,10.2855,9.1603,14.6243,20.3037,39.1727,15.4859,HIGH
multiposture,multiposture_1513,11.3145,9.202,14.5024,21.1389,38.4176,15.18,HIGH
multiposture,multiposture_1514,12.7025,9.2543,14.2284,21.5969,38.1411,14.7925,HIGH
multiposture,multiposture_1515,13.7301,9.4164,13.2788,21.4423,37.9974,14.7717,HIGH
multiposture,multiposture_1516,12.7721,9.3387,13.0053,21.7223,37.8643,15.0454,HIGH
multiposture,multiposture_1517,17.8166,4.1162,3.7,3.002,15.8333,3.1495,HIGH
multiposture,multiposture_1518,16.9255,4.0878,3.2494,3.1812,15.9402,3.2216,HIGH
multiposture,multiposture_1519,12.6591,3.4367,1.4427,4.2929,10.4914,2.7596,MEDIUM
multiposture,multiposture_1520,14.0669,3.3212,0.341,3.2089,11.3582,2.1316,MEDIUM
multiposture,multiposture_1521,14.2502,3.3526,1.1109,2.4786,12.2201,2.2243,MEDIUM
multiposture,multiposture_1522,30.1777,2.4631,2.9955,2.4272,15.5707,6.154,HIGH
multiposture,multiposture_1523,30.1661,2.48,3.3144,2.1068,17.0324,6.2065,HIGH
multiposture,multiposture_1524,29.6331,2.5789,3.5467,2.0845,18.4941,5.6429,HIGH
multiposture,multiposture_1525,23.7727,2.6616,3.1969,1.8916,16.8528,3.001,HIGH
multiposture,multiposture_1526,19.412,2.857,2.9892,1.47,16.1123,0.8916,HIGH
multiposture,multiposture_1527,17.6887,2.9208,3.011,1.1418,15.6676,0.0265,HIGH
multiposture,multiposture_1528,16.4146,3.588,2.8931,0.6305,14.9618,1.9867,MEDIUM
multiposture,multiposture_1529,15.0592,3.1745,3.0567,0.5425,14.7733,1.6188,MEDIUM
multiposture,multiposture_1530,13.6157,3.3772,3.1442,0.2809,14.5737,2.561,MEDIUM
multiposture,multiposture_1531,13.8861,3.4305,3.107,0.158,14.5462,2.6381,MEDIUM
multiposture,multiposture_1532,14.0195,3.4289,2.92,0.2394,14.5414,2.6468,MEDIUM
multiposture,multiposture_1533,40.8533,3.6901,4.7414,3.3539,15.4729,2.9243,HIGH
multiposture,multiposture_1534,51.618,6.5966,2.5577,6.2869,13.0344,15.3284,HIGH
multiposture,multiposture_1535,162.0869,6.4455,2.4875,6.1234,12.196,13.7894,HIGH
multiposture,multiposture_1536,176.5885,5.5399,5.5795,8.6341,13.1815,8.8321,HIGH
multiposture,multiposture_1537,161.1341,6.4724,5.7316,7.8813,9.464,15.2376,HIGH
multiposture,multiposture_1538,161.8423,7.1611,5.8138,9.4005,14.6315,15.1643,HIGH
multiposture,multiposture_1539,162.3683,7.0407,5.4859,9.3715,14.3578,14.0713,HIGH
multiposture,multiposture_1540,177.4602,7.0207,5.5037,9.5483,15.7448,11.2452,HIGH
multiposture,multiposture_1541,125.4726,7.1241,5.6265,9.3476,16.1999,8.4718,HIGH
multiposture,multiposture_1542,113.1795,7.1346,5.553,9.2097,16.5719,8.1423,HIGH
multiposture,multiposture_1543,113.3363,6.7592,5.5736,8.7438,16.0953,7.0411,HIGH
multiposture,multiposture_1544,7.2505,5.4789,5.027,4.3881,8.9704,12.9182,MEDIUM
multiposture,multiposture_1545,4.1231,5.3339,1.772,4.1556,8.8043,11.782,MEDIUM
multiposture,multiposture_1546,5.6181,6.5446,0.4152,5.2155,8.2926,14.5391,MEDIUM
multiposture,multiposture_1547,1.5907,7.1242,0.6304,5.8097,8.1568,13.7604,MEDIUM
multiposture,multiposture_1548,10.7783,4.4258,1.0155,0.456,9.9094,6.1501,MEDIUM
multiposture,multiposture_1549,15.3622,4.1325,1.1572,0.0615,11.5311,4.5802,MEDIUM
multiposture,multiposture_1550,15.7833,4.1306,0.9168,0.1855,11.8856,4.4766,MEDIUM
multiposture,multiposture_1551,14.9059,4.0834,0.9248,0.8058,11.8847,4.5925,MEDIUM
multiposture,multiposture_1552,13.6545,3.9651,0.924,1.0172,11.8104,4.6636,MEDIUM
multiposture,multiposture_1553,12.6537,3.9326,0.9761,0.9115,11.7563,4.8581,MEDIUM
multiposture,multiposture_1554,12.0159,3.931,1.0004,0.9898,11.8723,4.9932,MEDIUM
multiposture,multiposture_1555,12.7928,3.9364,1.0425,1.0023,12.1773,4.8799,MEDIUM
multiposture,multiposture_1556,11.8809,4.134,0.8983,1.1995,12.0621,5.5124,MEDIUM
multiposture,multiposture_1557,11.4679,4.2206,0.9297,1.2133,12.1789,5.817,MEDIUM
multiposture,multiposture_1558,10.8918,4.1502,0.9799,2.0036,12.5995,5.7961,MEDIUM
multiposture,multiposture_1559,11.9101,4.4757,0.7618,2.0637,12.8329,6.2261,MEDIUM
multiposture,multiposture_1560,12.9058,4.4304,0.9879,2.3115,12.9383,5.9232,MEDIUM
multiposture,multiposture_1561,13.5305,3.9858,1.3278,2.2837,13.2765,4.9095,MEDIUM
multiposture,multiposture_1562,13.2283,3.9721,1.2716,2.2188,13.2589,4.9559,MEDIUM
multiposture,multiposture_1563,13.9104,3.9216,1.4225,2.1525,14.0437,4.8038,MEDIUM
multiposture,multiposture_1564,13.8243,3.8919,2.0719,2.0992,14.3131,4.8283,MEDIUM
multiposture,multiposture_1565,16.4541,3.4184,2.5574,2.0142,14.1951,3.4909,MEDIUM
multiposture,multiposture_1566,15.7489,3.4942,2.522,1.9378,13.9368,3.8864,MEDIUM
multiposture,multiposture_1567,15.2853,5.2352,0.2527,2.6174,11.3082,12.8907,MEDIUM
multiposture,multiposture_1568,13.1453,6.8982,1.3898,0.6196,12.5509,14.9785,MEDIUM
multiposture,multiposture_1569,7.0973,9.0845,1.3557,1.0114,12.3893,18.3564,MEDIUM
multiposture,multiposture_1570,38.7528,7.3698,0.5235,2.8445,16.3487,8.1727,HIGH
multiposture,multiposture_1571,42.8688,6.466,1.3308,2.5195,16.6469,6.0945,HIGH
multiposture,multiposture_1572,34.3047,5.6566,1.5068,3.3109,14.4162,5.4211,HIGH
multiposture,multiposture_1573,35.1259,5.3722,2.3798,3.7755,13.3681,5.1075,HIGH
multiposture,multiposture_1574,25.2793,3.9641,29.953,24.0974,14.6362,2.201,MEDIUM
multiposture,multiposture_1575,30.1812,3.9694,30.3661,23.558,14.7135,2.2703,HIGH
multiposture,multiposture_1576,30.127,3.9565,30.5832,22.7628,15.0691,2.4702,HIGH
multiposture,multiposture_1577,20.5727,4.0809,30.4097,22.7463,14.264,3.9841,MEDIUM
multiposture,multiposture_1578,10.493,4.0654,30.4233,22.9736,12.6134,5.65,MEDIUM
multiposture,multiposture_1579,7.9889,4.1053,30.7913,22.8867,12.3044,6.2786,MEDIUM
multiposture,multiposture_1580,8.407,4.1573,30.8831,22.5599,14.229,6.254,MEDIUM
multiposture,multiposture_1581,9.5912,4.2665,31.097,22.3765,14.3442,6.1841,MEDIUM
multiposture,multiposture_1582,5.117,6.4824,21.9727,24.2158,20.7423,11.6767,HIGH
multiposture,multiposture_1583,2.9383,8.8582,16.348,24.8674,25.3955,18.8175,HIGH
multiposture,multiposture_1584,4.4586,9.4125,13.3504,26.4669,25.7243,20.334,HIGH
multiposture,multiposture_1585,5.397,9.657,12.7288,27.0333,26.4417,21.1645,HIGH
multiposture,multiposture_1586,0.3743,9.748,12.6665,26.8729,27.5723,20.0519,HIGH
multiposture,multiposture_1587,2.451,9.5895,13.4356,26.3863,27.6549,18.864,HIGH
multiposture,multiposture_1588,4.3389,9.6816,13.4968,25.9566,27.5419,18.3887,HIGH
multiposture,multiposture_1589,4.0632,9.756,13.5074,25.7454,27.5277,18.5107,HIGH
multiposture,multiposture_1590,3.851,9.7575,13.5659,25.6828,27.501,18.5127,HIGH
multiposture,multiposture_1591,5.1072,9.7705,13.5767,25.7847,27.3089,18.202,HIGH
multiposture,multiposture_1592,14.4896,9.3956,13.9266,25.1794,28.936,14.9802,HIGH
multiposture,multiposture_1593,35.2674,6.2858,9.77,19.8319,22.8876,3.517,HIGH
multiposture,multiposture_1594,24.9121,4.8076,15.413,18.8719,20.1026,2.8388,HIGH
multiposture,multiposture_1595,18.1064,4.791,19.7508,19.2661,18.7447,4.3761,HIGH
multiposture,multiposture_1596,14.348,4.8153,21.4787,21.4751,16.5973,5.2114,HIGH
multiposture,multiposture_1597,8.687,5.094,23.2177,25.3404,22.1617,7.7429,HIGH
multiposture,multiposture_1598,6.1273,5.1789,23.2997,17.8723,19.5829,8.6926,HIGH
multiposture,multiposture_1599,2.6779,5.2419,23.3062,16.5286,19.139,10.0446,HIGH
multiposture,multiposture_1600,1.7669,5.2871,23.1928,15.8222,18.9444,10.4589,HIGH
multiposture,multiposture_1601,0.2802,5.3379,23.4366,15.3823,18.9459,11.0841,HIGH
multiposture,multiposture_1602,0.2616,5.38,23.5265,15.4572,18.9799,11.3729,HIGH
multiposture,multiposture_1603,32.5567,5.7229,5.8408,1.0528,14.0436,8.5249,HIGH
multiposture,multiposture_1604,15.8908,5.1329,3.7421,2.1067,14.2642,6.0938,MEDIUM
multiposture,multiposture_1605,17.3969,4.5234,2.6789,2.6514,15.3885,4.5243,HIGH
multiposture,multiposture_1606,8.326,3.9222,15.6297,24.9669,15.7735,5.1211,HIGH
multiposture,multiposture_1607,8.3397,3.9375,14.0538,19.3886,15.4846,5.1358,HIGH
multiposture,multiposture_1608,6.9481,3.7005,14.4169,18.773,15.8106,5.1795,HIGH
multiposture,multiposture_1609,5.8778,3.687,14.8307,17.6782,15.2347,5.5391,HIGH
multiposture,multiposture_1610,3.7096,3.1292,13.9179,16.2217,13.43,8.6915,MEDIUM
multiposture,multiposture_1611,1.9425,3.0926,13.908,14.4006,13.5107,7.726,MEDIUM
multiposture,multiposture_1612,1.6813,3.0703,13.8738,13.8135,13.9701,7.5227,MEDIUM
multiposture,multiposture_1613,1.4372,3.1465,13.8995,13.2975,14.808,7.5071,MEDIUM
multiposture,multiposture_1614,1.1902,3.136,13.592,13.2461,15.2856,7.3636,HIGH
multiposture,multiposture_1615,1.1007,3.9716,12.0806,12.48,18.7023,8.1764,HIGH
multiposture,multiposture_1616,1.5318,3.9663,12.4402,12.4484,19.8667,7.9724,HIGH
multiposture,multiposture_1617,3.279,4.168,11.9722,1.5387,17.6158,7.6636,HIGH
multiposture,multiposture_1618,5.8129,4.5577,11.3965,1.7944,16.7955,7.3915,HIGH
multiposture,multiposture_1619,7.0234,4.8239,11.9322,0.4762,15.5854,7.4232,HIGH
multiposture,multiposture_1620,4.5298,4.6543,8.6732,13.9242,15.8593,8.1661,HIGH
multiposture,multiposture_1621,6.0244,4.7206,10.0604,13.8352,16.6848,7.6831,HIGH
multiposture,multiposture_1622,5.9242,2.8562,23.8941,11.8262,16.2759,3.9395,HIGH
multiposture,multiposture_1623,5.6273,3.1515,17.3594,12.7461,16.1995,4.5654,HIGH
multiposture,multiposture_1624,4.9952,3.2602,17.0244,13.0638,15.8626,5.0011,HIGH
multiposture,multiposture_1625,8.8783,4.5614,12.4083,13.3204,18.2916,6.357,HIGH
multiposture,multiposture_1626,9.0738,4.5609,13.0195,13.0836,17.87,6.3145,HIGH
multiposture,multiposture_1627,9.4364,4.5466,13.1016,13.0515,17.7184,6.1834,HIGH
multiposture,multiposture_1628,9.9373,4.5523,13.0458,13.0024,17.8601,6.008,HIGH
multiposture,multiposture_1629,8.3877,4.506,13.2668,13.0291,17.0705,6.4553,HIGH
multiposture,multiposture_1630,6.3955,4.5338,13.4262,13.0807,16.3677,7.2414,HIGH
multiposture,multiposture_1631,9.3198,4.5653,13.3583,13.0237,17.0259,6.3081,HIGH
multiposture,multiposture_1632,10.8025,4.6133,13.1574,12.8827,17.3258,5.8853,HIGH
multiposture,multiposture_1633,10.9004,4.6224,13.1705,12.8285,17.4872,5.8574,HIGH
multiposture,multiposture_1634,10.3221,4.9692,15.8256,11.8144,16.0601,6.7721,HIGH
multiposture,multiposture_1635,10.4053,4.991,15.662,11.8598,17.2338,6.7845,HIGH
multiposture,multiposture_1636,11.4211,5.0233,15.7552,11.4398,17.9692,6.5801,HIGH
multiposture,multiposture_1637,11.4478,5.0034,15.4427,11.3583,17.5752,6.5027,HIGH
multiposture,multiposture_1638,11.5122,5.0281,14.7151,11.0514,17.5709,6.5156,HIGH
multiposture,multiposture_1639,12.3102,5.1654,14.4107,10.7581,17.4968,6.5698,HIGH
multiposture,multiposture_1640,12.7519,5.133,14.3607,10.4729,15.9354,6.0943,HIGH
multiposture,multiposture_1641,13.1567,5.1091,14.2983,10.3895,15.9924,5.8562,HIGH
multiposture,multiposture_1642,12.2437,5.1811,14.3119,10.47,17.7172,6.4117,HIGH
multiposture,multiposture_1643,12.1209,4.3173,11.2734,12.668,18.22,4.6229,HIGH
multiposture,multiposture_1644,14.0,4.5708,11.7391,12.6146,18.7602,4.4622,HIGH
multiposture,multiposture_1645,28.7822,4.5445,12.2969,12.4702,18.3989,1.3148,HIGH
multiposture,multiposture_1646,8.3646,4.2699,13.3003,11.0947,21.3253,5.926,HIGH
multiposture,multiposture_1647,8.7606,4.3665,13.0397,10.6287,21.2373,5.9813,HIGH
multiposture,multiposture_1648,5.0831,4.4918,11.5163,9.117,16.6183,7.5427,HIGH
multiposture,multiposture_1649,3.0038,4.6814,14.9698,14.2276,14.6382,8.8643,MEDIUM
multiposture,multiposture_1650,4.3574,4.7714,14.7657,14.1716,14.9995,8.4808,MEDIUM
multiposture,multiposture_1651,9.6107,4.9849,16.0989,11.8318,15.8102,6.9893,HIGH
multiposture,multiposture_1652,5.2847,3.3,32.2594,23.3166,11.7739,5.1449,MEDIUM
multiposture,multiposture_1653,6.0823,3.4963,30.577,22.9996,12.3278,5.2943,MEDIUM
multiposture,multiposture_1654,6.7821,3.6454,29.7869,22.8231,12.8362,5.3903,MEDIUM
multiposture,multiposture_1655,6.4331,3.6548,28.9378,22.9084,12.6572,5.5069,MEDIUM
multiposture,multiposture_1656,6.5556,3.5859,28.354,22.7892,12.4628,5.3147,MEDIUM
multiposture,multiposture_1657,6.5287,3.5853,28.2236,22.5632,12.201,5.3126,MEDIUM
multiposture,multiposture_1658,6.746,3.5833,27.8701,22.3991,12.088,5.2421,MEDIUM
multiposture,multiposture_1659,6.7726,3.5686,27.6173,22.5321,11.7981,5.1943,MEDIUM
multiposture,multiposture_1660,6.6164,3.5598,27.2912,22.6288,11.201,5.2128,MEDIUM
multiposture,multiposture_1661,6.1243,3.4733,27.2256,23.0801,10.865,5.1758,MEDIUM
multiposture,multiposture_1662,5.5833,3.4519,26.6792,23.2333,10.3782,5.3,MEDIUM
multiposture,multiposture_1663,5.2632,3.4117,26.5712,23.2077,10.0857,5.3147,MEDIUM
multiposture,multiposture_1664,5.277,3.4081,26.433,23.2104,9.8724,5.3009,MEDIUM
multiposture,multiposture_1665,4.8759,3.3457,26.5783,23.1133,9.7929,5.3086,MEDIUM
multiposture,multiposture_1666,5.1963,3.5592,27.0595,22.7915,11.3816,5.6653,MEDIUM
multiposture,multiposture_1667,5.099,3.6056,27.1317,22.7853,11.3942,5.794,MEDIUM
multiposture,multiposture_1668,4.2088,3.5762,26.8593,22.8325,11.3544,6.0294,MEDIUM
multiposture,multiposture_1669,3.9395,3.5722,26.8708,22.9009,11.3534,6.1097,MEDIUM
multiposture,multiposture_1670,4.0986,3.7076,26.5859,22.4223,11.5768,6.3378,MEDIUM
multiposture,multiposture_1671,7.0767,4.0017,25.6248,21.7811,13.0343,6.003,MEDIUM
multiposture,multiposture_1672,9.3562,4.1823,22.2084,20.1946,16.2224,5.6943,HIGH
multiposture,multiposture_1673,11.7162,4.2726,25.2788,20.4313,16.1125,5.1085,HIGH
multiposture,multiposture_1674,11.165,4.161,24.8208,20.5634,15.5315,5.0535,HIGH
multiposture,multiposture_1675,10.1267,4.1484,29.6471,23.5548,15.5863,5.2403,HIGH
multiposture,multiposture_1676,9.2564,4.1286,30.6311,23.2843,14.9909,5.4867,MEDIUM
multiposture,multiposture_1677,8.9144,4.1352,31.2924,23.2677,14.5771,5.6291,MEDIUM
multiposture,multiposture_1678,8.7189,4.1395,31.26,23.1245,14.3574,5.7099,MEDIUM
multiposture,multiposture_1679,8.546,4.2671,31.4735,23.0526,14.0664,6.0283,MEDIUM
multiposture,multiposture_1680,16.9997,5.2299,26.1872,18.8641,20.0379,7.0551,HIGH
multiposture,multiposture_1681,14.8548,4.7354,26.5314,21.2872,18.1794,6.0539,HIGH
multiposture,multiposture_1682,13.1062,4.4104,27.0867,21.6283,17.2876,5.6716,HIGH
multiposture,multiposture_1683,11.3317,4.0994,27.5234,21.7858,16.7216,5.4307,HIGH
multiposture,multiposture_1684,0.8912,0.5097,30.9628,24.7967,12.2947,1.4207,MEDIUM
multiposture,multiposture_1685,0.5839,0.5739,30.4359,24.5397,12.5548,1.4439,MEDIUM
multiposture,multiposture_1686,1.0093,0.2394,30.3687,23.7625,12.7157,0.1222,MEDIUM
multiposture,multiposture_1687,3.2786,0.8388,30.4554,20.9041,13.3643,0.5403,MEDIUM
multiposture,multiposture_1688,3.403,1.1618,30.2177,20.0952,13.8737,1.1809,MEDIUM
multiposture,multiposture_1689,4.4142,1.5302,30.1374,19.5228,13.996,1.5769,MEDIUM
multiposture,multiposture_1690,4.4327,2.0255,9.5715,6.734,14.5326,2.5277,MEDIUM
multiposture,multiposture_1691,5.9925,2.3193,9.5597,5.0428,14.3645,2.4762,MEDIUM
multiposture,multiposture_1692,4.8494,2.4551,1.7315,3.5443,15.4235,3.2467,HIGH
multiposture,multiposture_1693,4.3664,2.3716,2.9737,4.1088,14.6151,3.2595,MEDIUM
multiposture,multiposture_1694,4.6015,2.2465,3.6887,4.7857,14.4258,2.9087,MEDIUM
multiposture,multiposture_1695,4.4881,2.2117,4.6129,4.2593,14.2915,2.8748,MEDIUM
multiposture,multiposture_1696,2.2249,1.5081,27.274,20.4534,13.7271,2.3472,MEDIUM
multiposture,multiposture_1697,0.6835,1.4082,25.9032,19.2909,13.6761,2.7433,MEDIUM
multiposture,multiposture_1698,0.7016,1.1766,25.1316,17.9874,13.7805,2.795,MEDIUM
multiposture,multiposture_1699,0.1987,1.2688,25.6252,17.4259,13.8385,2.7962,MEDIUM
multiposture,multiposture_1700,0.2487,1.2306,25.4901,16.8057,13.9206,2.5376,MEDIUM
multiposture,multiposture_1701,2.7146,1.6205,23.2037,11.7476,14.2427,2.394,MEDIUM
multiposture,multiposture_1702,3.0812,1.7891,12.2151,5.9309,14.4139,2.5855,MEDIUM
multiposture,multiposture_1703,2.8042,1.7601,5.9233,4.3656,14.0144,2.6028,MEDIUM
multiposture,multiposture_1704,2.7459,1.7405,5.4573,4.1682,13.9989,2.5794,MEDIUM
multiposture,multiposture_1705,2.9827,1.791,5.4886,4.1431,13.9897,2.5808,MEDIUM
multiposture,multiposture_1706,2.6076,1.8057,5.2454,3.6875,14.4175,2.7845,MEDIUM
multiposture,multiposture_1707,0.6675,1.7591,4.9095,3.8242,14.4472,3.5686,MEDIUM
multiposture,multiposture_1708,10.9116,4.1163,24.6736,21.8116,17.1856,5.4481,HIGH
multiposture,multiposture_1709,12.3401,4.2342,24.1052,20.5961,18.0053,5.3595,HIGH
multiposture,multiposture_1710,12.859,4.3617,25.2327,20.5787,17.5786,5.4048,HIGH
multiposture,multiposture_1711,13.6576,4.3818,25.4811,21.0463,14.3692,5.1407,MEDIUM
multiposture,multiposture_1712,5.881,4.7216,27.5092,21.2006,14.057,7.8886,MEDIUM
multiposture,multiposture_1713,6.5333,4.6953,28.0267,21.6225,15.8952,7.6564,HIGH
multiposture,multiposture_1714,10.4604,4.6533,24.0354,16.6763,19.6643,6.5348,HIGH
multiposture,multiposture_1715,12.4885,4.5397,23.7827,17.8281,19.5147,5.8332,HIGH
multiposture,multiposture_1716,12.6173,4.5539,23.5052,17.635,19.4526,5.8488,HIGH
multiposture,multiposture_1717,3.1011,0.1977,34.7359,26.3805,14.5433,0.7697,MEDIUM
multiposture,multiposture_1718,2.2861,0.1695,32.5682,25.5769,13.3309,1.2289,MEDIUM
multiposture,multiposture_1719,1.9563,0.2694,32.3392,25.4799,12.4243,1.3055,MEDIUM
multiposture,multiposture_1720,1.2925,0.4488,31.2567,24.967,11.6149,1.419,MEDIUM
multiposture,multiposture_1721,6.0294,2.2959,2.8121,1.9675,17.4605,2.4308,HIGH
multiposture,multiposture_1722,32.8334,32.8784,20.8633,34.8132,52.3238,54.302,HIGH
multiposture,multiposture_1723,35.341,33.396,21.7333,35.4887,55.2625,54.3991,HIGH
multiposture,multiposture_1724,33.459,33.1956,21.933,36.5173,54.5491,54.6556,HIGH
multiposture,multiposture_1725,31.2486,32.9087,21.6259,36.8807,54.3434,54.9258,HIGH
multiposture,multiposture_1726,28.8916,32.5753,21.4253,37.0487,53.6167,55.1969,HIGH
multiposture,multiposture_1727,27.2361,32.6529,21.6617,37.2334,53.4262,55.9766,HIGH
multiposture,multiposture_1728,27.2006,32.642,21.7065,37.2435,53.4098,56.029,HIGH
multiposture,multiposture_1729,26.8033,32.5143,22.8472,36.9704,53.1833,55.9488,HIGH
multiposture,multiposture_1730,28.1136,32.2459,22.1974,36.9115,53.2574,55.1218,HIGH
multiposture,multiposture_1731,30.9977,32.038,21.9189,33.175,52.9432,53.5124,HIGH
multiposture,multiposture_1732,33.1739,32.3108,21.4123,32.3042,51.795,53.0594,HIGH
multiposture,multiposture_1733,34.5366,31.901,21.0347,35.7242,52.6991,51.7017,HIGH
multiposture,multiposture_1734,35.6058,31.4155,20.5731,36.9426,52.5834,50.3358,HIGH
multiposture,multiposture_1735,35.7282,31.3753,19.5977,38.0053,52.2613,50.2275,HIGH
multiposture,multiposture_1736,35.9752,31.356,19.8065,38.7317,52.3153,50.1002,HIGH
multiposture,multiposture_1737,35.9623,31.4099,19.9513,38.792,52.3875,50.214,HIGH
multiposture,multiposture_1738,38.8411,30.5834,19.9131,27.3495,50.7631,47.7436,HIGH
multiposture,multiposture_1739,35.9682,31.2506,18.8858,32.2613,52.491,50.118,HIGH
multiposture,multiposture_1740,34.2208,31.7088,19.8476,36.0321,53.8928,51.5977,HIGH
multiposture,multiposture_1741,34.0438,32.0352,20.4041,39.1303,54.2327,52.2428,HIGH
multiposture,multiposture_1742,34.0992,32.1837,20.7526,40.4909,54.2164,52.4869,HIGH
multiposture,multiposture_1743,33.9287,32.2131,21.2106,40.8335,54.2896,52.6028,HIGH
multiposture,multiposture_1744,34.2894,32.4277,21.368,41.1597,54.3305,52.8454,HIGH
multiposture,multiposture_1745,35.4034,32.5807,21.3115,41.498,54.0661,52.6478,HIGH
multiposture,multiposture_1746,38.4177,32.7916,21.3626,41.5068,54.8606,52.0192,HIGH
multiposture,multiposture_1747,40.7785,33.0369,21.8173,41.864,54.9809,51.7116,HIGH
multiposture,multiposture_1748,41.1585,33.0734,21.8555,41.7497,55.1635,51.6208,HIGH
multiposture,multiposture_1749,38.2298,33.0974,22.3976,34.1555,53.5819,52.7744,HIGH
multiposture,multiposture_1750,34.8576,32.9383,21.5556,32.1899,52.6033,53.6749,HIGH
multiposture,multiposture_1751,34.6673,32.8641,21.9586,36.6181,52.29,53.5532,HIGH
multiposture,multiposture_1752,4.7407,13.6294,35.5589,11.9334,0.8555,25.7683,MEDIUM
multiposture,multiposture_1753,2.4228,14.2221,35.7203,11.3368,0.3033,27.3004,MEDIUM
multiposture,multiposture_1754,3.5823,14.7831,35.9695,6.0587,2.385,30.7424,MEDIUM
multiposture,multiposture_1755,3.6216,15.0078,36.0068,3.7766,4.6176,31.7168,MEDIUM
multiposture,multiposture_1756,2.0133,14.9974,36.8677,3.881,4.7108,31.4279,MEDIUM
multiposture,multiposture_1757,1.5849,15.059,36.5077,3.4981,5.0824,31.5107,MEDIUM
multiposture,multiposture_1758,0.687,15.3433,36.716,3.211,4.9312,31.3105,MEDIUM
multiposture,multiposture_1759,11.3117,15.04,35.5974,5.9724,2.3598,27.0485,MEDIUM
multiposture,multiposture_1760,13.0889,15.119,35.2491,8.443,0.4399,26.6774,MEDIUM
multiposture,multiposture_1761,14.0594,15.2881,35.476,11.014,0.4797,26.7252,MEDIUM
multiposture,multiposture_1762,14.2456,15.3762,35.6211,11.6633,0.1672,26.8376,MEDIUM
multiposture,multiposture_1763,13.259,15.2816,35.087,11.3415,0.0709,26.9324,MEDIUM
multiposture,multiposture_1764,12.8054,15.3355,35.5872,11.6523,0.2363,27.1687,MEDIUM
multiposture,multiposture_1765,12.5793,15.3438,35.5857,12.0287,0.3025,27.2495,MEDIUM
multiposture,multiposture_1766,12.7682,15.402,35.4789,11.9647,0.2042,27.3262,MEDIUM
multiposture,multiposture_1767,12.4954,15.4197,35.5493,12.1346,0.2469,27.4305,MEDIUM
multiposture,multiposture_1768,12.0207,15.4623,35.3407,12.2908,0.7915,27.6232,MEDIUM
multiposture,multiposture_1769,11.4808,15.3656,34.9624,12.4448,0.7807,27.5746,MEDIUM
multiposture,multiposture_1770,11.7263,15.4063,34.577,12.4368,0.7231,27.5816,MEDIUM
multiposture,multiposture_1771,9.9706,14.9271,35.161,13.8238,0.2978,27.1643,MEDIUM
multiposture,multiposture_1772,8.0451,15.1503,35.8496,4.7354,3.3768,28.384,MEDIUM
multiposture,multiposture_1773,6.7608,15.4014,36.5009,1.3256,4.4711,29.3849,MEDIUM
multiposture,multiposture_1774,6.5021,15.4854,36.624,0.6638,4.8318,29.7128,MEDIUM
multiposture,multiposture_1775,6.2744,15.4758,36.4083,0.0873,5.4805,29.7961,MEDIUM
multiposture,multiposture_1776,5.9784,15.5052,36.4192,0.6135,5.5433,29.9328,MEDIUM
multiposture,multiposture_1777,6.7392,15.6213,36.3058,0.3903,5.542,29.916,MEDIUM
multiposture,multiposture_1778,8.1967,15.6237,35.8016,0.8116,5.8958,29.4841,MEDIUM
multiposture,multiposture_1779,9.2848,15.5334,35.3366,0.7262,6.691,29.005,MEDIUM
multiposture,multiposture_1780,9.9297,15.617,35.4725,0.7828,6.9018,28.9389,MEDIUM
multiposture,multiposture_1781,6.9168,15.472,34.9838,0.9103,7.6017,29.8023,MEDIUM
multiposture,multiposture_1782,4.952,4.3648,6.8127,11.3414,16.5492,7.3697,HIGH
multiposture,multiposture_1783,5.8995,4.4816,15.9376,13.3693,17.6885,7.2467,HIGH
multiposture,multiposture_1784,6.8098,4.6805,16.8016,13.7379,17.4041,7.3098,HIGH
multiposture,multiposture_1785,7.7297,4.8621,16.6275,14.1841,17.6681,7.3491,HIGH
multiposture,multiposture_1786,8.5205,5.1531,17.399,14.7835,17.8815,7.6833,HIGH
multiposture,multiposture_1787,9.4155,5.3638,16.4559,15.3599,18.4408,7.8012,HIGH
multiposture,multiposture_1788,9.7996,5.406,15.9576,15.6442,19.2387,7.7529,HIGH
multiposture,multiposture_1789,9.7824,5.3851,15.4245,15.7154,19.3799,7.7311,HIGH
multiposture,multiposture_1790,15.3554,5.2145,68.9835,16.048,16.2887,5.7937,HIGH
multiposture,multiposture_1791,17.893,4.9406,69.8425,16.9275,17.7305,4.3603,HIGH
multiposture,multiposture_1792,15.139,4.3928,34.3825,15.2444,19.2317,3.7326,HIGH
multiposture,multiposture_1793,13.4104,4.3191,23.479,13.5883,19.5491,3.9951,HIGH
multiposture,multiposture_1794,12.103,4.3752,16.9631,13.2862,20.3326,4.5859,HIGH
multiposture,multiposture_1795,11.691,4.4007,14.5145,13.1621,20.7201,4.7993,HIGH
multiposture,multiposture_1796,11.3006,4.384,13.1303,13.0774,20.7214,4.9222,HIGH
multiposture,multiposture_1797,11.4694,4.46,12.6854,12.8662,20.7224,5.0064,HIGH
multiposture,multiposture_1798,11.3997,4.58,12.6056,12.6302,20.657,5.3165,HIGH
multiposture,multiposture_1799,11.5705,4.6239,12.623,12.52,20.572,5.3825,HIGH
multiposture,multiposture_1800,11.554,4.6496,12.3698,12.3965,21.1119,5.4931,HIGH
multiposture,multiposture_1801,10.8242,4.8169,12.1538,12.5875,21.1723,6.1256,HIGH
multiposture,multiposture_1802,14.064,4.3874,11.9096,8.1836,18.2577,4.0653,HIGH
multiposture,multiposture_1803,14.7689,4.3657,11.9755,1.5312,16.812,3.6443,HIGH
multiposture,multiposture_1804,14.2352,4.6423,11.3559,1.803,16.6067,4.4327,HIGH
multiposture,multiposture_1805,13.8326,4.5468,11.3344,8.6538,17.3649,4.4203,HIGH
multiposture,multiposture_1806,13.8049,4.5496,11.4154,10.3878,18.725,4.4558,HIGH
multiposture,multiposture_1807,13.2206,4.6277,11.2978,11.1638,19.8659,4.8388,HIGH
multiposture,multiposture_1808,12.8913,4.7446,11.1318,12.05,20.6477,5.1913,HIGH
multiposture,multiposture_1809,13.3679,4.9153,11.1551,12.2986,20.7425,5.4476,HIGH
multiposture,multiposture_1810,14.2369,5.1428,11.6285,12.7452,20.9177,5.6763,HIGH
multiposture,multiposture_1811,16.4852,6.2757,3.2771,15.6575,21.7067,6.9773,HIGH
multiposture,multiposture_1812,16.7096,4.7033,6.189,13.2595,21.1274,3.4108,HIGH
multiposture,multiposture_1813,15.7028,2.8793,4.6529,11.2153,18.5103,0.2087,HIGH
multiposture,multiposture_1814,11.6696,1.4081,1.9635,11.428,17.9928,1.5927,HIGH
multiposture,multiposture_1815,13.0867,0.4979,0.1427,10.8835,18.6584,3.8416,HIGH
multiposture,multiposture_1816,15.822,0.93,5.7775,10.5153,16.9862,7.4717,HIGH
multiposture,multiposture_1817,11.1678,0.7179,5.8263,11.1086,16.1751,6.2924,HIGH
multiposture,multiposture_1818,12.8012,1.7448,9.3542,11.4711,16.7229,9.2455,HIGH
multiposture,multiposture_1819,11.2845,1.4958,9.8427,11.7323,16.8618,8.1012,HIGH
multiposture,multiposture_1820,11.2576,1.156,9.5563,11.6714,16.8165,7.2766,HIGH
multiposture,multiposture_1821,11.4394,0.9503,9.9544,11.6444,16.781,6.8297,HIGH
multiposture,multiposture_1822,12.2487,0.9828,10.5852,16.0797,14.7237,6.8083,MEDIUM
multiposture,multiposture_1823,14.4927,0.5889,10.3139,18.9428,13.3782,6.6931,MEDIUM
multiposture,multiposture_1824,12.4187,0.0808,12.2716,18.4518,16.3598,4.9707,HIGH
multiposture,multiposture_1825,11.5558,0.2986,12.01,18.6531,17.6134,5.2244,HIGH
multiposture,multiposture_1826,11.7685,0.0735,11.9261,17.476,17.6819,4.5874,HIGH
multiposture,multiposture_1827,11.9908,0.1656,11.0375,15.4737,17.3846,4.3541,HIGH
multiposture,multiposture_1828,11.9865,0.1695,11.0161,15.2607,17.3399,4.3424,HIGH
multiposture,multiposture_1829,11.5208,0.502,10.1851,15.3694,17.7618,3.402,HIGH
multiposture,multiposture_1830,12.0966,0.0014,14.4152,18.9234,17.4914,4.4579,HIGH
multiposture,multiposture_1831,15.1386,0.3501,12.7244,8.8549,13.8552,5.2047,MEDIUM
multiposture,multiposture_1832,22.9831,3.54,23.7639,24.801,19.2598,0.9106,HIGH
multiposture,multiposture_1833,14.8892,4.0095,23.2423,24.6892,19.9201,3.763,HIGH
multiposture,multiposture_1834,17.1822,3.5898,23.8087,23.0363,16.9332,2.0169,HIGH
multiposture,multiposture_1835,16.6387,3.8893,23.1849,21.4989,19.3079,2.8329,HIGH
multiposture,multiposture_1836,16.3443,3.8899,23.6706,21.2074,19.8366,2.952,HIGH
multiposture,multiposture_1837,16.1523,3.9122,23.6091,20.8394,20.4406,3.019,HIGH
multiposture,multiposture_1838,16.2049,3.9054,23.5917,20.5127,20.5611,2.9937,HIGH
multiposture,multiposture_1839,14.8995,4.0595,23.2658,20.4886,20.8476,3.6985,HIGH
multiposture,multiposture_1840,11.9404,4.0372,22.9694,20.4876,20.1364,4.4937,HIGH
multiposture,multiposture_1841,10.9541,3.9904,22.9801,20.4175,20.3289,4.758,HIGH
multiposture,multiposture_1842,13.5042,3.9609,23.3785,20.3429,20.5908,3.9395,HIGH
multiposture,multiposture_1843,16.8679,3.5709,26.7667,20.7788,20.1988,2.3596,HIGH
multiposture,multiposture_1844,16.7826,3.7012,25.1995,19.7615,21.5515,2.5846,HIGH
multiposture,multiposture_1845,16.1969,3.654,23.9021,19.6022,21.5321,2.5643,HIGH
multiposture,multiposture_1846,15.2666,3.6278,23.9402,19.9125,21.3411,2.7465,HIGH
multiposture,multiposture_1847,15.299,3.6971,24.6016,19.8303,21.2778,2.9113,HIGH
multiposture,multiposture_1848,15.3925,3.6499,24.6487,19.8291,21.3257,2.7913,HIGH
multiposture,multiposture_1849,14.9587,3.6422,24.2989,19.8925,20.7125,2.8453,HIGH
multiposture,multiposture_1850,14.8352,3.6509,24.0478,19.6313,20.3062,2.8548,HIGH
multiposture,multiposture_1851,14.6721,3.7153,24.0549,19.1948,20.2328,3.0063,HIGH
multiposture,multiposture_1852,13.9156,3.6634,23.6261,19.3978,20.1585,3.0619,HIGH
multiposture,multiposture_1853,9.4253,3.7163,23.5535,19.351,20.4392,4.6315,HIGH
multiposture,multiposture_1854,6.0172,3.7413,23.684,19.4265,20.6561,5.7972,HIGH
multiposture,multiposture_1855,12.4304,6.7974,4.4826,4.4419,28.3546,9.8748,HIGH
multiposture,multiposture_1856,11.1712,6.6939,4.2288,1.5736,27.6604,10.0386,HIGH
multiposture,multiposture_1857,11.0694,6.5883,3.9917,1.3066,27.0811,9.8652,HIGH
multiposture,multiposture_1858,6.569,6.5312,5.0463,0.2471,26.4709,11.3608,HIGH
multiposture,multiposture_1859,3.683,5.8131,5.0434,0.5049,25.5645,10.9589,HIGH
multiposture,multiposture_1860,0.1694,5.9324,5.0724,0.735,23.9963,12.8244,HIGH
multiposture,multiposture_1861,6.1146,7.0765,0.3616,1.5109,26.0191,12.7151,HIGH
multiposture,multiposture_1862,8.7974,7.1273,1.5031,1.5207,28.6191,11.7792,HIGH
multiposture,multiposture_1863,9.1568,7.1695,2.07,1.5413,28.6444,11.7455,HIGH
multiposture,multiposture_1864,8.1308,7.1234,4.5054,2.27,28.0742,12.0256,HIGH
multiposture,multiposture_1865,3.9721,7.114,4.9872,2.1871,27.603,13.6354,HIGH
multiposture,multiposture_1866,3.5878,7.11,5.3612,1.9012,28.3732,13.7815,HIGH
multiposture,multiposture_1867,3.9027,7.1922,5.6045,2.0112,28.7943,13.8416,HIGH
multiposture,multiposture_1868,0.9461,6.5509,5.7641,1.5607,27.9487,13.6894,HIGH
multiposture,multiposture_1869,0.4991,7.102,7.4144,1.6348,27.0724,15.0272,HIGH
multiposture,multiposture_1870,1.3488,6.9056,7.8891,1.5647,26.2956,14.2866,HIGH
multiposture,multiposture_1871,1.6298,6.9064,7.7935,1.0984,26.2446,14.1732,HIGH
multiposture,multiposture_1872,2.1916,7.0298,7.8119,1.3068,26.1283,14.2065,HIGH
multiposture,multiposture_1873,0.6392,7.199,8.1634,1.6374,25.9885,15.1984,HIGH
multiposture,multiposture_1874,3.1755,7.3005,8.4232,2.313,28.6726,14.3922,HIGH
multiposture,multiposture_1875,4.8092,7.2484,9.0817,3.8998,28.2155,13.6139,HIGH
multiposture,multiposture_1876,11.4143,8.2592,39.9426,6.0999,15.8432,13.2955,HIGH
multiposture,multiposture_1877,2.8386,8.4497,2.9222,6.2709,19.0581,16.5586,HIGH
multiposture,multiposture_1878,12.2274,5.8826,9.6265,22.2983,25.3839,8.1803,HIGH
multiposture,multiposture_1879,6.4643,6.9324,10.1579,18.3424,33.1419,17.2613,HIGH
multiposture,multiposture_1880,6.2471,6.7032,9.4558,17.8614,34.0676,16.7239,HIGH
multiposture,multiposture_1881,4.0841,6.9212,9.0235,18.2129,34.5343,16.2697,HIGH
multiposture,multiposture_1882,2.375,7.4063,8.9527,18.1995,35.869,16.585,HIGH
multiposture,multiposture_1883,2.0439,7.3866,9.1183,18.3853,36.767,16.3504,HIGH
multiposture,multiposture_1884,4.9588,4.4581,10.0063,13.6235,14.7793,7.5621,MEDIUM
multiposture,multiposture_1885,14.7509,4.9957,23.1707,45.7901,21.7818,5.5516,HIGH
multiposture,multiposture_1886,2.2831,4.0943,12.2265,12.2748,20.13,7.9332,HIGH
multiposture,multiposture_1887,2.1876,4.1072,12.2437,12.3499,20.8473,8.002,HIGH
multiposture,multiposture_1888,9.5341,4.5624,12.578,9.1589,17.7159,5.7777,HIGH
multiposture,multiposture_1889,9.4916,4.5093,12.8334,12.5855,18.2334,5.7013,HIGH
multiposture,multiposture_1890,9.6612,4.5512,13.5447,13.3304,18.9041,5.7323,HIGH
multiposture,multiposture_1891,9.6227,4.589,13.8049,13.3402,18.9916,5.8249,HIGH
multiposture,multiposture_1892,10.0163,4.7659,13.9544,13.3432,19.3298,6.0532,HIGH
multiposture,multiposture_1893,10.0267,4.7534,13.9572,14.2102,19.379,6.0225,HIGH
multiposture,multiposture_1894,9.8091,4.7651,13.9429,13.9602,19.4771,6.1359,HIGH
multiposture,multiposture_1895,8.8604,4.611,14.1229,14.1893,19.0018,6.2389,HIGH
multiposture,multiposture_1896,5.8732,4.582,7.0681,13.9123,18.7116,7.4641,HIGH
multiposture,multiposture_1897,6.2956,5.307,10.0103,7.4797,19.039,8.8697,HIGH
multiposture,multiposture_1898,8.3655,4.6782,11.6107,11.7763,18.8468,6.8105,HIGH
multiposture,multiposture_1899,8.2596,4.6362,12.4679,12.5818,19.0964,6.7534,HIGH
multiposture,multiposture_1900,10.3549,4.5951,13.2827,12.982,17.1367,5.9997,HIGH
multiposture,multiposture_1901,10.9531,4.6273,13.1493,12.8399,17.5115,5.8125,HIGH
multiposture,multiposture_1902,10.8697,4.6128,13.1948,12.7789,17.5701,5.7832,HIGH
multiposture,multiposture_1903,10.4335,4.5396,12.9051,13.0293,17.7923,5.7645,HIGH
multiposture,multiposture_1904,10.6951,4.5776,12.8628,12.8351,18.016,5.7635,HIGH
multiposture,multiposture_1905,10.9188,4.5595,12.9733,12.8364,18.3661,5.6157,HIGH
multiposture,multiposture_1906,11.1323,4.5389,12.6431,12.8648,18.3577,5.4962,HIGH
multiposture,multiposture_1907,11.2868,4.5581,12.5755,12.7278,18.3435,5.4822,HIGH
multiposture,multiposture_1908,11.0647,4.511,12.6332,12.8552,18.3,5.4565,HIGH
multiposture,multiposture_1909,11.0457,4.5662,12.6417,12.5535,17.8397,5.6255,HIGH
multiposture,multiposture_1910,11.7273,4.5639,12.8311,12.6475,18.9134,5.5026,HIGH
multiposture,multiposture_1911,8.3238,4.0248,1.3348,13.0747,22.7144,5.5404,HIGH
multiposture,multiposture_1912,7.8471,3.9388,3.385,13.4565,24.3634,5.4888,HIGH
multiposture,multiposture_1913,8.9933,4.1368,5.1631,12.9513,20.0018,5.4302,HIGH
multiposture,multiposture_1914,10.1971,4.3907,9.4024,13.019,18.6133,5.4765,HIGH
multiposture,multiposture_1915,10.6409,5.0973,15.74,10.5349,21.5396,6.7847,HIGH
multiposture,multiposture_1916,12.1182,4.776,12.4331,1.9964,19.0915,5.5042,HIGH
multiposture,multiposture_1917,12.2249,4.7552,11.8725,6.8687,19.1378,5.4531,HIGH
multiposture,multiposture_1918,9.9818,4.5198,12.0903,8.5811,17.753,5.7335,HIGH
multiposture,multiposture_1919,4.6523,4.4932,11.5628,8.8981,16.5286,7.7543,HIGH
multiposture,multiposture_1920,6.5415,4.829,15.4058,11.9865,18.1068,7.6586,HIGH
multiposture,multiposture_1921,3.9721,4.8238,17.844,13.291,16.9056,8.793,HIGH
multiposture,multiposture_1922,2.4465,4.5041,18.0052,14.5538,15.2624,8.8044,HIGH
multiposture,multiposture_1923,5.1654,5.012,16.5746,12.2554,15.8885,8.6774,HIGH
multiposture,multiposture_1924,10.1119,5.2706,16.4045,13.4696,19.6055,7.3253,HIGH
multiposture,multiposture_1925,9.7825,5.2334,16.8239,13.3297,19.3047,7.3405,HIGH
multiposture,multiposture_1926,9.6439,5.2043,16.8892,13.1451,19.3654,7.3193,HIGH
multiposture,multiposture_1927,9.6719,5.3662,16.5715,13.1581,19.5512,7.6637,HIGH
multiposture,multiposture_1928,9.5064,5.2833,16.5219,13.0092,19.9536,7.545,HIGH
multiposture,multiposture_1929,9.1759,5.341,17.1337,13.0543,19.7421,7.7734,HIGH
multiposture,multiposture_1930,11.4845,4.4705,20.6154,18.9383,17.2789,5.5821,HIGH
multiposture,multiposture_1931,12.5491,4.4944,25.906,19.3773,16.9449,5.3225,HIGH
multiposture,multiposture_1932,14.6614,4.8959,26.5722,20.6939,19.6778,6.6174,HIGH
multiposture,multiposture_1933,13.0624,4.4054,24.1687,18.9064,10.1215,5.1116,MEDIUM
multiposture,multiposture_1934,17.5576,4.6299,24.2234,19.0249,10.0578,4.2316,MEDIUM
multiposture,multiposture_1935,19.4475,4.6212,24.872,19.232,9.37,3.6141,MEDIUM
multiposture,multiposture_1936,21.6961,4.617,24.8787,18.9343,9.0125,2.7404,MEDIUM
multiposture,multiposture_1937,23.6276,4.5872,24.6881,18.7299,8.0843,2.1272,MEDIUM
multiposture,multiposture_1938,18.1422,4.6955,24.5671,18.1794,8.8643,4.0955,MEDIUM
multiposture,multiposture_1939,15.1197,4.8083,24.2072,18.0462,9.9634,5.374,MEDIUM
multiposture,multiposture_1940,14.0595,4.8646,23.9062,7.5048,9.9353,5.8256,MEDIUM
multiposture,multiposture_1941,8.2914,4.5914,25.6586,17.8319,17.0972,6.9531,HIGH
multiposture,multiposture_1942,9.6681,4.6018,25.3246,16.612,17.9002,6.5776,HIGH
multiposture,multiposture_1943,8.5012,4.5416,23.9763,16.4416,18.141,6.7753,HIGH
multiposture,multiposture_1944,9.1527,4.549,24.3292,16.6184,18.9996,6.6088,HIGH
multiposture,multiposture_1945,13.5877,4.7169,28.0124,17.8549,18.2622,5.8419,HIGH
multiposture,multiposture_1946,15.0535,5.2486,9.2453,18.5923,24.2885,6.2676,HIGH
multiposture,multiposture_1947,11.6902,4.6992,3.5644,18.5321,24.3303,6.0881,HIGH
multiposture,multiposture_1948,7.2,4.746,25.7546,18.648,12.7477,7.5544,MEDIUM
multiposture,multiposture_1949,4.0265,0.5942,32.5384,26.848,17.2814,0.376,HIGH
multiposture,multiposture_1950,10.8181,1.8374,18.7754,14.4757,15.6256,0.0135,HIGH
multiposture,multiposture_1951,10.2976,2.6072,17.5185,11.925,16.3014,1.7092,HIGH
multiposture,multiposture_1952,8.1478,3.6205,14.3416,12.5577,18.6614,4.885,HIGH
multiposture,multiposture_1953,8.2396,3.6407,14.0275,12.1713,18.6711,4.8266,HIGH
multiposture,multiposture_1954,8.2975,3.7371,14.1934,12.3004,18.7725,4.9185,HIGH
multiposture,multiposture_1955,8.8437,3.9181,14.4218,12.2105,18.7107,5.09,HIGH
multiposture,multiposture_1956,9.7683,3.9069,14.523,12.0526,18.3281,4.7205,HIGH
multiposture,multiposture_1957,9.8559,3.893,14.5542,12.0118,18.2877,4.6619,HIGH
multiposture,multiposture_1958,10.2405,3.8975,14.7171,11.896,17.9789,4.5012,HIGH
multiposture,multiposture_1959,10.7059,3.9794,14.6785,11.3111,17.9036,4.5005,HIGH
multiposture,multiposture_1960,10.7641,3.9871,14.9619,11.3744,17.8715,4.4999,HIGH
multiposture,multiposture_1961,10.8817,4.0351,14.9796,11.3721,17.7795,4.5569,HIGH
multiposture,multiposture_1962,11.0253,4.0415,15.0728,11.4144,17.6261,4.5218,HIGH
multiposture,multiposture_1963,10.9903,4.0326,15.2011,11.4256,17.511,4.5091,HIGH
multiposture,multiposture_1964,11.2747,4.1147,15.2277,11.4516,17.5122,4.5957,HIGH
multiposture,multiposture_1965,11.0922,4.1251,15.5742,11.458,17.5646,4.671,HIGH
multiposture,multiposture_1966,10.9156,4.1491,15.7623,11.4539,17.6916,4.7835,HIGH
multiposture,multiposture_1967,10.8609,4.1794,15.8694,11.5412,17.6971,4.8697,HIGH
multiposture,multiposture_1968,10.8151,4.1927,15.7094,11.7038,17.6666,4.9176,HIGH
multiposture,multiposture_1969,10.5034,4.1874,16.1215,11.8648,17.7985,5.0201,HIGH
multiposture,multiposture_1970,10.6063,4.2439,15.9644,11.8977,17.8405,5.1211,HIGH
multiposture,multiposture_1971,10.7031,4.3107,15.8953,12.0824,17.8869,5.2313,HIGH
multiposture,multiposture_1972,10.7366,4.3243,15.8372,12.2163,17.8923,5.2478,HIGH
multiposture,multiposture_1973,10.634,4.2969,15.9194,12.2288,17.8995,5.2445,HIGH
multiposture,multiposture_1974,10.6579,4.2837,15.9899,12.2278,17.8695,5.2174,HIGH
multiposture,multiposture_1975,12.1123,4.4027,15.3496,12.8051,17.3463,5.1115,HIGH
multiposture,multiposture_1976,3.2758,2.8332,7.2002,9.8719,19.1226,4.7882,HIGH
multiposture,multiposture_1977,3.0471,2.8447,7.2588,9.9996,17.3177,4.8918,HIGH
multiposture,multiposture_1978,2.1853,2.5206,7.2262,9.2867,16.7524,4.5161,HIGH
multiposture,multiposture_1979,1.9375,2.4421,7.3344,9.1685,16.5336,4.4391,HIGH
multiposture,multiposture_1980,1.0452,2.6109,7.9763,9.0487,17.5436,5.1087,HIGH
multiposture,multiposture_1981,1.3402,2.628,7.0071,9.0017,17.7193,5.0214,HIGH
multiposture,multiposture_1982,1.071,2.6241,8.5591,8.8223,17.5161,5.1048,HIGH
multiposture,multiposture_1983,0.5437,2.7588,8.9132,9.034,17.739,5.5819,HIGH
multiposture,multiposture_1984,19.3018,8.9541,1.6519,21.3701,24.5596,11.7273,HIGH
multiposture,multiposture_1985,19.7521,8.9943,1.6342,19.9775,25.4801,11.7713,HIGH
multiposture,multiposture_1986,20.2896,9.2705,1.6142,20.0041,25.7824,12.2034,HIGH
multiposture,multiposture_1987,21.5475,9.1298,1.5646,19.8216,25.6307,11.4833,HIGH
multiposture,multiposture_1988,21.1762,9.2222,1.5247,19.6527,25.5126,11.8313,HIGH
multiposture,multiposture_1989,20.6649,9.0737,1.5453,19.5422,25.3394,11.368,HIGH
multiposture,multiposture_1990,20.7732,8.9705,1.7113,19.4,24.9679,10.9532,HIGH
multiposture,multiposture_1991,30.1775,1.2831,21.8315,12.8385,12.3485,1.1098,HIGH
multiposture,multiposture_1992,9.9369,1.2062,20.5526,11.6021,12.8587,0.8761,MEDIUM
multiposture,multiposture_1993,10.3215,1.4033,20.324,11.6766,14.4738,0.7188,MEDIUM
multiposture,multiposture_1994,10.1951,1.4278,20.8554,11.3981,13.6921,0.6331,MEDIUM
multiposture,multiposture_1995,6.3378,2.6114,17.8125,12.7625,16.0622,3.3655,HIGH
multiposture,multiposture_1996,7.817,2.746,17.7229,13.2362,16.5222,3.1994,HIGH
multiposture,multiposture_1997,9.2356,3.0881,17.5264,13.8473,16.526,3.437,HIGH
multiposture,multiposture_1998,11.8449,3.2829,17.9354,13.7161,15.8284,3.3665,HIGH
multiposture,multiposture_1999,13.5146,3.3281,18.0599,13.8843,15.2831,3.2142,HIGH
multiposture,multiposture_2000,15.607,3.2924,18.1315,13.731,14.775,2.6914,MEDIUM
multiposture,multiposture_2001,17.4238,3.4526,18.6334,13.1796,14.3802,2.6562,MEDIUM
multiposture,multiposture_2002,18.282,3.4305,18.6659,13.171,14.3007,2.4031,MEDIUM
multiposture,multiposture_2003,18.9451,3.4179,18.6778,13.6904,14.1728,2.2364,MEDIUM
multiposture,multiposture_2004,19.4855,3.433,18.6828,13.7335,14.2326,2.1423,MEDIUM
multiposture,multiposture_2005,19.9474,3.5214,18.8659,13.9915,14.5973,2.1678,MEDIUM
multiposture,multiposture_2006,19.7984,3.5,18.7182,14.0005,13.8871,2.0192,MEDIUM
multiposture,multiposture_2007,20.0497,3.4913,18.4027,14.1177,13.2393,1.8111,MEDIUM
multiposture,multiposture_2008,21.1326,3.4509,18.2535,14.0848,13.0771,1.3671,MEDIUM
multiposture,multiposture_2009,16.156,3.2294,16.8231,13.9525,13.1611,1.5156,MEDIUM
multiposture,multiposture_2010,1.0736,3.6211,15.7792,14.2975,16.7446,8.1324,HIGH
multiposture,multiposture_2011,5.0889,3.7443,15.5822,14.6112,19.019,9.9191,HIGH
multiposture,multiposture_2012,3.6206,3.8416,15.344,14.8192,18.4853,9.5012,HIGH
multiposture,multiposture_2013,4.0514,3.8407,15.4156,14.7532,16.9206,6.623,HIGH
multiposture,multiposture_2014,9.1289,3.7508,15.4882,14.5855,16.0954,4.653,HIGH
multiposture,multiposture_2015,12.1864,3.6668,15.7129,14.4823,15.2399,3.4788,HIGH
multiposture,multiposture_2016,13.2034,3.4801,16.8133,14.4609,13.9611,2.6634,MEDIUM
multiposture,multiposture_2017,8.5973,3.6006,15.9614,13.7464,17.0508,4.4012,HIGH
multiposture,multiposture_2018,9.047,3.7699,15.5982,12.2441,17.397,4.6911,HIGH
multiposture,multiposture_2019,8.7407,3.6781,16.2879,13.0283,17.2984,4.6369,HIGH
multiposture,multiposture_2020,9.383,3.4219,16.7832,13.9084,16.8181,3.8621,HIGH
multiposture,multiposture_2021,8.1467,2.5867,31.4373,15.367,15.537,2.801,HIGH
multiposture,multiposture_2022,8.8421,2.7129,27.4479,14.0004,16.0819,2.9595,HIGH
multiposture,multiposture_2023,8.6861,2.7489,25.7996,13.8153,16.3196,3.0821,HIGH
multiposture,multiposture_2024,8.4558,2.8397,25.2017,13.7896,16.7829,3.3107,HIGH
multiposture,multiposture_2025,8.692,2.8759,24.723,13.3605,16.8781,3.3095,HIGH
multiposture,multiposture_2026,8.9716,2.9396,23.9498,13.5103,17.0625,3.3522,HIGH
multiposture,multiposture_2027,9.318,3.2825,23.9907,13.6316,17.4048,3.9574,HIGH
multiposture,multiposture_2028,9.574,3.3785,24.0435,13.9301,17.5223,4.0803,HIGH
multiposture,multiposture_2029,6.7645,3.3188,23.0946,14.3255,14.8898,4.7035,MEDIUM
multiposture,multiposture_2030,6.617,3.2655,23.3835,14.2417,14.7953,4.6617,MEDIUM
multiposture,multiposture_2031,6.6861,3.2553,23.3334,14.235,14.7516,4.6416,MEDIUM
multiposture,multiposture_2032,8.8631,3.2378,23.3808,14.1817,15.0308,4.2115,HIGH
multiposture,multiposture_2033,13.2162,3.2072,23.232,14.0254,14.9362,3.4284,MEDIUM
multiposture,multiposture_2034,16.5646,3.128,23.6362,13.9996,15.189,2.526,HIGH
multiposture,multiposture_2035,16.7854,3.0862,23.4671,14.2004,14.3123,2.3174,MEDIUM
multiposture,multiposture_2036,13.238,3.0528,23.2696,14.2218,12.8749,2.9583,MEDIUM
multiposture,multiposture_2037,10.1614,3.1321,22.9987,14.4229,12.4221,3.7859,MEDIUM
multiposture,multiposture_2038,11.7566,3.0841,23.2733,14.2573,13.4519,3.1275,MEDIUM
multiposture,multiposture_2039,13.8763,3.0919,23.4096,14.4935,12.0686,0.411,MEDIUM
multiposture,multiposture_2040,17.438,2.9126,23.7486,14.8966,11.6214,1.6692,MEDIUM
multiposture,multiposture_2041,18.0027,2.9446,23.9045,15.0347,11.6908,1.4005,MEDIUM
multiposture,multiposture_2042,18.8201,2.8949,24.1357,14.9901,11.8985,1.5904,MEDIUM
multiposture,multiposture_2043,18.7938,2.9112,24.4383,15.0013,12.4265,1.4534,MEDIUM
multiposture,multiposture_2044,20.0579,2.925,24.5016,14.8352,12.6452,1.5488,MEDIUM
multiposture,multiposture_2045,21.0861,2.9475,24.4399,14.8356,12.8206,1.7648,MEDIUM
multiposture,multiposture_2046,22.1137,3.0161,24.594,14.8348,13.2507,1.8225,MEDIUM
multiposture,multiposture_2047,22.6494,2.9028,25.0761,14.8619,13.3923,2.1526,MEDIUM
multiposture,multiposture_2048,23.1481,2.9429,24.9858,14.8321,13.7152,2.1213,MEDIUM
multiposture,multiposture_2049,23.534,2.9618,24.5162,14.5515,13.854,2.1553,MEDIUM
multiposture,multiposture_2050,23.9964,3.0209,24.6688,14.6087,13.9412,2.1326,MEDIUM
multiposture,multiposture_2051,11.068,4.397,30.6958,13.6053,22.74,5.6782,HIGH
multiposture,multiposture_2052,10.5804,3.9124,27.0907,12.943,23.2488,4.8514,HIGH
multiposture,multiposture_2053,9.0255,3.7251,23.8405,12.8235,19.8457,4.957,HIGH
multiposture,multiposture_2054,174.0335,17.84,5.0052,14.2444,14.5733,1.6372,HIGH
multiposture,multiposture_2055,178.4396,15.8025,2.7898,11.3518,15.2728,4.5168,HIGH
multiposture,multiposture_2056,175.0921,15.5006,3.1773,9.6465,16.2163,13.3903,HIGH
multiposture,multiposture_2057,170.6248,16.7771,1.4025,8.0556,17.1912,19.8465,HIGH
multiposture,multiposture_2058,168.9936,16.3926,2.89,7.0309,16.4837,21.5889,HIGH
multiposture,multiposture_2059,168.3675,16.3998,4.5017,7.0842,17.4896,22.4187,HIGH
multiposture,multiposture_2060,167.9636,16.3755,6.5739,7.9567,17.0039,22.9015,HIGH
multiposture,multiposture_2061,168.5346,16.0046,9.3819,7.7595,16.823,22.1921,HIGH
multiposture,multiposture_2062,168.1877,15.8506,10.5371,6.8965,16.4679,22.5609,HIGH
multiposture,multiposture_2063,176.6901,12.5072,6.0743,5.9398,15.7073,11.3944,HIGH
multiposture,multiposture_2064,178.4535,10.3622,4.8807,5.3308,13.1013,9.8136,HIGH
multiposture,multiposture_2065,178.4267,9.6074,5.8379,4.6456,11.9292,9.1452,HIGH
multiposture,multiposture_2066,179.2974,8.9534,4.9649,4.5588,11.3886,8.3373,HIGH
multiposture,multiposture_2067,178.4406,8.6576,4.8982,4.3817,11.3735,8.6919,HIGH
multiposture,multiposture_2068,177.7871,8.0637,4.8496,3.8924,11.3676,8.796,HIGH
multiposture,multiposture_2069,177.5865,7.2296,5.6945,3.6446,10.3684,8.4396,HIGH
multiposture,multiposture_2070,177.4689,7.388,5.7829,3.6816,10.5556,8.7152,HIGH
multiposture,multiposture_2071,179.2142,7.3237,4.8186,3.6799,10.6903,6.9457,HIGH
multiposture,multiposture_2072,178.3734,7.9467,4.9071,3.6705,11.1494,7.0012,HIGH
multiposture,multiposture_2073,178.3634,7.9812,4.7597,3.531,11.1008,7.0687,HIGH
multiposture,multiposture_2074,178.908,7.7819,5.5339,3.4073,11.0329,6.3805,HIGH
multiposture,multiposture_2075,178.085,7.9335,5.5014,3.4447,11.3487,7.3982,HIGH
multiposture,multiposture_2076,178.1153,8.2686,5.5507,3.6285,12.9161,7.6118,HIGH
multiposture,multiposture_2077,177.8302,8.7082,5.5787,3.5179,14.5644,7.9306,HIGH
multiposture,multiposture_2078,178.4819,8.2264,5.5017,3.6642,17.191,8.2583,HIGH
multiposture,multiposture_2079,170.0155,11.6728,5.1083,3.3549,16.7593,18.5534,HIGH
multiposture,multiposture_2080,167.1799,13.4598,6.4153,3.4316,16.7376,22.5278,HIGH
multiposture,multiposture_2081,27.978,8.4457,19.8587,18.5484,20.8367,8.2836,HIGH
multiposture,multiposture_2082,5.2284,3.7142,23.1383,12.9254,18.7385,6.036,HIGH
multiposture,multiposture_2083,2.2104,3.3457,23.4196,12.9972,17.1855,6.1663,HIGH
multiposture,multiposture_2084,0.9442,3.1599,23.4203,13.3211,16.3238,6.1715,HIGH
multiposture,multiposture_2085,0.2745,3.1693,23.362,13.4411,15.625,6.3979,HIGH
multiposture,multiposture_2086,0.2586,3.1809,23.2451,13.4283,15.8169,6.4326,HIGH
multiposture,multiposture_2087,0.1928,3.1882,23.0474,13.4005,15.8696,6.4657,HIGH
multiposture,multiposture_2088,0.0996,3.1886,23.1098,13.5287,16.0411,6.5088,HIGH
multiposture,multiposture_2089,0.5628,3.1845,23.1249,13.5549,15.5735,6.7489,HIGH
multiposture,multiposture_2090,1.8303,3.2182,23.0448,13.146,15.6172,7.3424,HIGH
multiposture,multiposture_2091,2.5088,3.2177,22.8779,13.1041,15.9726,7.5717,HIGH
multiposture,multiposture_2092,1.4006,2.9303,23.4,12.6143,16.0191,6.5926,HIGH
multiposture,multiposture_2093,0.6519,2.9958,23.3147,12.5048,16.0115,6.4758,HIGH
multiposture,multiposture_2094,1.2611,3.4117,22.8017,12.4926,16.4576,6.6747,HIGH
multiposture,multiposture_2095,1.7554,3.4078,22.7971,12.4861,16.4959,6.5013,HIGH
multiposture,multiposture_2096,3.8878,3.3971,22.7596,12.4907,16.2289,5.7599,HIGH
multiposture,multiposture_2097,3.7769,3.4712,22.5002,12.3126,16.1909,5.9502,HIGH
multiposture,multiposture_2098,2.5278,3.8982,21.8714,12.9015,16.3663,7.2903,HIGH
multiposture,multiposture_2099,0.365,3.958,21.7125,12.962,16.9342,8.5131,HIGH
multiposture,multiposture_2100,1.2536,3.9761,21.6428,12.737,17.0651,8.8973,HIGH
multiposture,multiposture_2101,1.4981,4.0371,21.5919,12.7072,17.2279,9.1202,HIGH
multiposture,multiposture_2102,1.2267,4.1782,21.4892,12.902,17.591,9.2967,HIGH
multiposture,multiposture_2103,1.817,4.0529,21.6552,12.8458,17.5991,9.2518,HIGH
multiposture,multiposture_2104,1.7471,4.116,21.5537,13.021,17.5977,9.3418,HIGH
multiposture,multiposture_2105,2.0372,4.0761,21.7493,13.1125,17.6322,9.3561,HIGH
multiposture,multiposture_2106,2.0521,4.0563,21.7357,13.0098,17.6786,9.3083,HIGH
multiposture,multiposture_2107,2.0903,4.0443,21.8116,13.1829,17.7759,9.29,HIGH
multiposture,multiposture_2108,2.2339,3.989,21.9161,13.1947,17.5459,9.2016,HIGH
multiposture,multiposture_2109,26.1354,8.3852,19.9824,19.1118,21.0124,8.6322,HIGH
multiposture,multiposture_2110,24.399,8.268,20.5225,19.0296,21.0911,8.9269,HIGH
multiposture,multiposture_2111,19.6132,8.3998,20.8213,19.2692,21.1097,10.857,HIGH
multiposture,multiposture_2112,15.9417,7.7164,21.834,19.582,20.9847,10.6001,HIGH
multiposture,multiposture_2113,12.8389,7.5253,21.722,19.4571,20.6623,11.2747,HIGH
multiposture,multiposture_2114,15.6846,10.7137,28.1081,22.1456,23.1367,17.1213,HIGH
multiposture,multiposture_2115,17.8455,10.8408,27.979,22.1144,22.9592,16.6658,HIGH
multiposture,multiposture_2116,20.8128,10.9023,27.5977,22.2914,22.126,15.7405,HIGH
multiposture,multiposture_2117,159.9022,20.1873,7.465,4.0353,10.4737,19.4688,HIGH
multiposture,multiposture_2118,39.0828,1.6585,14.6323,2.8587,8.0136,38.6418,HIGH
multiposture,multiposture_2119,87.5658,5.3321,9.099,2.9445,13.1816,21.7919,HIGH
multiposture,multiposture_2120,116.4311,9.0554,0.8661,4.8194,18.3365,8.0472,HIGH
multiposture,multiposture_2121,140.5209,7.6127,2.7506,4.4254,17.3031,3.9351,HIGH
multiposture,multiposture_2122,161.6359,8.5539,2.5898,5.0306,12.4724,4.2149,HIGH
multiposture,multiposture_2123,165.6062,7.4668,4.254,4.1126,14.1396,3.0442,HIGH
multiposture,multiposture_2124,165.6747,9.6193,3.1246,3.6486,12.6905,19.0518,HIGH
multiposture,multiposture_2125,161.8919,10.0761,1.1659,3.3051,14.3941,21.7512,HIGH
multiposture,multiposture_2126,162.5714,10.3812,3.0323,2.926,13.028,22.4399,HIGH
multiposture,multiposture_2127,146.782,12.284,0.9286,2.0835,15.4262,36.8069,HIGH
multiposture,multiposture_2128,153.8477,13.1266,2.5614,2.0016,14.4598,35.6795,HIGH
multiposture,multiposture_2129,157.2453,12.4536,2.2495,2.6923,15.0675,31.3536,HIGH
multiposture,multiposture_2130,158.8278,12.8182,3.5808,2.7175,16.8599,30.5104,HIGH
multiposture,multiposture_2131,159.618,14.4186,3.3662,2.7171,16.5894,31.2285,HIGH
multiposture,multiposture_2132,160.3369,13.949,2.8569,2.6403,15.552,30.0127,HIGH
multiposture,multiposture_2133,170.4924,8.475,0.0866,0.707,15.705,2.3376,HIGH
multiposture,multiposture_2134,166.7151,6.441,0.6721,0.5394,14.5721,7.3241,HIGH
multiposture,multiposture_2135,155.4571,2.1858,4.2479,2.7543,17.1161,22.2617,HIGH
multiposture,multiposture_2136,153.4653,0.9175,4.5453,3.5136,17.7746,28.4381,HIGH
multiposture,multiposture_2137,156.4315,1.5505,3.8598,2.6726,15.5099,27.2609,HIGH
multiposture,multiposture_2138,155.3475,1.8584,3.7614,2.4147,15.864,26.9145,HIGH
multiposture,multiposture_2139,147.3795,0.3613,2.9717,1.8979,16.7924,42.5977,HIGH
multiposture,multiposture_2140,150.2356,0.4114,3.1909,2.6467,16.1062,38.3945,HIGH
multiposture,multiposture_2141,152.5749,0.7907,3.151,2.5988,16.5694,33.7931,HIGH
multiposture,multiposture_2142,150.0428,0.8084,3.8533,3.3366,16.7049,37.4798,HIGH
multiposture,multiposture_2143,149.3983,1.4294,2.9496,3.5424,18.7765,42.7911,HIGH
multiposture,multiposture_2144,11.581,7.3356,29.6353,18.5706,21.8213,11.5385,HIGH
multiposture,multiposture_2145,11.9164,7.1279,28.6487,18.7521,21.6947,10.9646,HIGH
multiposture,multiposture_2146,22.9276,6.6023,27.7472,18.5192,21.0496,6.3883,HIGH
multiposture,multiposture_2147,22.2874,10.9631,27.764,22.1619,22.4642,15.2819,HIGH
multiposture,multiposture_2148,22.0334,10.9407,27.9657,22.1198,22.4884,15.3103,HIGH
multiposture,multiposture_2149,21.876,10.9222,27.9317,21.7543,22.684,15.3282,HIGH
multiposture,multiposture_2150,20.3402,10.8288,28.135,21.6562,23.3542,15.6445,HIGH
multiposture,multiposture_2151,19.3836,10.7526,27.0558,21.6266,23.6304,15.8033,HIGH
multiposture,multiposture_2152,16.4893,10.5674,26.6661,22.0834,23.2128,16.317,HIGH
multiposture,multiposture_2153,14.4761,10.5446,26.6859,22.4935,23.0479,16.9535,HIGH
multiposture,multiposture_2154,22.7231,10.5316,26.6305,22.2654,22.7983,13.9475,HIGH
multiposture,multiposture_2155,31.4527,10.3358,27.335,22.2434,22.7172,10.1504,HIGH
multiposture,multiposture_2156,33.3016,10.0095,27.0927,23.135,21.4236,8.7218,HIGH
multiposture,multiposture_2157,32.6194,10.0456,27.2538,22.637,21.3541,9.1506,HIGH
multiposture,multiposture_2158,32.9427,9.9826,27.6459,22.7669,21.2969,8.9049,HIGH
multiposture,multiposture_2159,32.951,10.0398,30.1516,22.6927,21.7802,9.225,HIGH
multiposture,multiposture_2160,7.9529,6.4612,24.9884,17.335,21.2579,10.7898,HIGH
multiposture,multiposture_2161,7.7764,6.5004,24.8897,17.3847,21.234,10.9229,HIGH
multiposture,multiposture_2162,6.3927,6.5002,24.7401,17.381,21.38,11.3545,HIGH
multiposture,multiposture_2163,5.833,6.4837,24.6409,17.477,21.2103,11.4997,HIGH
multiposture,multiposture_2164,4.4768,6.7059,24.6285,17.4707,21.1702,12.3962,HIGH
multiposture,multiposture_2165,3.3915,6.4951,24.8741,17.1346,20.8919,12.3226,HIGH
multiposture,multiposture_2166,3.2811,6.4547,23.633,16.9427,20.7122,12.2811,HIGH
multiposture,multiposture_2167,2.9668,6.4593,23.3581,16.9427,20.8085,12.3993,HIGH
multiposture,multiposture_2168,1.9406,6.5174,23.2876,17.0297,20.841,12.8623,HIGH
multiposture,multiposture_2169,25.506,10.4208,25.2692,20.7719,22.7801,13.0189,HIGH
multiposture,multiposture_2170,25.8239,10.4096,25.2798,21.31,22.569,12.8971,HIGH
multiposture,multiposture_2171,25.5327,10.4166,25.0861,21.3142,22.3261,12.8618,HIGH
multiposture,multiposture_2172,25.3937,10.432,25.0429,21.3851,22.2387,12.8704,HIGH
multiposture,multiposture_2173,26.0876,10.3947,25.1392,21.397,22.133,12.5128,HIGH
multiposture,multiposture_2174,22.8651,10.7963,24.8666,20.6063,22.9472,14.6221,HIGH
multiposture,multiposture_2175,23.0855,6.4613,26.091,18.1351,20.8978,6.6425,HIGH
multiposture,multiposture_2176,22.9276,6.4997,24.9853,17.9389,21.2522,6.8979,HIGH
multiposture,multiposture_2177,21.8836,6.4889,25.0332,17.7975,21.1703,7.1409,HIGH
multiposture,multiposture_2178,21.0603,6.519,24.7514,17.79,21.9332,7.3295,HIGH
multiposture,multiposture_2179,20.2507,6.5457,24.3076,17.5842,21.6392,7.4928,HIGH
multiposture,multiposture_2180,17.8341,6.5861,24.2348,17.3769,21.4068,8.2516,HIGH
multiposture,multiposture_2181,16.6646,6.526,24.3674,17.4325,21.2762,8.3316,HIGH
multiposture,multiposture_2182,14.8801,6.6758,24.3177,17.1663,21.4014,9.1738,HIGH
multiposture,multiposture_2183,13.2959,6.309,24.5952,17.0012,21.1555,8.8927,HIGH
multiposture,multiposture_2184,12.7759,6.3116,24.3935,16.996,21.1315,9.0555,HIGH
multiposture,multiposture_2185,12.5991,6.3968,24.1827,17.2851,21.0799,9.2844,HIGH
multiposture,multiposture_2186,11.8603,6.4736,24.1168,17.2454,21.154,9.6602,HIGH
multiposture,multiposture_2187,8.1656,6.4907,24.1445,17.3568,20.9069,10.7886,HIGH
multiposture,multiposture_2188,0.9035,6.558,23.343,17.2972,20.9164,13.3563,HIGH
multiposture,multiposture_2189,0.4158,6.5626,23.5362,17.32,20.7447,13.8665,HIGH
multiposture,multiposture_2190,0.5172,6.5903,23.4742,17.4072,20.6087,14.0003,HIGH
multiposture,multiposture_2191,0.5694,6.5933,23.4595,17.3245,20.5622,14.039,HIGH
multiposture,multiposture_2192,1.2168,6.6886,23.4716,17.4719,20.5854,14.4837,HIGH
multiposture,multiposture_2193,21.5413,31.972,3.5304,23.7577,40.5271,54.7736,HIGH
multiposture,multiposture_2194,30.7132,32.2354,3.2799,23.6312,39.9916,53.5784,HIGH
multiposture,multiposture_2195,37.7263,31.0175,0.0235,22.0947,40.3145,50.4837,HIGH
multiposture,multiposture_2196,46.4629,31.3167,2.0252,20.7406,40.5023,49.8212,HIGH
multiposture,multiposture_2197,45.0016,31.9724,2.0379,21.9947,42.0417,51.1161,HIGH
multiposture,multiposture_2198,27.148,32.2046,1.9236,22.5381,42.0028,54.0339,HIGH
multiposture,multiposture_2199,20.0717,32.2955,1.8539,23.9198,42.0912,55.3217,HIGH
multiposture,multiposture_2200,18.325,32.4355,1.7753,24.4776,42.3737,55.8359,HIGH
multiposture,multiposture_2201,22.7383,32.609,1.73,24.1558,43.2428,55.4443,HIGH
multiposture,multiposture_2202,26.5062,32.7097,1.8673,24.6632,45.1887,55.0391,HIGH
multiposture,multiposture_2203,26.9406,32.7295,2.4056,24.5009,45.3705,55.0144,HIGH
multiposture,multiposture_2204,28.1701,32.711,2.9473,24.5842,46.0482,54.794,HIGH
multiposture,multiposture_2205,25.1041,32.771,2.5609,24.5201,46.5176,55.3973,HIGH
multiposture,multiposture_2206,10.6799,32.7273,2.3046,24.5237,47.383,57.6733,HIGH
multiposture,multiposture_2207,3.5947,32.7341,2.0665,24.3914,47.3628,58.595,HIGH
multiposture,multiposture_2208,1.8384,32.8701,1.7482,24.3658,48.2094,59.0024,HIGH
multiposture,multiposture_2209,0.0148,32.7904,1.4079,24.3157,49.0469,59.1147,HIGH
multiposture,multiposture_2210,1.53,32.828,1.4614,24.2502,49.0275,59.4169,HIGH
multiposture,multiposture_2211,1.5374,32.7792,1.126,24.276,49.2791,59.2196,HIGH
multiposture,multiposture_2212,1.5813,32.7502,0.5915,24.328,49.5731,59.1643,HIGH
multiposture,multiposture_2213,3.244,32.8413,0.491,24.4766,49.7862,59.5777,HIGH
multiposture,multiposture_2214,3.3286,32.8094,0.7332,24.3865,49.958,59.5463,HIGH
multiposture,multiposture_2215,3.8705,32.7886,0.8455,24.3205,49.8431,59.4728,HIGH
multiposture,multiposture_2216,4.6638,32.8295,0.8015,24.0981,49.8856,59.6073,HIGH
multiposture,multiposture_2217,5.5451,32.776,0.2333,23.9783,49.764,59.5681,HIGH
multiposture,multiposture_2218,6.0353,32.8118,0.2006,23.9835,49.6876,59.6009,HIGH
multiposture,multiposture_2219,5.0041,32.8706,0.3209,24.0693,49.7508,59.5601,HIGH
multiposture,multiposture_2220,4.4081,32.9002,0.1657,24.1232,49.9259,59.562,HIGH
multiposture,multiposture_2221,4.4077,33.0413,0.2552,24.3153,50.5422,60.0447,HIGH
multiposture,multiposture_2222,4.3471,33.018,0.1356,24.2392,50.3721,59.9848,HIGH
multiposture,multiposture_2223,57.7393,24.372,20.3886,15.2836,12.1606,53.5175,HIGH
multiposture,multiposture_2224,57.5709,24.7403,21.2784,12.9564,12.1121,55.092,HIGH
multiposture,multiposture_2225,54.7869,24.8456,20.5948,11.5245,11.8415,54.8766,HIGH
multiposture,multiposture_2226,42.0775,25.3314,21.2179,9.9873,11.3972,54.6219,HIGH
multiposture,multiposture_2227,32.0329,25.8058,22.2588,9.4742,11.0965,54.4943,HIGH
multiposture,multiposture_2228,30.2314,25.7989,22.1457,9.5926,10.6767,54.2641,HIGH
multiposture,multiposture_2229,29.4468,26.2244,22.6143,10.2871,10.9017,54.9681,MEDIUM
multiposture,multiposture_2230,28.884,26.2106,23.011,10.7414,11.4282,54.8233,MEDIUM
multiposture,multiposture_2231,28.7529,26.3349,23.3329,10.957,11.0703,54.87,MEDIUM
multiposture,multiposture_2232,29.2531,26.3146,23.1245,11.0426,10.9532,54.8809,MEDIUM
multiposture,multiposture_2233,29.2705,26.3849,23.2373,11.2373,10.9622,54.9474,MEDIUM
multiposture,multiposture_2234,28.5477,26.541,22.6533,11.2898,11.082,55.1403,MEDIUM
multiposture,multiposture_2235,27.3579,26.5296,22.5715,11.3163,11.0913,55.3094,MEDIUM
multiposture,multiposture_2236,28.1811,26.5447,22.561,11.5279,11.202,55.6361,MEDIUM
multiposture,multiposture_2237,28.4042,26.5681,22.7,11.6011,11.3586,55.6231,MEDIUM
multiposture,multiposture_2238,28.184,26.6187,22.3529,11.61,11.4378,55.6167,MEDIUM
multiposture,multiposture_2239,28.6281,26.7661,22.4831,11.0693,11.3633,55.9151,MEDIUM
multiposture,multiposture_2240,28.5557,26.8044,21.9908,11.2486,11.4514,55.9357,MEDIUM
multiposture,multiposture_2241,28.3967,26.698,21.8859,11.6149,11.5776,55.7339,MEDIUM
multiposture,multiposture_2242,21.979,26.479,21.2438,11.6104,11.4455,54.7302,MEDIUM
multiposture,multiposture_2243,17.7876,26.4578,21.3232,11.0966,10.7497,54.1441,MEDIUM
multiposture,multiposture_2244,16.0001,26.4259,21.2449,11.1366,10.4685,53.5553,MEDIUM
multiposture,multiposture_2245,15.0291,26.4964,21.1781,10.6835,10.0579,53.5091,MEDIUM
multiposture,multiposture_2246,14.9179,26.627,21.2136,10.8879,10.0114,53.6358,MEDIUM
multiposture,multiposture_2247,14.7821,26.7957,21.2839,10.387,9.942,53.9628,MEDIUM
multiposture,multiposture_2248,14.3059,26.9033,19.8295,11.5105,10.3768,53.9806,MEDIUM
multiposture,multiposture_2249,14.2617,26.9818,20.1303,11.7128,10.5155,54.2168,MEDIUM
multiposture,multiposture_2250,14.1704,27.3146,20.8924,12.0767,10.5651,54.9878,MEDIUM
multiposture,multiposture_2251,14.0194,27.1805,21.1082,13.2716,11.6015,54.8297,MEDIUM
multiposture,multiposture_2252,15.1242,27.2883,21.251,13.2876,11.7723,55.0336,MEDIUM
multiposture,multiposture_2253,7.1618,2.9355,14.0693,13.0756,19.9364,3.8271,HIGH
multiposture,multiposture_2254,7.3581,3.2134,10.7521,13.7538,19.2957,4.4073,HIGH
multiposture,multiposture_2255,8.6402,3.3602,10.6348,14.5773,19.3552,4.3342,HIGH
multiposture,multiposture_2256,8.0576,3.5978,14.3352,13.9711,18.7778,4.9676,HIGH
multiposture,multiposture_2257,12.368,3.0894,8.4962,10.476,13.0823,1.9693,MEDIUM
multiposture,multiposture_2258,10.9293,2.9059,12.0696,10.7966,12.4807,2.0184,MEDIUM
multiposture,multiposture_2259,9.1647,2.9917,13.1372,10.6542,15.4937,2.8045,HIGH
multiposture,multiposture_2260,8.3106,2.6564,5.1223,10.73,16.2537,2.5548,HIGH
multiposture,multiposture_2261,7.5249,2.4388,4.9835,10.7902,16.8096,2.3761,HIGH
multiposture,multiposture_2262,8.006,2.5337,5.4844,10.2154,17.1138,2.3849,HIGH
multiposture,multiposture_2263,8.7165,2.683,5.7462,10.0147,17.209,2.4266,HIGH
multiposture,multiposture_2264,10.9094,2.5571,6.7422,10.0881,17.2664,1.3525,HIGH
multiposture,multiposture_2265,12.7004,2.5831,6.916,9.9276,16.1259,0.8075,HIGH
multiposture,multiposture_2266,12.1901,2.7515,7.0626,9.937,16.4478,1.338,HIGH
multiposture,multiposture_2267,9.0329,2.7783,7.5251,10.1113,17.6271,2.5201,HIGH
multiposture,multiposture_2268,6.4629,2.8101,7.6166,10.3214,18.485,3.5033,HIGH
multiposture,multiposture_2269,6.0442,2.781,7.4357,10.3081,18.8724,3.5902,HIGH
multiposture,multiposture_2270,5.0097,2.9697,7.3362,10.3457,19.0036,4.4043,HIGH
multiposture,multiposture_2271,4.2524,2.8184,7.8954,10.5361,19.1589,4.3703,HIGH
multiposture,multiposture_2272,3.8852,2.9028,7.5237,10.3749,19.2734,4.6943,HIGH
multiposture,multiposture_2273,3.7787,2.8628,7.0955,10.3669,19.4326,4.6514,HIGH
multiposture,multiposture_2274,3.1978,2.8801,7.0547,10.2393,19.3363,4.9061,HIGH
multiposture,multiposture_2275,3.268,2.8942,6.984,10.2468,19.3239,4.9136,HIGH
multiposture,multiposture_2276,3.1894,2.9325,6.9234,10.025,19.1751,5.0237,HIGH
multiposture,multiposture_2277,0.8191,2.5745,8.1355,9.4391,18.1916,5.1217,HIGH
multiposture,multiposture_2278,0.8501,2.5868,8.1067,9.5369,18.2418,5.1404,HIGH
multiposture,multiposture_2279,11.894,1.0109,34.8683,17.3364,11.3313,2.426,MEDIUM
multiposture,multiposture_2280,16.5357,1.6912,33.4228,15.9925,11.7558,2.7851,MEDIUM
multiposture,multiposture_2281,16.2327,1.549,31.2473,16.0607,12.1428,2.8274,MEDIUM
multiposture,multiposture_2282,15.8183,1.4649,27.87,16.1611,13.0145,2.6778,MEDIUM
multiposture,multiposture_2283,24.5797,0.7154,26.9864,16.062,9.2076,7.2891,MEDIUM
multiposture,multiposture_2284,26.3303,0.5911,27.1321,16.0663,7.7041,8.1036,MEDIUM
multiposture,multiposture_2285,26.6386,0.339,26.891,16.0067,7.435,8.833,MEDIUM
multiposture,multiposture_2286,30.2731,0.1804,27.1319,15.7547,7.2347,10.8148,HIGH
multiposture,multiposture_2287,28.8862,0.1309,27.0342,15.7188,5.8924,10.368,MEDIUM
multiposture,multiposture_2288,27.4833,0.0748,27.4498,15.7119,5.458,10.2088,MEDIUM
multiposture,multiposture_2289,26.537,0.2185,27.5408,15.7117,4.188,10.2434,MEDIUM
multiposture,multiposture_2290,25.8556,0.2063,27.4277,15.7151,4.2037,10.0786,MEDIUM
multiposture,multiposture_2291,25.2701,0.1296,27.2099,16.0309,3.5888,9.9667,MEDIUM
multiposture,multiposture_2292,24.8911,0.1388,27.1933,16.0942,2.908,9.9839,MEDIUM
multiposture,multiposture_2293,24.4175,0.1637,27.5414,15.9283,3.4957,10.5633,MEDIUM
multiposture,multiposture_2294,34.233,0.1463,27.6732,16.0093,3.3236,15.3097,HIGH
multiposture,multiposture_2295,12.6899,0.5632,26.8461,16.0884,8.6917,3.3913,MEDIUM
multiposture,multiposture_2296,2.6843,1.1479,26.1078,16.3443,10.7263,1.4766,MEDIUM
multiposture,multiposture_2297,0.9785,1.1474,25.7456,16.1191,11.8034,2.7472,MEDIUM
multiposture,multiposture_2298,1.3086,1.1235,25.5964,16.1262,12.8913,2.8375,MEDIUM
multiposture,multiposture_2299,1.1701,1.1384,25.5138,16.0874,13.8095,2.8233,MEDIUM
multiposture,multiposture_2300,0.6619,0.848,25.3637,15.8157,13.8423,2.0298,MEDIUM
multiposture,multiposture_2301,0.5684,0.8223,25.2567,15.9873,13.5109,1.5321,MEDIUM
multiposture,multiposture_2302,1.1279,0.8118,25.2112,15.9103,13.6462,1.2948,MEDIUM
multiposture,multiposture_2303,10.1278,0.3695,25.3857,15.762,11.9163,3.3209,MEDIUM
multiposture,multiposture_2304,10.3579,0.2598,25.4057,15.7785,11.4894,3.7921,MEDIUM
multiposture,multiposture_2305,10.4029,0.2407,25.3045,15.8079,11.2278,3.8758,MEDIUM
multiposture,multiposture_2306,9.9895,0.0434,25.2104,15.6051,10.3189,3.9975,MEDIUM
multiposture,multiposture_2307,9.1143,0.0458,25.2827,16.0705,10.6732,3.6597,MEDIUM
multiposture,multiposture_2308,8.7017,0.0027,25.3206,16.2707,10.7774,3.5191,MEDIUM
multiposture,multiposture_2309,30.7494,7.6828,2.5052,24.9116,26.3158,5.5098,HIGH
multiposture,multiposture_2310,17.8794,8.1577,2.7315,21.7986,26.472,10.9519,HIGH
multiposture,multiposture_2311,15.371,7.6225,1.6297,20.94,28.2228,10.6697,HIGH
multiposture,multiposture_2312,13.6936,7.2754,2.3792,20.6763,29.4875,10.4919,HIGH
multiposture,multiposture_2313,11.0671,7.3097,1.4759,19.15,28.7548,11.4551,HIGH
multiposture,multiposture_2314,8.5489,6.5536,0.1202,18.51,28.7523,10.7462,HIGH
multiposture,multiposture_2315,9.1312,6.5557,0.0218,18.0932,27.6859,10.5554,HIGH
multiposture,multiposture_2316,9.629,6.5786,0.1024,18.0952,27.568,10.4655,HIGH
multiposture,multiposture_2317,7.6152,6.8972,0.3167,18.4865,27.6817,11.7789,HIGH
multiposture,multiposture_2318,7.9209,6.867,0.2213,18.7942,28.0323,11.6347,HIGH
multiposture,multiposture_2319,9.3435,7.9895,0.4391,20.1261,28.6739,13.5084,HIGH
multiposture,multiposture_2320,14.0198,8.0008,0.6459,20.3573,28.9413,12.1293,HIGH
multiposture,multiposture_2321,16.127,8.4298,0.5922,20.4933,28.4375,12.255,HIGH
multiposture,multiposture_2322,18.3703,9.2563,1.035,21.4387,25.6749,12.7534,HIGH
multiposture,multiposture_2323,20.7075,8.9584,1.6369,19.4034,24.5857,10.9475,HIGH
multiposture,multiposture_2324,20.6557,8.8669,1.4946,19.6732,24.5463,10.6603,HIGH
multiposture,multiposture_2325,20.1532,8.8851,0.8591,19.6465,24.3926,10.9063,HIGH
multiposture,multiposture_2326,19.0936,8.8524,0.9182,19.6217,24.4727,11.2428,HIGH
multiposture,multiposture_2327,17.4528,7.6599,0.4866,18.9549,23.7914,9.3621,HIGH
multiposture,multiposture_2328,16.0613,7.4758,0.377,18.9611,22.5687,9.6203,HIGH
multiposture,multiposture_2329,9.4789,5.1265,1.2089,18.3192,20.9617,7.2874,HIGH
multiposture,multiposture_2330,8.7463,4.9484,0.708,8.9213,21.2608,7.4064,HIGH
multiposture,multiposture_2331,12.1316,5.0492,1.0036,5.3727,20.8293,6.6019,HIGH
multiposture,multiposture_2332,25.1979,3.3855,34.8211,19.9625,11.5092,0.1829,MEDIUM
multiposture,multiposture_2333,23.4544,3.4214,33.3681,19.7242,12.4556,0.4517,MEDIUM
multiposture,multiposture_2334,23.4507,3.35,32.783,19.671,12.8087,0.4096,MEDIUM
multiposture,multiposture_2335,24.9304,3.5686,32.6884,20.2036,13.4081,0.5444,MEDIUM
multiposture,multiposture_2336,23.6308,3.6981,32.4805,20.8965,14.3872,0.7265,MEDIUM
multiposture,multiposture_2337,23.3202,3.6622,32.5069,20.8599,14.7738,0.7293,MEDIUM
multiposture,multiposture_2338,23.4342,3.6508,32.3789,21.0119,14.8117,0.5202,MEDIUM
multiposture,multiposture_2339,22.5989,3.5433,32.3524,20.882,14.9035,0.4708,MEDIUM
multiposture,multiposture_2340,12.4592,3.665,31.6562,20.9605,15.1136,3.8324,HIGH
multiposture,multiposture_2341,3.9726,4.2474,30.9518,20.4965,15.4562,7.4884,HIGH
multiposture,multiposture_2342,2.6222,4.3237,31.4638,20.6114,15.569,8.0534,HIGH
multiposture,multiposture_2343,1.8192,4.3323,31.3989,20.7026,16.0734,8.314,HIGH
multiposture,multiposture_2344,2.0778,4.36,31.259,20.6232,16.4943,8.3267,HIGH
multiposture,multiposture_2345,2.3856,4.237,31.1005,20.4644,16.0473,7.9761,HIGH
multiposture,multiposture_2346,1.7985,4.239,30.944,20.311,15.8399,8.1814,HIGH
multiposture,multiposture_2347,2.1441,4.2279,30.3034,20.8631,16.2083,8.0434,HIGH
multiposture,multiposture_2348,1.8715,4.282,30.426,20.681,15.5408,8.2342,HIGH
multiposture,multiposture_2349,2.0207,4.3134,30.5305,20.6773,14.9863,8.2412,MEDIUM
multiposture,multiposture_2350,2.0728,4.2868,30.6931,20.9074,14.9535,8.1692,MEDIUM
multiposture,multiposture_2351,1.4219,4.3178,30.672,20.6519,15.2879,8.4244,HIGH
multiposture,multiposture_2352,1.6092,4.2985,30.5036,20.7491,15.9129,8.3298,HIGH
multiposture,multiposture_2353,1.1516,4.348,30.3188,19.5681,15.9205,8.5668,HIGH
multiposture,multiposture_2354,2.4746,4.6244,30.1182,20.2295,16.6553,8.7141,HIGH
multiposture,multiposture_2355,2.7249,4.6433,29.8365,20.2758,16.0149,8.6679,HIGH
multiposture,multiposture_2356,2.3281,4.6013,30.1882,20.5689,16.4681,8.669,HIGH
multiposture,multiposture_2357,2.0408,4.5553,30.2638,20.4007,16.4532,8.6535,HIGH
multiposture,multiposture_2358,1.9576,4.5343,30.4231,20.4152,16.029,8.6235,HIGH
multiposture,multiposture_2359,2.2369,4.6418,30.9581,20.6181,16.0653,8.7928,HIGH
multiposture,multiposture_2360,2.1783,4.7358,30.9122,20.5878,16.0394,9.0155,HIGH
multiposture,multiposture_2361,1.7966,4.7734,30.9283,20.8503,16.3127,9.2194,HIGH
multiposture,multiposture_2362,19.035,8.4567,17.9239,16.5525,20.8816,11.1501,HIGH
multiposture,multiposture_2363,27.6749,8.4434,19.3313,18.7942,20.4584,8.1266,HIGH
multiposture,multiposture_2364,10.4731,7.4346,21.2462,19.3433,19.8598,11.8798,HIGH
multiposture,multiposture_2365,9.8792,7.4298,21.2282,19.473,20.3867,12.0792,HIGH
multiposture,multiposture_2366,10.8649,7.3922,21.3706,19.8649,20.0515,11.6643,HIGH
multiposture,multiposture_2367,11.2612,7.3935,21.5594,19.9318,20.2067,11.5297,HIGH
multiposture,multiposture_2368,30.825,7.3239,22.0689,20.1778,19.6265,4.2518,HIGH
multiposture,multiposture_2369,32.0971,7.175,22.7918,20.1195,18.9601,3.2045,HIGH
multiposture,multiposture_2370,31.0589,6.9237,23.0725,19.9173,18.5315,3.0606,HIGH
multiposture,multiposture_2371,15.4092,6.967,22.6411,19.7171,19.5678,8.8245,HIGH
multiposture,multiposture_2372,9.6809,7.0976,22.2368,19.7251,20.1809,11.3146,HIGH
multiposture,multiposture_2373,7.7714,7.078,22.3619,19.6984,20.8264,12.0365,HIGH
multiposture,multiposture_2374,5.4987,7.0289,22.4389,19.3631,21.1374,12.8527,HIGH
multiposture,multiposture_2375,2.2027,7.0834,22.2704,18.7584,21.5221,14.1718,HIGH
multiposture,multiposture_2376,0.1534,7.3644,21.7964,19.0655,21.6497,15.5094,HIGH
multiposture,multiposture_2377,2.9587,6.7901,21.893,18.9216,21.0987,15.2115,HIGH
multiposture,multiposture_2378,4.3095,6.4412,21.4682,18.8405,20.7993,14.9195,HIGH
multiposture,multiposture_2379,5.9469,6.0028,21.9464,18.5389,20.3608,14.5518,HIGH
multiposture,multiposture_2380,6.6921,5.8121,21.8715,18.3062,19.9755,14.3192,HIGH
multiposture,multiposture_2381,6.998,5.6135,22.3909,18.1794,19.9416,13.9611,HIGH
multiposture,multiposture_2382,7.241,5.535,22.4299,18.0915,19.7756,13.8671,HIGH
multiposture,multiposture_2383,7.0636,5.5154,22.4962,18.068,19.8947,13.7677,HIGH
multiposture,multiposture_2384,6.569,5.5492,22.2198,18.0634,19.9953,13.6664,HIGH
multiposture,multiposture_2385,5.7076,5.5245,22.0524,18.0221,20.0099,13.3239,HIGH
multiposture,multiposture_2386,33.2701,9.9048,31.061,22.9047,20.2367,9.3486,HIGH
multiposture,multiposture_2387,32.8037,9.8842,30.7536,23.2869,19.7542,9.5532,HIGH
multiposture,multiposture_2388,32.3793,9.8107,30.3816,23.5222,19.0765,9.5666,HIGH
multiposture,multiposture_2389,25.8211,10.0611,28.4401,23.5798,19.1323,12.3855,HIGH
multiposture,multiposture_2390,25.0914,10.3737,26.2255,21.4592,20.0043,13.3298,HIGH
multiposture,multiposture_2391,23.106,10.6696,25.1493,20.8263,20.6649,14.536,HIGH
multiposture,multiposture_2392,23.3803,10.796,25.3549,20.7451,21.9844,14.6002,HIGH
multiposture,multiposture_2393,24.3338,10.6041,24.6331,20.9354,23.0405,13.7288,HIGH
multiposture,multiposture_2394,10.0379,3.2764,49.3842,32.9854,19.0752,3.0873,HIGH
multiposture,multiposture_2395,10.5075,3.2467,49.5525,33.4765,19.1797,2.8393,HIGH
multiposture,multiposture_2396,11.0384,3.3527,50.4578,33.8602,19.4742,2.9206,HIGH
multiposture,multiposture_2397,11.0243,3.4331,49.9688,33.9585,19.9718,3.115,HIGH
multiposture,multiposture_2398,10.8638,3.4734,49.8819,33.9905,20.1175,3.2295,HIGH
multiposture,multiposture_2399,11.2606,3.4078,50.5333,33.9538,20.1956,3.0012,HIGH
multiposture,multiposture_2400,11.4473,3.4361,49.8687,33.931,20.2108,3.0018,HIGH
multiposture,multiposture_2401,11.6007,3.432,49.8007,33.8487,20.1712,2.9402,HIGH
multiposture,multiposture_2402,11.5116,3.414,49.5223,33.7726,20.0576,2.9224,HIGH
multiposture,multiposture_2403,11.6109,3.463,49.2189,33.7139,20.02,2.9954,HIGH
multiposture,multiposture_2404,123.5131,89.2832,21.4649,0.1961,13.6426,82.5022,HIGH
multiposture,multiposture_2405,3.1571,6.5228,8.1707,21.8897,25.5631,45.0476,HIGH
multiposture,multiposture_2406,11.026,10.8745,0.2245,8.7063,39.5072,18.7382,HIGH
multiposture,multiposture_2407,1.1271,2.6994,4.4622,5.1373,17.2553,5.5498,HIGH
multiposture,multiposture_2408,0.938,2.6497,3.9833,5.1131,17.4098,5.5384,HIGH
multiposture,multiposture_2409,0.8382,2.6254,3.9321,4.7268,17.4993,5.5385,HIGH
multiposture,multiposture_2410,0.1741,2.4351,4.2485,4.674,17.5609,5.4633,HIGH
multiposture,multiposture_2411,0.1931,2.5624,3.9877,4.7514,17.7565,5.954,HIGH
multiposture,multiposture_2412,0.2924,2.5509,3.6899,4.744,18.1556,5.9893,HIGH
multiposture,multiposture_2413,0.2204,2.8616,3.56,4.7432,18.2813,6.6488,HIGH
multiposture,multiposture_2414,0.6156,2.6746,2.7242,4.6051,18.2428,6.431,HIGH
multiposture,multiposture_2415,0.5963,2.6817,2.7385,4.5845,18.2741,6.4333,HIGH
multiposture,multiposture_2416,0.6296,2.6627,2.9047,4.6054,18.2421,6.4053,HIGH
multiposture,multiposture_2417,0.4438,2.7074,2.8352,4.6535,18.2642,6.405,HIGH
multiposture,multiposture_2418,0.4424,2.7056,2.7654,4.6391,18.2516,6.3972,HIGH
multiposture,multiposture_2419,0.4375,2.7123,2.9367,4.5169,18.0371,6.4086,HIGH
multiposture,multiposture_2420,56.4198,60.968,7.0135,11.7755,21.0542,106.1346,HIGH
multiposture,multiposture_2421,63.3833,66.0173,3.5357,8.2752,21.5804,104.266,HIGH
multiposture,multiposture_2422,75.2726,77.7549,3.3727,6.4152,19.5472,110.7623,HIGH
multiposture,multiposture_2423,105.4989,111.6865,3.5711,6.948,17.7874,140.4242,HIGH
multiposture,multiposture_2424,129.6623,137.1419,2.3534,8.3741,15.0901,109.5796,HIGH
multiposture,multiposture_2425,147.2266,155.8075,5.5199,8.7192,12.5681,72.2958,HIGH
multiposture,multiposture_2426,149.8101,157.6965,5.6279,12.6048,14.1495,71.4841,HIGH
multiposture,multiposture_2427,155.5646,163.6094,5.8384,14.9993,13.8243,52.4521,HIGH
multiposture,multiposture_2428,163.6409,170.6033,3.3937,17.9511,9.1898,32.8225,HIGH
multiposture,multiposture_2429,170.6836,177.0832,1.4326,24.5779,15.6337,11.7208,HIGH
multiposture,multiposture_2430,178.8626,178.1129,1.9464,33.7227,28.4056,2.7723,HIGH
multiposture,multiposture_2431,166.8485,173.4604,5.4551,21.0324,23.4032,16.9267,HIGH
multiposture,multiposture_2432,167.0199,174.8885,5.5001,6.7668,21.1126,13.8933,HIGH
multiposture,multiposture_2433,167.3013,173.4636,3.6497,12.3233,21.2636,16.1307,HIGH
multiposture,multiposture_2434,1.0249,2.5727,8.1473,6.5526,16.4466,5.3054,HIGH
multiposture,multiposture_2435,0.8861,2.4864,6.9222,5.5988,16.7202,5.1843,HIGH
multiposture,multiposture_2436,0.9843,2.755,5.6623,5.139,16.9516,5.7459,HIGH
multiposture,multiposture_2437,0.446,2.6267,3.0124,4.6111,17.9646,6.2152,HIGH
multiposture,multiposture_2438,0.3435,2.6406,3.0196,4.1742,17.9206,6.1893,HIGH
multiposture,multiposture_2439,0.1775,2.7796,2.9021,3.9634,17.6063,6.2154,HIGH
multiposture,multiposture_2440,0.3921,2.6643,2.8305,3.853,17.5949,5.8413,HIGH
multiposture,multiposture_2441,0.4077,2.6701,2.8347,3.9755,17.5439,5.8453,HIGH
multiposture,multiposture_2442,0.5593,2.7558,3.0586,3.9686,17.5917,5.961,HIGH
multiposture,multiposture_2443,0.5941,2.7025,3.1395,3.9585,17.6272,5.8223,HIGH
multiposture,multiposture_2444,0.5711,2.6992,3.1716,4.3048,17.6613,5.8263,HIGH
multiposture,multiposture_2445,0.5531,2.7012,3.2961,4.3074,17.6461,5.8392,HIGH
multiposture,multiposture_2446,0.6662,2.7306,3.1195,4.3551,17.5431,5.8418,HIGH
multiposture,multiposture_2447,0.6888,2.7414,3.2143,4.3521,17.5733,5.8555,HIGH
multiposture,multiposture_2448,0.6897,2.7283,3.105,4.5773,17.5286,5.8256,HIGH
multiposture,multiposture_2449,0.844,2.8494,3.3032,4.4233,17.4578,6.0183,HIGH
multiposture,multiposture_2450,0.7533,2.7917,3.2201,4.3954,17.4522,5.934,HIGH
multiposture,multiposture_2451,57.7736,4.8488,0.8233,8.4187,1.641,3.5912,HIGH
multiposture,multiposture_2452,163.7721,5.0604,3.2216,10.1164,9.1978,2.0832,HIGH
multiposture,multiposture_2453,175.8069,5.425,3.8446,9.3207,12.1993,3.8742,HIGH
multiposture,multiposture_2454,179.5871,6.3287,4.6056,8.9761,15.5206,6.9085,HIGH
multiposture,multiposture_2455,178.0115,7.0074,4.6501,8.6324,16.4553,9.0152,HIGH
multiposture,multiposture_2456,178.0439,7.1339,4.4518,8.4115,16.2821,9.1753,HIGH
multiposture,multiposture_2457,179.3824,7.3506,2.9886,8.3899,15.9196,8.5969,HIGH
multiposture,multiposture_2458,169.6589,6.7668,3.9541,1.5533,14.9875,5.3113,HIGH
multiposture,multiposture_2459,171.4553,7.0001,4.2035,0.0631,15.2725,7.3053,HIGH
multiposture,multiposture_2460,176.5788,7.649,0.5728,2.7266,21.5842,6.6999,HIGH
multiposture,multiposture_2461,176.423,6.7435,1.7069,1.8687,21.6049,6.1691,HIGH
multiposture,multiposture_2462,37.5523,4.3463,2.2245,1.783,16.8477,3.1845,HIGH
multiposture,multiposture_2463,3.2206,4.941,2.2204,1.8292,11.1532,9.1981,MEDIUM
multiposture,multiposture_2464,66.8862,0.3313,5.5914,0.317,11.5635,25.6356,HIGH
multiposture,multiposture_2465,107.092,0.338,9.6992,0.9177,13.1682,18.7173,HIGH
multiposture,multiposture_2466,144.5279,3.9024,7.8098,1.0126,16.5085,15.4171,HIGH
multiposture,multiposture_2467,157.4713,5.5648,8.6068,1.4246,17.2909,15.4245,HIGH
multiposture,multiposture_2468,162.7506,6.1767,5.7379,2.0675,20.788,14.4239,HIGH
multiposture,multiposture_2469,166.6704,6.701,5.0311,2.2943,22.126,14.2025,HIGH
multiposture,multiposture_2470,165.6557,7.673,6.3185,2.4129,21.8497,15.941,HIGH
multiposture,multiposture_2471,139.8492,10.1335,4.1101,4.0835,21.7889,30.2954,HIGH
multiposture,multiposture_2472,86.3317,10.7336,0.8774,5.5029,18.578,28.768,HIGH
multiposture,multiposture_2473,4.3731,8.4128,1.5412,3.6039,17.1183,15.9413,HIGH
multiposture,multiposture_2474,34.4339,7.2481,2.8584,0.1407,19.4558,2.6624,HIGH
multiposture,multiposture_2475,54.4168,5.1716,4.7589,1.3833,23.2351,11.1747,HIGH
multiposture,multiposture_2476,56.8042,3.7797,6.1895,1.9368,24.8351,15.0886,HIGH
multiposture,multiposture_2477,53.8486,2.0423,7.6066,2.9741,25.0125,16.5763,HIGH
multiposture,multiposture_2478,53.9696,0.8074,9.3606,3.1177,25.5364,19.5697,HIGH
multiposture,multiposture_2479,55.1589,0.8909,9.1064,3.1974,21.4476,16.4274,HIGH
multiposture,multiposture_2480,53.0418,1.0426,8.0696,3.0292,17.6423,13.6004,HIGH
multiposture,multiposture_2481,5.1057,1.3402,32.5881,12.1283,12.3848,0.5304,MEDIUM
multiposture,multiposture_2482,5.2001,1.3699,32.2343,12.0207,12.3653,0.558,MEDIUM
multiposture,multiposture_2483,4.9808,1.4345,32.2733,11.9864,12.3285,0.8292,MEDIUM
multiposture,multiposture_2484,4.8265,1.4663,32.002,11.4243,12.2338,0.9853,MEDIUM
multiposture,multiposture_2485,5.0239,1.5283,31.9826,11.6714,12.3746,1.0305,MEDIUM
multiposture,multiposture_2486,4.9934,1.5875,31.8687,11.8612,12.46,1.1747,MEDIUM
multiposture,multiposture_2487,4.8388,1.611,31.7705,11.8246,12.2842,1.2996,MEDIUM
multiposture,multiposture_2488,4.6838,1.6095,31.795,11.8587,12.2016,1.3663,MEDIUM
multiposture,multiposture_2489,2.7986,1.0358,31.3398,11.8396,11.5923,0.9743,MEDIUM
multiposture,multiposture_2490,2.7021,1.0483,31.1894,11.5198,11.7803,1.0512,MEDIUM
multiposture,multiposture_2491,3.2262,1.1532,31.1024,11.7766,11.7558,1.0363,MEDIUM
multiposture,multiposture_2492,3.1494,1.1542,31.2203,11.7968,11.9041,1.074,MEDIUM
multiposture,multiposture_2493,3.0962,1.1425,31.3488,11.7775,11.9505,1.0728,MEDIUM
multiposture,multiposture_2494,3.3299,1.3201,31.0024,11.6861,12.0447,1.3561,MEDIUM
multiposture,multiposture_2495,3.2609,1.3288,31.1837,11.7103,11.9311,1.4107,MEDIUM
multiposture,multiposture_2496,3.2202,1.3147,31.2821,11.7532,12.0144,1.4031,MEDIUM
multiposture,multiposture_2497,3.3158,1.4998,31.6826,11.7805,11.9468,1.7693,MEDIUM
multiposture,multiposture_2498,3.3853,1.5269,31.7178,11.6038,11.9824,1.7958,MEDIUM
multiposture,multiposture_2499,3.5028,1.534,31.6797,11.5916,12.0151,1.7571,MEDIUM
multiposture,multiposture_2500,3.5436,1.5213,31.6507,11.6675,12.0443,1.711,MEDIUM
multiposture,multiposture_2501,3.6217,1.5195,31.6704,11.6177,12.0652,1.6693,MEDIUM
multiposture,multiposture_2502,3.5152,1.5188,31.7706,11.6142,12.1069,1.7176,MEDIUM
multiposture,multiposture_2503,3.4739,1.5285,31.8379,11.6654,12.1021,1.7592,MEDIUM
multiposture,multiposture_2504,3.3059,1.4953,31.8665,11.6811,12.1435,1.7649,MEDIUM
multiposture,multiposture_2505,3.5424,1.5256,32.0049,11.6453,12.1185,1.7213,MEDIUM
multiposture,multiposture_2506,3.4863,1.5004,32.0084,11.3778,11.9595,1.6906,MEDIUM
multiposture,multiposture_2507,3.4425,1.5065,31.9931,11.402,11.9457,1.725,MEDIUM
multiposture,multiposture_2508,3.4362,1.5045,31.9934,11.4731,12.0419,1.7224,MEDIUM
multiposture,multiposture_2509,9.4584,3.6827,23.5559,16.9423,19.4974,11.2594,HIGH
multiposture,multiposture_2510,8.7495,3.6755,23.5952,17.0566,19.6902,10.9465,HIGH
multiposture,multiposture_2511,6.9213,3.7589,23.7189,17.2059,19.7919,10.4067,HIGH
multiposture,multiposture_2512,6.4692,3.7064,23.5477,17.2599,19.9296,10.1387,HIGH
multiposture,multiposture_2513,2.56,3.6808,24.5124,17.6315,18.4609,8.6547,HIGH
multiposture,multiposture_2514,2.939,3.763,24.6127,17.6067,18.8481,8.9448,HIGH
multiposture,multiposture_2515,2.6606,3.778,24.478,17.4958,19.2437,8.8948,HIGH
multiposture,multiposture_2516,2.1969,3.8337,25.0105,17.3686,19.6721,8.8907,HIGH
multiposture,multiposture_2517,0.6772,4.1698,25.1991,17.4118,19.7318,9.0643,HIGH
multiposture,multiposture_2518,0.2256,4.1517,24.0971,17.4592,19.6777,8.6855,HIGH
multiposture,multiposture_2519,10.3771,2.3411,21.215,8.3257,17.8189,9.9578,HIGH
multiposture,multiposture_2520,9.7217,1.6572,19.4469,5.8574,18.987,8.4629,HIGH
multiposture,multiposture_2521,9.2181,0.9903,20.3717,3.43,20.2128,6.8384,HIGH
multiposture,multiposture_2522,2.0933,0.0352,19.1167,2.9267,19.2632,0.9668,HIGH
multiposture,multiposture_2523,0.0968,0.3461,18.7146,2.6936,18.489,0.729,HIGH
multiposture,multiposture_2524,0.2213,0.3303,18.8484,2.5874,17.7895,0.8549,HIGH
multiposture,multiposture_2525,0.0534,0.345,18.5438,2.6908,17.5513,0.7502,HIGH
multiposture,multiposture_2526,0.4932,0.2213,17.9893,2.6581,15.744,0.2465,HIGH
multiposture,multiposture_2527,1.3261,0.4397,17.3231,2.876,15.1721,0.3115,HIGH
multiposture,multiposture_2528,0.4898,0.0523,16.8429,2.4896,14.8435,0.1317,MEDIUM
multiposture,multiposture_2529,0.673,0.5654,16.2376,2.6342,14.2753,0.9321,MEDIUM
multiposture,multiposture_2530,0.7237,0.5022,15.8058,2.6224,13.89,0.7654,MEDIUM
multiposture,multiposture_2531,1.0413,0.4833,15.8964,2.4679,14.1853,0.5665,MEDIUM
multiposture,multiposture_2532,1.2173,0.4535,16.1265,2.0417,13.619,0.4176,MEDIUM
multiposture,multiposture_2533,0.3183,0.1842,16.7082,2.0038,13.7464,0.2559,MEDIUM
multiposture,multiposture_2534,0.8095,0.266,16.5219,2.0531,13.7214,0.1996,MEDIUM
multiposture,multiposture_2535,0.968,0.256,16.9258,2.0891,13.6382,0.106,MEDIUM
multiposture,multiposture_2536,1.0758,0.2547,17.1699,2.0884,13.6206,0.0542,MEDIUM
multiposture,multiposture_2537,0.9311,0.2034,17.2144,2.3265,13.6277,0.0101,MEDIUM
multiposture,multiposture_2538,1.1428,0.2486,17.3466,2.3664,13.604,0.0107,MEDIUM
multiposture,multiposture_2539,1.0746,0.1974,17.3627,2.254,13.9579,0.0695,MEDIUM
multiposture,multiposture_2540,1.5359,0.3988,17.0114,2.3911,13.9285,0.1607,MEDIUM
multiposture,multiposture_2541,1.4741,0.3099,16.9106,2.2693,14.0477,0.0082,MEDIUM
multiposture,multiposture_2542,1.3444,0.2195,16.9931,2.4106,14.3139,0.1478,MEDIUM
multiposture,multiposture_2543,1.4737,0.2121,17.0567,2.3803,13.6722,0.2226,MEDIUM
multiposture,multiposture_2544,1.5805,0.1398,17.1966,2.4308,13.7467,0.4358,MEDIUM
multiposture,multiposture_2545,1.4543,0.1089,17.2723,2.5667,13.9559,0.4442,MEDIUM
multiposture,multiposture_2546,1.6882,0.2857,17.0856,2.318,14.1829,0.158,MEDIUM
multiposture,multiposture_2547,0.3232,0.7406,16.6453,1.6759,14.5856,1.4871,MEDIUM
multiposture,multiposture_2548,0.6126,0.2631,16.4815,2.3112,14.8041,0.2968,MEDIUM
multiposture,multiposture_2549,28.2948,2.7553,15.0051,7.2978,6.3841,0.9273,MEDIUM
multiposture,multiposture_2550,17.3703,2.7916,13.3269,8.234,12.8622,0.6467,MEDIUM
multiposture,multiposture_2551,9.9408,2.0308,12.0463,9.3091,16.5476,0.564,HIGH
multiposture,multiposture_2552,8.0552,2.0903,12.5233,9.6408,17.6486,1.3554,HIGH
multiposture,multiposture_2553,8.2985,2.0793,12.9077,10.856,17.4518,1.2881,HIGH
multiposture,multiposture_2554,8.8327,1.9656,13.5094,11.604,17.1004,0.9282,HIGH
multiposture,multiposture_2555,8.9171,1.9467,13.7446,11.8966,16.9834,0.8799,HIGH
multiposture,multiposture_2556,8.7687,1.8949,13.9189,12.2974,16.7734,0.8461,HIGH
multiposture,multiposture_2557,8.5667,2.1075,14.2505,12.2404,16.557,1.3163,HIGH
multiposture,multiposture_2558,8.6727,2.0618,14.3709,12.2512,16.9404,1.1738,HIGH
multiposture,multiposture_2559,8.4566,2.0246,14.3758,12.3686,17.1336,1.1436,HIGH
multiposture,multiposture_2560,8.6616,2.2861,14.3681,12.3252,17.1699,1.6194,HIGH
multiposture,multiposture_2561,9.065,2.122,14.5845,12.641,17.2087,1.1408,HIGH
multiposture,multiposture_2562,9.0122,2.1609,14.4792,12.5196,17.1114,1.2406,HIGH
multiposture,multiposture_2563,9.0613,2.0867,13.9968,12.5518,16.676,1.0872,HIGH
multiposture,multiposture_2564,9.3205,2.2543,13.8931,12.6177,16.7157,1.351,HIGH
multiposture,multiposture_2565,9.6828,2.3333,14.1627,12.7352,17.378,1.4086,HIGH
multiposture,multiposture_2566,9.7787,2.3671,14.5362,12.8265,17.728,1.4305,HIGH
multiposture,multiposture_2567,9.6496,2.3844,14.6577,12.8546,17.7551,1.5126,HIGH
multiposture,multiposture_2568,9.5453,2.3132,14.7363,12.849,17.7953,1.3878,HIGH
multiposture,multiposture_2569,9.6104,2.3489,14.6325,12.8253,17.8579,1.4297,HIGH
multiposture,multiposture_2570,9.4661,2.3081,14.7613,13.0019,17.856,1.3853,HIGH
multiposture,multiposture_2571,9.3512,2.2844,14.7881,12.9342,17.6941,1.3737,HIGH
multiposture,multiposture_2572,9.3887,2.287,14.777,12.9644,17.3015,1.3547,HIGH
multiposture,multiposture_2573,9.6284,2.2261,14.7555,12.9989,17.2939,1.1386,HIGH
multiposture,multiposture_2574,9.8463,2.2806,15.0064,12.8562,17.2509,1.1727,HIGH
multiposture,multiposture_2575,10.2638,2.2594,15.1051,12.9285,17.3047,1.0349,HIGH
multiposture,multiposture_2576,10.3246,2.2595,15.0931,12.8075,17.3084,1.0396,HIGH
multiposture,multiposture_2577,8.1896,2.4824,14.9493,12.7664,17.2568,2.2786,HIGH
multiposture,multiposture_2578,7.4449,2.2873,15.3465,13.019,17.5273,2.1375,HIGH
multiposture,multiposture_2579,6.7654,2.6875,2.9381,2.6564,19.0839,2.716,HIGH
multiposture,multiposture_2580,7.5591,2.6962,2.8448,2.6554,18.8708,2.3957,HIGH
multiposture,multiposture_2581,7.1067,2.5793,2.0319,2.9023,19.2794,2.3675,HIGH
multiposture,multiposture_2582,6.8902,2.6682,1.8093,2.6626,19.3304,2.6659,HIGH
multiposture,multiposture_2583,6.9934,2.5704,1.2056,2.955,19.2548,2.4,HIGH
multiposture,multiposture_2584,7.8623,2.4415,1.1878,3.0512,18.7918,1.7038,HIGH
multiposture,multiposture_2585,6.8125,2.2729,2.304,3.37,18.2181,1.8189,HIGH
multiposture,multiposture_2586,7.426,1.7029,2.35,3.5555,17.5725,0.6331,HIGH
multiposture,multiposture_2587,9.6199,1.6784,2.3477,3.5325,16.8073,0.1682,HIGH
multiposture,multiposture_2588,11.0569,1.5709,1.2045,3.3292,15.7824,0.3238,HIGH
multiposture,multiposture_2589,11.7706,1.6179,1.092,3.2475,15.375,0.3148,HIGH
multiposture,multiposture_2590,13.544,1.6993,1.0313,3.3359,14.9577,0.6401,MEDIUM
multiposture,multiposture_2591,15.1392,1.8435,1.2592,3.2137,14.1823,0.6427,MEDIUM
multiposture,multiposture_2592,17.1238,1.8233,0.6874,2.9086,14.0434,1.2956,MEDIUM
multiposture,multiposture_2593,17.7166,1.7289,0.6935,2.7865,13.9799,1.6412,MEDIUM
multiposture,multiposture_2594,18.2854,1.6034,0.816,2.6776,13.8764,2.0761,MEDIUM
multiposture,multiposture_2595,18.9175,1.6112,0.7778,2.7749,13.8343,2.1482,MEDIUM
multiposture,multiposture_2596,19.064,1.5287,0.8468,2.8511,13.6012,2.3821,MEDIUM
multiposture,multiposture_2597,19.4551,1.479,1.077,2.9354,13.7073,2.4521,MEDIUM
multiposture,multiposture_2598,19.6028,1.477,1.1494,2.8052,13.7091,2.4685,MEDIUM
multiposture,multiposture_2599,19.5552,1.471,1.1357,2.7917,13.7004,2.4592,MEDIUM
multiposture,multiposture_2600,7.7056,3.2448,25.0765,17.1178,16.6564,4.579,HIGH
multiposture,multiposture_2601,5.0799,3.5109,24.6468,17.2689,14.1309,5.7071,MEDIUM
multiposture,multiposture_2602,10.3306,3.8269,24.11,17.543,15.5182,5.2515,HIGH
multiposture,multiposture_2603,17.6739,3.8814,24.1662,17.5607,16.1179,4.5021,HIGH
multiposture,multiposture_2604,20.7674,3.9434,24.9299,17.6161,16.7415,4.2171,HIGH
multiposture,multiposture_2605,21.9452,4.013,25.5433,17.5782,17.2019,4.1992,HIGH
multiposture,multiposture_2606,23.5231,4.1129,25.9949,17.8034,20.8394,2.7187,HIGH
multiposture,multiposture_2607,25.0898,3.958,26.2349,18.1732,23.2568,1.2089,HIGH
multiposture,multiposture_2608,25.2251,3.9582,26.8875,18.1823,23.4657,0.9077,HIGH
multiposture,multiposture_2609,25.7032,3.9505,26.9795,18.1381,23.5109,0.6251,HIGH
multiposture,multiposture_2610,0.564,1.0196,5.2874,7.8301,15.5716,2.0131,HIGH
multiposture,multiposture_2611,2.5444,1.5464,4.1949,5.0793,16.5304,2.1859,HIGH
multiposture,multiposture_2612,3.0272,1.6542,3.1047,3.7719,16.7605,2.1867,HIGH
multiposture,multiposture_2613,25.455,14.0423,1.7336,0.4324,43.469,17.707,HIGH
multiposture,multiposture_2614,27.9524,15.1026,6.7333,2.9683,46.4316,18.5555,HIGH
multiposture,multiposture_2615,27.9301,14.7626,11.0884,2.8245,42.6662,17.0853,HIGH
multiposture,multiposture_2616,31.49,15.766,7.7868,3.1785,43.2602,17.227,HIGH
multiposture,multiposture_2617,29.3857,14.8051,11.7125,3.6086,41.9446,16.1105,HIGH
multiposture,multiposture_2618,27.1778,17.9594,17.5563,18.7308,38.0443,23.6365,HIGH
multiposture,multiposture_2619,32.5419,20.9489,15.3335,12.68,36.0037,26.4609,HIGH
multiposture,multiposture_2620,28.3892,21.6021,15.973,20.1515,28.5853,32.2731,HIGH
multiposture,multiposture_2621,30.6521,24.1597,19.2539,21.7654,31.8839,36.0007,HIGH
multiposture,multiposture_2622,29.8739,26.1279,20.9913,17.1697,21.2704,40.2747,HIGH
multiposture,multiposture_2623,31.213,27.8523,19.339,18.5825,15.1546,43.4018,HIGH
multiposture,multiposture_2624,35.9782,41.8646,11.3948,22.0993,27.6749,76.8524,HIGH
multiposture,multiposture_2625,47.089,57.9417,6.2389,9.6856,23.5857,107.5955,HIGH
multiposture,multiposture_2626,8.105,2.0932,1.3545,2.6821,16.112,0.8033,HIGH
multiposture,multiposture_2627,8.0566,2.0872,1.3288,2.5765,16.0165,0.8212,HIGH
multiposture,multiposture_2628,8.1134,2.0998,1.381,2.595,16.0728,0.8315,HIGH
multiposture,multiposture_2629,8.174,2.1113,1.4591,2.61,16.1157,0.8317,HIGH
multiposture,multiposture_2630,8.2103,2.1216,1.4695,2.5083,16.1621,0.8407,HIGH
multiposture,multiposture_2631,8.158,2.115,1.3113,2.6083,17.0299,0.8729,HIGH
multiposture,multiposture_2632,7.7343,2.1317,1.2579,2.8113,17.5342,1.1206,HIGH
multiposture,multiposture_2633,7.5684,2.1568,1.2051,2.6922,17.4738,1.2509,HIGH
multiposture,multiposture_2634,7.4835,2.1754,1.1489,2.7133,17.4746,1.33,HIGH
multiposture,multiposture_2635,7.3982,2.3124,0.6306,2.8121,17.5391,1.6739,HIGH
multiposture,multiposture_2636,7.4103,2.3858,0.6894,2.8492,17.5201,1.8319,HIGH
multiposture,multiposture_2637,7.5738,2.4499,0.5271,2.9653,17.8635,1.9125,HIGH
multiposture,multiposture_2638,7.7397,2.5379,0.5312,3.0543,18.0238,2.0359,HIGH
multiposture,multiposture_2639,7.7296,2.5238,0.4847,3.0404,17.9488,2.0223,HIGH
multiposture,multiposture_2640,9.8706,2.4839,0.6162,0.2642,16.9272,0.9363,HIGH
multiposture,multiposture_2641,10.3549,2.6417,0.8801,0.2752,17.8664,1.1161,HIGH
multiposture,multiposture_2642,10.6525,2.7124,0.9046,0.5624,17.978,1.1261,HIGH
multiposture,multiposture_2643,3.3321,1.6935,1.7932,3.3878,16.6679,2.1301,HIGH
multiposture,multiposture_2644,4.7942,1.7154,0.8887,3.3611,16.6413,1.4608,HIGH
multiposture,multiposture_2645,6.511,1.6989,0.2711,3.2058,16.3079,0.6217,HIGH
multiposture,multiposture_2646,7.2629,1.6962,0.0315,3.075,16.193,0.2892,HIGH
multiposture,multiposture_2647,7.4715,1.7055,0.0858,2.8404,16.0298,0.218,HIGH
multiposture,multiposture_2648,7.7979,1.6887,0.5974,2.7869,15.9025,0.0356,HIGH
multiposture,multiposture_2649,7.8036,1.7391,0.6205,2.802,15.9319,0.1469,HIGH
multiposture,multiposture_2650,7.7952,1.9067,1.0016,2.9384,16.043,0.5243,HIGH
multiposture,multiposture_2651,7.6856,1.9053,1.0077,2.8419,15.9232,0.5775,HIGH
multiposture,multiposture_2652,8.0351,2.0248,1.0759,2.8791,16.1052,0.6851,HIGH
multiposture,multiposture_2653,8.2841,2.1354,1.0231,2.8743,16.0844,0.8101,HIGH
multiposture,multiposture_2654,8.3258,2.1711,1.1399,2.5218,15.9014,0.8706,HIGH
multiposture,multiposture_2655,8.225,2.1065,1.3962,2.4854,15.8571,0.7804,HIGH
multiposture,multiposture_2656,19.9427,3.5156,1.5014,1.8311,18.0685,1.1805,HIGH
multiposture,multiposture_2657,19.8116,3.453,1.5671,1.8818,18.1197,1.0697,HIGH
multiposture,multiposture_2658,19.6559,3.4581,1.5489,1.8941,18.2874,1.1087,HIGH
multiposture,multiposture_2659,19.6932,3.4446,1.5412,1.9471,18.4674,1.0797,HIGH
multiposture,multiposture_2660,19.5806,3.4238,1.4843,1.9158,18.6776,1.0511,HIGH
multiposture,multiposture_2661,19.6183,3.4681,1.3736,1.8906,18.5958,1.1374,HIGH
multiposture,multiposture_2662,19.2827,3.4628,1.4104,1.8793,18.8065,1.2191,HIGH
multiposture,multiposture_2663,19.6738,3.3783,1.5054,1.871,18.6264,0.948,HIGH
multiposture,multiposture_2664,19.7252,3.3658,1.4687,1.8553,18.5389,0.9222,HIGH
multiposture,multiposture_2665,19.6869,3.3868,1.4533,1.8203,18.5947,0.9774,HIGH
multiposture,multiposture_2666,19.5217,3.4263,1.3874,1.7327,18.6969,1.0867,HIGH
multiposture,multiposture_2667,19.4894,3.4307,1.5176,1.7072,18.7766,1.09,HIGH
multiposture,multiposture_2668,19.7171,3.4908,1.4613,1.8057,18.8006,1.143,HIGH
multiposture,multiposture_2669,19.8199,3.4949,1.4766,1.8684,19.035,1.1421,HIGH
multiposture,multiposture_2670,10.4502,2.9792,0.7467,1.0353,18.7431,1.5882,HIGH
multiposture,multiposture_2671,10.746,3.1711,0.5566,1.4308,19.0822,1.8884,HIGH
multiposture,multiposture_2672,13.3496,3.3259,0.3134,1.5701,18.8609,1.8292,HIGH
multiposture,multiposture_2673,14.3012,3.3551,0.1484,1.7975,18.3548,1.7451,HIGH
multiposture,multiposture_2674,16.0285,3.354,0.4753,1.8745,18.0573,1.419,HIGH
multiposture,multiposture_2675,18.2363,3.2391,0.8128,1.8378,17.2721,0.697,HIGH
multiposture,multiposture_2676,20.2618,3.2027,0.9885,1.7279,17.354,0.4602,HIGH
multiposture,multiposture_2677,20.4454,3.206,1.0479,1.2268,17.3653,0.4097,HIGH
multiposture,multiposture_2678,20.2029,3.1884,1.183,1.2464,17.3196,0.4037,HIGH
multiposture,multiposture_2679,20.4382,3.2056,1.5141,1.2237,17.2935,0.3922,HIGH
multiposture,multiposture_2680,20.7561,3.2555,1.3223,1.6329,17.6479,0.4246,HIGH
multiposture,multiposture_2681,20.5143,3.4155,1.3665,1.7586,17.6762,0.8163,HIGH
multiposture,multiposture_2682,20.4871,3.4152,1.3631,1.7698,17.8178,0.8252,HIGH
multiposture,multiposture_2683,27.5352,34.3738,9.8389,43.7377,60.2423,57.9448,HIGH
multiposture,multiposture_2684,35.822,36.514,9.6358,48.061,61.5609,59.6723,HIGH
multiposture,multiposture_2685,25.0488,37.3483,23.2905,39.7057,61.1697,64.0339,HIGH
multiposture,multiposture_2686,47.3191,39.615,15.0941,49.0056,58.82,61.4566,HIGH
multiposture,multiposture_2687,44.5025,38.6227,9.3808,49.842,59.7281,60.6715,HIGH
multiposture,multiposture_2688,44.9794,38.3508,4.1898,49.6527,60.349,60.0006,HIGH
multiposture,multiposture_2689,49.2381,37.9848,4.6985,49.8799,58.5644,58.1616,HIGH
multiposture,multiposture_2690,48.6399,37.5264,2.7877,50.0917,56.9135,57.4923,HIGH
multiposture,multiposture_2691,48.3318,37.5548,3.0328,49.9162,56.8708,57.6158,HIGH
multiposture,multiposture_2692,47.4218,37.4216,3.5783,49.8995,57.1475,57.7158,HIGH
multiposture,multiposture_2693,47.7127,37.5887,3.0439,50.2937,56.6536,57.8508,HIGH
multiposture,multiposture_2694,48.7513,37.6062,2.9623,50.2481,56.2169,57.5507,HIGH
multiposture,multiposture_2695,48.9503,37.4323,3.1852,50.2012,56.3219,57.2198,HIGH
multiposture,multiposture_2696,49.1108,37.4012,3.2586,50.0539,56.3716,57.1561,HIGH
multiposture,multiposture_2697,48.8479,37.6405,3.485,50.1594,56.3168,57.5787,HIGH
multiposture,multiposture_2698,49.5497,38.0054,2.7742,50.5917,56.437,57.9788,HIGH
multiposture,multiposture_2699,49.9208,38.0262,3.5059,50.6712,57.1181,57.9679,HIGH
multiposture,multiposture_2700,50.5355,38.1035,3.5915,50.7503,57.3071,57.983,HIGH
multiposture,multiposture_2701,50.77,38.0894,3.3256,50.7096,57.2784,57.8807,HIGH
multiposture,multiposture_2702,49.8298,38.1056,3.2911,50.7331,57.0925,58.1476,HIGH
multiposture,multiposture_2703,50.0239,38.1246,3.1668,50.6747,57.1315,58.1139,HIGH
multiposture,multiposture_2704,50.4749,38.0752,3.1714,50.7641,57.1765,57.8976,HIGH
multiposture,multiposture_2705,51.1288,38.2849,3.0362,50.9033,56.5228,57.9783,HIGH
multiposture,multiposture_2706,49.8638,38.2697,2.165,51.1562,56.3182,58.305,HIGH
multiposture,multiposture_2707,50.0589,38.2612,2.0787,50.9794,56.7411,58.2575,HIGH
multiposture,multiposture_2708,49.652,38.0816,0.4727,50.5223,56.7671,58.1026,HIGH
multiposture,multiposture_2709,49.9635,38.0628,0.9331,50.6409,56.9225,57.9746,HIGH
multiposture,multiposture_2710,50.1748,38.1835,1.0942,50.7338,56.9793,58.0796,HIGH
multiposture,multiposture_2711,49.0039,37.9994,2.191,50.2712,57.8901,58.1099,HIGH
multiposture,multiposture_2712,49.5602,38.1181,2.0092,50.0429,56.938,58.1505,HIGH
multiposture,multiposture_2713,27.7609,32.9053,45.2732,18.151,28.9429,60.0564,HIGH
multiposture,multiposture_2714,17.0646,33.2302,47.7226,18.3397,29.2964,61.1693,HIGH
multiposture,multiposture_2715,13.3132,33.9377,54.8568,16.4921,31.809,62.9066,HIGH
multiposture,multiposture_2716,6.8384,34.4521,40.473,16.8063,30.874,63.3782,HIGH
multiposture,multiposture_2717,0.6278,35.4513,36.8379,15.8943,30.7967,63.8042,HIGH
multiposture,multiposture_2718,1.7693,36.0216,34.7317,14.9095,30.47,64.4686,HIGH
multiposture,multiposture_2719,6.5952,38.0333,36.0737,15.7717,32.0204,67.5119,HIGH
multiposture,multiposture_2720,2.4352,37.9062,36.1073,13.1941,32.0924,68.2322,HIGH
multiposture,multiposture_2721,0.6229,37.7419,36.0857,13.4704,32.8746,68.0321,HIGH
multiposture,multiposture_2722,0.5883,38.0511,35.7857,12.9754,32.8881,68.496,HIGH
multiposture,multiposture_2723,2.5974,37.9796,34.1334,11.2769,32.2552,68.5119,HIGH
multiposture,multiposture_2724,2.3338,38.1519,34.6824,11.7124,33.1975,69.0542,HIGH
multiposture,multiposture_2725,3.3424,38.4661,33.5284,12.1095,33.0176,69.7713,HIGH
multiposture,multiposture_2726,3.2371,38.4709,34.0469,12.577,33.3324,69.7258,HIGH
multiposture,multiposture_2727,2.5387,38.4838,34.1053,13.2825,33.3021,69.5876,HIGH
multiposture,multiposture_2728,20.7971,38.4889,35.565,19.6057,31.4895,66.6455,HIGH
multiposture,multiposture_2729,29.2438,38.4499,36.5091,21.7823,29.4212,64.6884,HIGH
multiposture,multiposture_2730,30.3401,38.3492,36.6778,21.812,29.0232,64.3624,HIGH
multiposture,multiposture_2731,32.7707,38.3786,36.9089,23.3196,28.4164,63.7228,HIGH
multiposture,multiposture_2732,32.0212,38.2034,37.1914,22.8906,27.7755,63.7321,HIGH
multiposture,multiposture_2733,31.5127,38.1498,37.6198,23.1249,27.4345,63.8134,HIGH
multiposture,multiposture_2734,31.5468,37.9898,37.5212,23.857,27.242,63.5031,HIGH
multiposture,multiposture_2735,31.6569,38.1358,37.7433,23.7158,26.9595,63.7392,HIGH
multiposture,multiposture_2736,30.7536,37.988,37.6189,23.3023,27.0125,63.7784,HIGH
multiposture,multiposture_2737,30.2259,37.8738,38.0092,23.9699,26.9171,63.7409,HIGH
multiposture,multiposture_2738,29.6908,37.84,37.6789,23.8856,26.765,63.8358,HIGH
multiposture,multiposture_2739,29.4577,37.8185,37.7665,23.9892,26.6298,63.8705,HIGH
multiposture,multiposture_2740,28.2293,37.9234,38.043,23.8095,26.9033,64.4197,HIGH
multiposture,multiposture_2741,27.8233,37.8904,38.3008,23.6068,27.1023,64.4868,HIGH
multiposture,multiposture_2742,27.4271,38.0206,38.3002,23.5433,27.1809,64.8352,HIGH
multiposture,multiposture_2743,5.4295,0.8324,33.9713,12.7056,12.049,0.8982,MEDIUM
multiposture,multiposture_2744,4.8415,0.9676,32.919,12.1814,12.2048,0.2481,MEDIUM
multiposture,multiposture_2745,12.9351,4.6237,21.1771,22.9702,21.9231,4.9048,HIGH
multiposture,multiposture_2746,11.515,4.5892,20.2909,23.6187,23.0112,5.1971,HIGH
multiposture,multiposture_2747,11.0994,4.8128,20.7421,24.1989,23.0395,5.8516,HIGH
multiposture,multiposture_2748,11.3725,4.7918,20.9041,24.2063,23.043,5.6693,HIGH
multiposture,multiposture_2749,11.2088,4.8123,21.0779,23.7008,22.7241,5.7647,HIGH
multiposture,multiposture_2750,11.0231,4.8753,21.3452,23.826,22.6999,5.9689,HIGH
multiposture,multiposture_2751,10.6976,4.8951,21.5326,23.3414,22.4442,6.1124,HIGH
multiposture,multiposture_2752,10.2572,4.8271,21.7223,22.1161,22.2525,6.14,HIGH
multiposture,multiposture_2753,9.9449,4.8614,21.7967,21.5392,22.2895,6.3507,HIGH
multiposture,multiposture_2754,9.6459,4.9153,21.807,21.7363,22.1232,6.604,HIGH
multiposture,multiposture_2755,9.65,4.9092,21.8588,21.907,22.0037,6.5911,HIGH
multiposture,multiposture_2756,9.556,4.8949,21.8947,21.8803,22.1476,6.6166,HIGH
multiposture,multiposture_2757,9.3244,4.7842,22.149,21.779,21.573,6.4842,HIGH
multiposture,multiposture_2758,9.2601,4.736,21.883,21.7988,21.6196,6.3931,HIGH
multiposture,multiposture_2759,9.3575,4.7559,21.9784,22.3994,21.5904,6.4313,HIGH
multiposture,multiposture_2760,9.2598,4.6757,21.9864,22.3811,21.5543,6.2981,HIGH
multiposture,multiposture_2761,9.1129,4.6616,22.0256,22.2649,21.3975,6.3194,HIGH
multiposture,multiposture_2762,9.4134,4.6124,21.9375,22.0318,21.4415,6.0898,HIGH
multiposture,multiposture_2763,9.5074,4.7006,22.2046,22.224,21.4949,6.2187,HIGH
multiposture,multiposture_2764,9.754,4.8009,22.4577,23.0102,21.6117,6.3555,HIGH
multiposture,multiposture_2765,9.8764,4.8349,22.4772,22.9748,21.5856,6.3787,HIGH
multiposture,multiposture_2766,10.0468,4.8215,22.4977,22.9638,21.4862,6.27,HIGH
multiposture,multiposture_2767,10.0174,4.7507,22.4883,23.0917,21.6128,6.1798,HIGH
multiposture,multiposture_2768,9.8722,4.6969,21.0039,23.1443,21.5594,6.1139,HIGH
multiposture,multiposture_2769,9.6326,4.7501,21.196,23.0357,21.6617,6.3334,HIGH
multiposture,multiposture_2770,9.6098,4.7191,21.0744,23.0384,21.5889,6.2639,HIGH
multiposture,multiposture_2771,9.5817,4.761,21.2367,23.0237,21.6094,6.3751,HIGH
multiposture,multiposture_2772,9.4786,4.7507,21.3044,22.8682,21.7551,6.3763,HIGH
multiposture,multiposture_2773,9.493,4.7408,21.4997,23.1885,21.8565,6.3713,HIGH
multiposture,multiposture_2774,9.4522,4.6141,21.1914,23.0271,21.7918,6.1068,HIGH
multiposture,multiposture_2775,32.5427,1.9206,25.025,8.471,1.4963,15.6098,HIGH
multiposture,multiposture_2776,30.293,2.1494,24.593,8.0421,2.0851,14.9196,HIGH
multiposture,multiposture_2777,30.3546,2.3955,26.7541,7.2605,2.6564,14.9201,HIGH
multiposture,multiposture_2778,24.3656,2.3316,25.136,6.4172,4.8616,12.5956,MEDIUM
multiposture,multiposture_2779,19.5659,2.0317,23.5919,6.1439,7.1231,10.2911,MEDIUM
multiposture,multiposture_2780,12.9637,1.5206,22.086,5.9674,8.7701,7.1278,MEDIUM
multiposture,multiposture_2781,14.0503,1.0403,21.082,5.6793,10.3864,6.8149,MEDIUM
multiposture,multiposture_2782,5.6317,1.1648,14.248,4.5823,11.2657,5.0031,MEDIUM
multiposture,multiposture_2783,11.8973,0.502,12.4196,4.091,14.0725,4.4901,MEDIUM
multiposture,multiposture_2784,10.7177,0.624,11.8596,3.8755,15.3603,3.7784,HIGH
multiposture,multiposture_2785,12.8717,0.4192,13.137,3.9248,15.0452,5.4223,HIGH
multiposture,multiposture_2786,8.325,0.1063,11.9575,3.7135,14.6263,3.8397,MEDIUM
multiposture,multiposture_2787,5.667,0.097,15.1945,4.0307,14.7605,3.0153,MEDIUM
multiposture,multiposture_2788,4.7848,0.2099,14.3393,4.2377,15.5516,2.8371,HIGH
multiposture,multiposture_2789,4.1447,0.1728,13.4105,4.26,15.3951,2.4139,HIGH
multiposture,multiposture_2790,3.685,0.3341,12.8787,4.4387,15.7132,2.5908,HIGH
multiposture,multiposture_2791,3.4166,0.3526,12.5144,4.6107,16.5399,2.4808,HIGH
multiposture,multiposture_2792,3.0763,0.2682,11.8483,4.7352,16.3936,2.1179,HIGH
multiposture,multiposture_2793,2.537,0.3266,11.6348,4.8003,16.1038,1.9748,HIGH
multiposture,multiposture_2794,2.1355,0.3154,11.6347,4.9789,16.1122,1.7538,HIGH
multiposture,multiposture_2795,1.8223,0.3277,11.6227,4.9245,15.7018,1.6201,HIGH
multiposture,multiposture_2796,1.2268,0.423,11.4855,5.1073,15.7301,1.5427,HIGH
multiposture,multiposture_2797,0.537,0.5354,11.4022,5.1365,15.608,1.4567,HIGH
multiposture,multiposture_2798,0.0325,0.6239,11.3541,5.2966,15.3886,1.4062,HIGH
multiposture,multiposture_2799,0.5863,0.7431,11.6957,5.3611,15.4989,1.3716,HIGH
multiposture,multiposture_2800,0.9294,0.8051,11.3553,5.5197,15.8215,1.3469,HIGH
multiposture,multiposture_2801,2.9609,0.8059,11.8118,5.4473,14.89,0.3821,MEDIUM
multiposture,multiposture_2802,3.6202,0.7867,11.755,5.7599,14.0964,0.0062,MEDIUM
multiposture,multiposture_2803,4.3393,0.7474,11.7231,5.706,12.5048,0.4784,MEDIUM
multiposture,multiposture_2804,5.2084,0.7221,11.7331,5.4504,11.5857,0.9499,MEDIUM
multiposture,multiposture_2805,23.1546,1.7735,27.8469,20.2122,16.4853,1.081,HIGH
multiposture,multiposture_2806,13.3021,2.0171,26.3937,18.0867,16.9146,1.0955,HIGH
multiposture,multiposture_2807,3.0899,2.5378,25.1065,16.6734,17.2058,4.2889,HIGH
multiposture,multiposture_2808,17.7438,2.9072,23.894,17.6013,17.1431,11.9332,HIGH
multiposture,multiposture_2809,16.3152,3.4034,23.188,18.1847,17.2597,13.0468,HIGH
multiposture,multiposture_2810,12.4333,3.3904,23.0164,17.6259,17.9163,11.5101,HIGH
multiposture,multiposture_2811,5.8759,3.7987,23.0617,17.4534,19.018,10.1349,HIGH
multiposture,multiposture_2812,5.2174,3.7832,22.9991,17.4802,18.9182,9.8528,HIGH
multiposture,multiposture_2813,4.8887,3.7411,23.1293,17.4261,18.6292,9.6454,HIGH
multiposture,multiposture_2814,4.7027,3.7237,23.3052,17.2516,18.6675,9.4759,HIGH
multiposture,multiposture_2815,4.2686,3.7916,24.0733,17.1891,18.6971,9.4556,HIGH
multiposture,multiposture_2816,3.8291,3.6897,24.0662,17.097,18.927,9.0367,HIGH
multiposture,multiposture_2817,3.5617,3.6632,23.9825,17.4425,18.8304,8.8593,HIGH
multiposture,multiposture_2818,3.4739,3.6598,24.0994,17.3783,18.9009,8.8284,HIGH
multiposture,multiposture_2819,3.4309,3.7082,24.286,17.3085,19.098,8.8796,HIGH
multiposture,multiposture_2820,3.8543,3.6089,23.8154,17.3145,19.0894,8.8915,HIGH
multiposture,multiposture_2821,3.6519,3.579,23.9847,17.1592,18.2972,8.7964,HIGH
multiposture,multiposture_2822,3.0114,3.7415,24.4971,17.2856,17.898,8.8928,HIGH
multiposture,multiposture_2823,2.7655,3.6297,24.101,17.445,17.9034,8.5702,HIGH
multiposture,multiposture_2824,2.7008,3.6613,24.2057,17.3962,17.9425,8.6458,HIGH
multiposture,multiposture_2825,6.2599,3.4611,4.0754,2.6735,20.1322,4.6685,HIGH
multiposture,multiposture_2826,6.7572,3.3864,3.2172,2.5662,19.8621,4.2711,HIGH
multiposture,multiposture_2827,7.3867,2.9046,3.1636,2.6718,19.4613,2.8907,HIGH
multiposture,multiposture_2828,5.9957,2.1101,1.9098,3.1256,18.3853,1.8405,HIGH
multiposture,multiposture_2829,5.3408,1.9201,1.7084,2.9913,18.2215,1.7447,HIGH
multiposture,multiposture_2830,5.0787,1.8434,1.7017,2.8899,18.2024,1.7156,HIGH
multiposture,multiposture_2831,5.0996,1.7953,1.8452,2.8599,17.7815,1.6254,HIGH
multiposture,multiposture_2832,5.049,1.7499,2.221,2.8168,17.712,1.5538,HIGH
multiposture,multiposture_2833,5.2343,1.7461,2.1794,2.8072,17.6285,1.4661,HIGH
multiposture,multiposture_2834,1.8432,3.5234,30.7436,16.0231,21.4165,8.0207,HIGH
multiposture,multiposture_2835,0.975,3.4378,26.1551,16.8578,20.8402,7.5685,HIGH
multiposture,multiposture_2836,2.4215,2.8778,24.612,16.8153,20.4698,6.8997,HIGH
multiposture,multiposture_2837,1.7791,2.6617,23.7969,16.7552,18.8735,6.2301,HIGH
multiposture,multiposture_2838,0.0646,2.5718,24.2601,16.4576,18.5773,5.4084,HIGH
multiposture,multiposture_2839,0.4512,2.5972,24.3123,16.3879,18.7807,5.2811,HIGH
multiposture,multiposture_2840,0.372,2.5652,23.8811,16.2786,18.5318,5.2438,HIGH
multiposture,multiposture_2841,0.1033,2.4795,23.8599,16.0208,18.4644,5.2245,HIGH
multiposture,multiposture_2842,0.3723,2.5015,23.9126,16.0762,18.3825,5.3666,HIGH
multiposture,multiposture_2843,0.7046,2.5127,24.2553,16.074,18.127,5.5031,HIGH
multiposture,multiposture_2844,0.0905,2.3857,24.5284,16.1794,18.0106,4.9572,HIGH
multiposture,multiposture_2845,0.8449,2.544,24.8415,16.3104,18.3255,5.0299,HIGH
multiposture,multiposture_2846,1.9019,2.8086,24.5997,16.649,18.1872,5.2162,HIGH
multiposture,multiposture_2847,0.2836,2.8698,24.4479,16.8032,17.7896,5.8818,HIGH
multiposture,multiposture_2848,8.9877,3.0758,25.5815,16.9782,17.9015,3.9282,HIGH
multiposture,multiposture_2849,6.9791,3.2598,24.8469,17.1664,16.1128,4.7248,HIGH
multiposture,multiposture_2850,6.9558,3.2584,24.3666,17.3581,15.4655,4.6912,HIGH
multiposture,multiposture_2851,7.3803,3.1961,23.9512,17.2858,14.7127,4.4323,MEDIUM
multiposture,multiposture_2852,7.0253,3.3205,23.7379,17.4732,14.6051,4.7779,MEDIUM
multiposture,multiposture_2853,4.7414,3.4398,24.8011,17.2109,14.5872,5.6288,MEDIUM
multiposture,multiposture_2854,7.2251,2.3267,47.6053,26.67,19.4065,2.5355,HIGH
multiposture,multiposture_2855,7.6014,2.4778,50.5815,28.0404,16.3247,2.5579,HIGH
multiposture,multiposture_2856,8.5091,2.9259,50.7765,29.6951,18.0875,3.0814,HIGH
multiposture,multiposture_2857,8.8564,3.1067,49.639,31.3791,18.9041,3.3028,HIGH
multiposture,multiposture_2858,9.0067,3.1066,49.3216,31.9753,18.9319,3.2085,HIGH
multiposture,multiposture_2859,9.3178,3.2126,49.6448,32.2746,19.149,3.2328,HIGH
multiposture,multiposture_2860,9.5919,3.222,49.5236,32.8016,19.1648,3.1621,HIGH
multiposture,multiposture_2861,10.0305,3.3319,49.1936,32.9403,19.0953,3.2044,HIGH
multiposture,multiposture_2862,10.5766,3.2765,49.2408,33.4936,19.2139,2.8902,HIGH
multiposture,multiposture_2863,10.5167,3.3492,49.1636,33.5477,19.7971,3.0643,HIGH
multiposture,multiposture_2864,10.5661,3.3984,49.0597,33.7117,19.71,3.1511,HIGH
multiposture,multiposture_2865,10.955,3.3924,48.9788,33.6442,19.6201,2.9968,HIGH
multiposture,multiposture_2866,10.9597,3.4176,49.239,33.6545,19.617,3.063,HIGH
multiposture,multiposture_2867,10.9208,3.3683,49.0099,33.6448,19.3613,2.9926,HIGH
multiposture,multiposture_2868,10.9146,3.3729,48.9284,33.497,19.361,3.0059,HIGH
multiposture,multiposture_2869,10.9344,3.3748,48.7749,33.6455,19.3718,2.998,HIGH
multiposture,multiposture_2870,10.8527,3.329,50.3132,33.935,19.521,2.9252,HIGH
multiposture,multiposture_2871,11.066,3.3715,50.2359,34.09,19.58,2.9366,HIGH
multiposture,multiposture_2872,11.0979,3.4535,49.4878,33.8877,19.9098,3.1295,HIGH
multiposture,multiposture_2873,11.6712,3.454,49.3768,33.7037,20.0102,2.95,HIGH
multiposture,multiposture_2874,4.4495,1.4292,52.1172,15.7023,7.289,4.6212,MEDIUM
multiposture,multiposture_2875,4.5065,1.3828,52.0074,15.9236,7.4217,4.5579,MEDIUM
multiposture,multiposture_2876,2.5642,1.3296,56.6464,8.0169,12.4017,4.026,MEDIUM
multiposture,multiposture_2877,1.0524,0.3763,54.1977,9.3646,14.0576,0.3718,MEDIUM
multiposture,multiposture_2878,1.1291,0.2504,52.9577,10.1913,14.8387,0.0747,MEDIUM
multiposture,multiposture_2879,0.8997,0.1011,49.8535,10.5692,14.8597,0.1384,MEDIUM
multiposture,multiposture_2880,2.2931,0.1098,47.5687,10.623,15.2522,1.1207,HIGH
multiposture,multiposture_2881,5.6524,0.4586,46.2455,10.1594,14.7934,3.1518,MEDIUM
multiposture,multiposture_2882,7.6881,0.5682,45.8941,10.2797,14.723,4.167,MEDIUM
multiposture,multiposture_2883,8.8535,0.7819,45.6019,11.1158,14.6071,4.9353,MEDIUM
multiposture,multiposture_2884,9.5491,0.578,45.6456,10.7377,14.4664,4.7852,MEDIUM
multiposture,multiposture_2885,9.7986,0.6721,45.4166,10.8667,14.4855,5.0698,MEDIUM
multiposture,multiposture_2886,9.9793,0.6293,45.4828,11.0959,14.7219,5.0236,MEDIUM
multiposture,multiposture_2887,10.1653,0.6827,45.5883,10.8306,14.8354,5.1903,MEDIUM
multiposture,multiposture_2888,11.6806,0.7277,45.6365,10.9106,14.2725,5.8811,MEDIUM
multiposture,multiposture_2889,11.5347,0.6665,45.7553,11.0608,14.2292,5.6935,MEDIUM
multiposture,multiposture_2890,11.9176,0.8772,45.5258,11.261,14.2136,6.2678,MEDIUM
multiposture,multiposture_2891,12.2304,0.9447,45.5982,11.1054,13.8172,6.3931,MEDIUM
multiposture,multiposture_2892,12.2269,0.922,45.3649,11.0829,13.645,6.371,MEDIUM
multiposture,multiposture_2893,12.2343,0.9121,45.2688,11.2245,13.8133,6.3282,MEDIUM
multiposture,multiposture_2894,11.093,0.9417,45.6413,11.1055,13.881,6.2374,MEDIUM
multiposture,multiposture_2895,10.3857,1.0111,45.4944,10.9186,13.8734,6.1561,MEDIUM
multiposture,multiposture_2896,9.0122,0.9928,45.425,10.8025,13.6068,5.6049,MEDIUM
multiposture,multiposture_2897,8.6891,1.0025,45.6486,10.4734,13.2505,5.5166,MEDIUM
multiposture,multiposture_2898,8.4615,1.0377,45.7498,10.2816,13.2864,5.5099,MEDIUM
multiposture,multiposture_2899,8.153,0.8743,45.4201,10.2964,13.1537,5.0645,MEDIUM
multiposture,multiposture_2900,7.173,1.2502,45.4903,9.8158,13.1056,5.4567,MEDIUM
multiposture,multiposture_2901,6.8093,1.5302,45.8887,9.8585,13.1498,5.9271,MEDIUM
multiposture,multiposture_2902,7.9378,1.29,45.0569,10.3272,11.2023,5.8352,MEDIUM
multiposture,multiposture_2903,7.8019,1.1721,44.776,10.4652,11.6269,5.5535,MEDIUM
multiposture,multiposture_2904,4.6794,7.8207,44.7214,16.2884,12.3261,14.7473,MEDIUM
multiposture,multiposture_2905,11.6064,10.142,46.2772,19.6642,16.0101,17.0601,HIGH
multiposture,multiposture_2906,15.8059,11.253,45.0692,21.03,17.272,17.8034,HIGH
multiposture,multiposture_2907,16.745,11.861,44.8214,21.6465,19.0264,18.6445,HIGH
multiposture,multiposture_2908,16.8426,11.8955,44.8889,21.8249,18.8137,18.6837,HIGH
multiposture,multiposture_2909,17.1398,12.4942,45.2005,21.8209,19.0307,19.8169,HIGH
multiposture,multiposture_2910,17.8693,12.5917,45.0861,22.0331,19.0457,19.74,HIGH
multiposture,multiposture_2911,19.6532,12.9291,45.2585,22.4612,19.1666,19.6887,HIGH
multiposture,multiposture_2912,20.249,12.9202,45.0855,22.4119,18.8066,19.429,HIGH
multiposture,multiposture_2913,19.9804,12.9118,45.1474,22.2936,18.7722,19.5205,HIGH
multiposture,multiposture_2914,19.6686,12.8503,45.0203,22.2064,18.4684,19.5399,HIGH
multiposture,multiposture_2915,19.0704,12.6834,44.8769,22.0387,18.1361,19.4418,HIGH
multiposture,multiposture_2916,18.2048,12.8242,44.616,21.8174,18.2157,20.0794,HIGH
multiposture,multiposture_2917,18.2807,12.7574,44.3228,22.1986,18.0068,19.9019,HIGH
multiposture,multiposture_2918,21.2399,13.3324,45.1471,22.4243,17.0987,19.9168,HIGH
multiposture,multiposture_2919,21.159,13.3296,44.4461,22.4129,17.3146,19.9168,HIGH
multiposture,multiposture_2920,172.1684,5.1051,25.8583,12.2643,14.8743,6.7696,HIGH
multiposture,multiposture_2921,147.8776,9.58,26.2661,13.6145,14.7113,19.4137,HIGH
multiposture,multiposture_2922,161.6594,8.0042,28.5575,13.8461,12.5607,15.692,HIGH
multiposture,multiposture_2923,178.5051,6.9337,27.8445,14.7975,12.23,10.9425,HIGH
multiposture,multiposture_2924,178.6444,6.2567,23.0704,14.6914,14.0845,9.2577,HIGH
multiposture,multiposture_2925,179.6068,6.1276,21.2034,14.694,14.5514,9.2647,HIGH
multiposture,multiposture_2926,177.0317,5.8562,19.9461,14.6705,14.6113,8.2764,HIGH
multiposture,multiposture_2927,176.2646,5.8824,19.9582,14.5289,15.1986,8.1731,HIGH
multiposture,multiposture_2928,173.3103,5.8067,20.2411,14.4399,15.4576,7.3923,HIGH
multiposture,multiposture_2929,171.2358,5.7342,20.7903,14.4747,15.4277,6.7496,HIGH
multiposture,multiposture_2930,172.4686,5.676,20.9644,14.4612,15.8273,6.9006,HIGH
multiposture,multiposture_2931,172.8466,5.5024,21.1941,14.2642,15.9015,6.738,HIGH
multiposture,multiposture_2932,171.14,5.4324,21.3903,14.1208,15.9138,6.4749,HIGH
multiposture,multiposture_2933,165.8929,5.0742,21.7752,13.9664,14.7162,5.3008,HIGH
multiposture,multiposture_2934,167.3877,5.0899,21.7872,14.202,14.8765,5.6918,HIGH
multiposture,multiposture_2935,167.8941,5.0983,22.2625,14.2193,14.977,5.7801,HIGH
multiposture,multiposture_2936,169.4686,5.0107,21.8534,14.2319,14.816,5.8449,HIGH
multiposture,multiposture_2937,169.302,5.1151,21.9044,14.3281,15.4163,5.9862,HIGH
multiposture,multiposture_2938,169.2866,5.1933,22.0551,14.1825,14.9918,5.9374,HIGH
multiposture,multiposture_2939,171.506,5.2047,22.3325,14.1607,14.5589,6.0315,HIGH
multiposture,multiposture_2940,174.9127,5.1955,22.2962,14.1414,14.7503,6.7807,HIGH
multiposture,multiposture_2941,178.3477,5.3348,22.4949,14.3078,15.1957,7.7766,HIGH
multiposture,multiposture_2942,176.378,5.2262,22.5914,14.3224,15.2088,7.1529,HIGH
multiposture,multiposture_2943,174.568,5.2088,22.1605,14.4893,15.3033,7.015,HIGH
multiposture,multiposture_2944,173.0343,4.8499,22.6716,14.1591,14.866,6.011,HIGH
multiposture,multiposture_2945,172.1905,5.2043,22.4345,14.1667,15.2695,6.4971,HIGH
multiposture,multiposture_2946,173.154,5.4544,22.3053,14.0894,15.2341,6.8344,HIGH
multiposture,multiposture_2947,173.3318,5.4792,22.5715,14.0516,15.3726,6.6764,HIGH
multiposture,multiposture_2948,176.0911,5.6864,22.448,13.2079,15.3582,7.4368,HIGH
multiposture,multiposture_2949,176.329,5.7643,22.4145,12.9478,15.5036,7.4297,HIGH
multiposture,multiposture_2950,11.166,1.3094,54.508,15.8304,10.8815,1.6619,MEDIUM
multiposture,multiposture_2951,12.0341,1.6292,51.1395,15.6299,12.2659,1.1291,MEDIUM
multiposture,multiposture_2952,10.8009,1.764,49.9509,14.882,12.5109,0.2984,MEDIUM
multiposture,multiposture_2953,10.5352,1.903,48.9625,14.7875,13.59,0.2126,MEDIUM
multiposture,multiposture_2954,10.6852,1.8759,47.3689,14.711,13.8991,0.2243,MEDIUM
multiposture,multiposture_2955,10.6625,2.0848,47.034,14.5591,13.8175,0.6834,MEDIUM
multiposture,multiposture_2956,10.4386,2.0154,46.8303,14.6586,14.0109,0.645,MEDIUM
multiposture,multiposture_2957,10.5029,2.012,46.6097,14.6743,14.0716,0.6224,MEDIUM
multiposture,multiposture_2958,10.5407,2.0598,46.0131,14.7146,14.1514,0.6793,MEDIUM
multiposture,multiposture_2959,10.7858,2.0987,45.9672,14.7949,14.141,0.6674,MEDIUM
multiposture,multiposture_2960,10.6817,2.0801,46.0415,14.8954,14.1174,0.6581,MEDIUM
multiposture,multiposture_2961,10.5808,2.1652,45.9715,14.9281,14.349,0.8316,MEDIUM
multiposture,multiposture_2962,10.4738,2.1633,46.1094,14.974,14.6002,0.8427,MEDIUM
multiposture,multiposture_2963,10.5621,2.1795,46.1308,15.0153,14.6102,0.8515,MEDIUM
multiposture,multiposture_2964,10.1854,2.151,46.1586,14.9252,14.8911,0.9554,MEDIUM
multiposture,multiposture_2965,10.6215,2.2434,46.1149,15.0392,15.1506,1.0025,HIGH
multiposture,multiposture_2966,9.3685,1.9673,46.3885,15.425,14.4464,0.8962,MEDIUM
multiposture,multiposture_2967,8.6784,1.9629,46.3556,15.5124,14.4034,1.1356,MEDIUM
multiposture,multiposture_2968,10.1264,1.6868,46.5088,15.2599,14.2428,0.0577,MEDIUM
multiposture,multiposture_2969,10.3144,1.6489,46.674,15.1362,14.0774,0.0897,MEDIUM
multiposture,multiposture_2970,10.6145,1.5941,46.3956,15.2102,14.1006,0.3058,MEDIUM
multiposture,multiposture_2971,11.2905,1.6889,46.481,15.3189,14.3321,0.3332,MEDIUM
multiposture,multiposture_2972,11.3335,1.6831,46.4993,15.2678,14.3429,0.3546,MEDIUM
multiposture,multiposture_2973,11.9652,1.8389,46.3479,15.3,14.4934,0.226,MEDIUM
multiposture,multiposture_2974,11.9513,1.8472,46.2508,15.3229,14.5282,0.2069,MEDIUM
multiposture,multiposture_2975,11.912,1.7894,46.3702,15.2852,14.5391,0.3125,MEDIUM
multiposture,multiposture_2976,11.801,1.7368,46.6139,15.505,14.5674,0.385,MEDIUM
multiposture,multiposture_2977,11.429,1.6203,46.6346,15.4159,14.4442,0.5129,MEDIUM
multiposture,multiposture_2978,11.2879,1.4362,47.0657,15.3613,14.1254,0.8487,MEDIUM
multiposture,multiposture_2979,11.3947,1.4429,47.0475,15.3585,14.0504,0.8396,MEDIUM
multiposture,multiposture_2980,8.2661,3.4926,51.2569,15.1583,16.6733,4.674,HIGH
multiposture,multiposture_2981,8.5087,3.5178,50.6112,15.0596,16.795,4.6558,HIGH
multiposture,multiposture_2982,7.9701,3.4488,50.663,15.0129,17.1881,4.6965,HIGH
multiposture,multiposture_2983,8.279,3.5194,50.3252,14.7628,17.2819,4.7668,HIGH
multiposture,multiposture_2984,12.1733,2.009,57.531,16.8372,12.0819,0.0935,MEDIUM
multiposture,multiposture_2985,8.068,3.4604,50.4575,14.6595,17.7166,4.7264,HIGH
multiposture,multiposture_2986,7.8416,3.4103,50.5682,14.6881,17.6434,4.6878,HIGH
multiposture,multiposture_2987,8.1252,3.4182,50.4749,14.687,17.6143,4.6443,HIGH
multiposture,multiposture_2988,9.7844,3.33,50.5385,14.5311,17.5084,3.9844,HIGH
multiposture,multiposture_2989,11.2336,3.3299,50.3582,14.547,17.4852,3.5435,HIGH
multiposture,multiposture_2990,11.89,3.3685,50.2609,14.6811,17.383,3.3433,HIGH
multiposture,multiposture_2991,11.8109,3.3553,50.3094,14.7217,17.3692,3.3405,HIGH
multiposture,multiposture_2992,11.7476,3.3839,50.3438,14.6859,17.3817,3.4197,HIGH
multiposture,multiposture_2993,11.4882,3.3948,50.2848,14.7231,17.389,3.5219,HIGH
multiposture,multiposture_2994,11.1873,3.3931,50.4025,14.7426,17.4633,3.6125,HIGH
multiposture,multiposture_2995,10.962,3.3628,50.6249,14.7123,17.45,3.6335,HIGH
multiposture,multiposture_2996,10.8698,3.3687,50.5886,14.7107,17.4083,3.6788,HIGH
multiposture,multiposture_2997,10.8422,3.3505,50.7339,14.7599,17.41,3.6616,HIGH
multiposture,multiposture_2998,11.0519,3.3898,50.6764,14.8243,17.4885,3.6864,HIGH
multiposture,multiposture_2999,11.1192,3.3733,50.7915,14.828,17.5076,3.6906,HIGH
multiposture,multiposture_3000,11.3907,3.3917,50.5611,14.8371,17.514,3.6482,HIGH
multiposture,multiposture_3001,11.4215,3.4359,50.5428,14.8786,17.4811,3.7343,HIGH
multiposture,multiposture_3002,11.1299,3.463,50.36,14.8481,17.5203,3.8787,HIGH
multiposture,multiposture_3003,10.6516,3.3842,50.4167,14.8163,17.5256,3.8503,HIGH
multiposture,multiposture_3004,10.3612,3.3969,50.3963,14.8067,17.3243,3.9677,HIGH
multiposture,multiposture_3005,10.2683,2.0183,59.2861,17.2826,13.1159,0.642,MEDIUM
multiposture,multiposture_3006,10.3342,3.3716,50.4553,14.7964,16.8421,3.9521,HIGH
multiposture,multiposture_3007,10.6601,3.363,50.3805,14.7406,16.7463,3.8613,HIGH
multiposture,multiposture_3008,11.4947,3.3892,50.2737,14.8011,16.7643,3.6776,HIGH
multiposture,multiposture_3009,12.6219,3.3585,50.3446,14.9373,16.8386,3.3134,HIGH
multiposture,multiposture_3010,14.9254,2.1096,54.0845,15.8474,15.3354,0.5764,HIGH
multiposture,multiposture_3011,13.8521,1.9623,55.3355,16.6806,13.8163,0.6396,MEDIUM
multiposture,multiposture_3012,13.5207,1.9488,56.5696,16.9547,13.3233,0.5639,MEDIUM
multiposture,multiposture_3013,8.1358,3.4789,50.5277,14.7514,17.591,4.7347,HIGH
multiposture,multiposture_3014,10.2351,2.2188,59.0456,16.9394,12.3477,1.0634,MEDIUM
multiposture,multiposture_3015,9.9842,2.1524,58.9649,17.1726,12.7891,1.013,MEDIUM
multiposture,multiposture_3016,9.754,2.0847,59.1707,17.2909,13.139,0.9579,MEDIUM
multiposture,multiposture_3017,10.2434,2.0381,58.5925,17.2066,12.7645,0.685,MEDIUM
multiposture,multiposture_3018,10.0164,2.0422,59.0024,17.2463,12.613,0.7368,MEDIUM
multiposture,multiposture_3019,10.1049,2.0365,58.9092,17.5951,12.7648,0.6953,MEDIUM
multiposture,multiposture_3020,9.6084,2.0713,58.9726,17.1433,12.8029,0.9473,MEDIUM
multiposture,multiposture_3021,9.7167,2.0658,58.5451,17.1352,13.0368,0.8924,MEDIUM
multiposture,multiposture_3022,9.756,2.0534,59.0034,17.4476,13.0069,0.8753,MEDIUM
multiposture,multiposture_3023,9.8232,2.0447,59.0051,17.3473,13.0685,0.8673,MEDIUM
multiposture,multiposture_3024,9.8354,2.0652,59.0437,17.34,13.6819,0.8867,MEDIUM
multiposture,multiposture_3025,9.9039,2.0667,59.1343,17.3553,13.6908,0.8633,MEDIUM
multiposture,multiposture_3026,9.9291,2.0715,59.0196,17.3468,13.7892,0.8576,MEDIUM
multiposture,multiposture_3027,10.0673,2.0286,59.0277,17.4965,13.7195,0.7223,MEDIUM
multiposture,multiposture_3028,10.1855,2.0139,58.845,17.4875,13.3981,0.6688,MEDIUM
multiposture,multiposture_3029,10.1749,2.0256,58.9431,17.5083,13.4189,0.6982,MEDIUM
multiposture,multiposture_3030,10.0157,2.026,58.6075,17.4334,13.4342,0.7492,MEDIUM
multiposture,multiposture_3031,10.0812,2.0299,58.8584,17.2871,13.4158,0.7337,MEDIUM
multiposture,multiposture_3032,10.3855,2.0578,59.261,17.3857,13.3214,0.6776,MEDIUM
multiposture,multiposture_3033,10.079,1.9338,59.1566,17.6183,13.4118,0.5228,MEDIUM
multiposture,multiposture_3034,10.3653,3.3821,50.192,14.7408,16.9083,3.9582,HIGH
multiposture,multiposture_3035,10.3418,2.0173,59.1585,17.3734,13.3167,0.62,MEDIUM
multiposture,multiposture_3036,10.3999,2.1815,59.3249,17.5635,13.9348,0.9615,MEDIUM
multiposture,multiposture_3037,10.4373,2.2446,58.4142,17.3839,13.9331,1.0273,MEDIUM
multiposture,multiposture_3038,10.399,2.2445,58.5923,17.4031,13.8008,1.0717,MEDIUM
multiposture,multiposture_3039,8.7391,1.2756,58.6553,14.6932,14.6873,0.5636,MEDIUM
multiposture,multiposture_3040,8.6065,1.1561,58.6519,15.1501,14.8367,0.7492,MEDIUM
multiposture,multiposture_3041,9.1957,1.1042,57.8954,15.3042,14.8516,1.0738,MEDIUM
multiposture,multiposture_3042,9.75,1.2573,57.2301,15.644,15.1741,0.9506,HIGH
multiposture,multiposture_3043,9.7369,1.244,57.0117,15.6624,14.8865,0.9679,MEDIUM
multiposture,multiposture_3044,9.6791,1.2274,56.8955,15.9065,15.0003,0.9734,HIGH
multiposture,multiposture_3045,9.8434,1.2586,56.7685,16.023,15.418,0.9323,HIGH
multiposture,multiposture_3046,9.5138,1.2414,56.8085,15.8679,15.4003,0.8531,HIGH
multiposture,multiposture_3047,9.3925,1.2319,56.9073,15.848,15.4124,0.8264,HIGH
multiposture,multiposture_3048,9.252,1.2314,57.1129,15.8516,15.3761,0.781,HIGH
multiposture,multiposture_3049,9.1233,1.2574,57.3121,15.7941,15.5311,0.6833,HIGH
multiposture,multiposture_3050,9.0901,1.2561,57.418,15.8457,15.5835,0.6771,HIGH
multiposture,multiposture_3051,12.3116,1.7703,47.6714,13.8265,13.141,0.9318,MEDIUM
multiposture,multiposture_3052,12.6943,1.7463,51.5199,15.5816,13.8063,1.1818,MEDIUM
multiposture,multiposture_3053,12.6534,1.6765,52.6271,16.637,14.3805,1.2875,MEDIUM
multiposture,multiposture_3054,12.2586,1.5992,52.871,17.1795,14.8406,1.2625,MEDIUM
multiposture,multiposture_3055,11.4521,1.4674,53.2367,17.5724,15.1107,1.27,HIGH
multiposture,multiposture_3056,11.1962,1.5692,53.6784,17.6945,15.4199,0.9459,HIGH
multiposture,multiposture_3057,11.0153,1.5518,54.5643,17.7075,15.4437,0.9201,HIGH
multiposture,multiposture_3058,10.1374,1.5494,55.4629,17.679,15.4894,0.5632,HIGH
multiposture,multiposture_3059,9.9442,1.5577,55.5171,17.6665,15.6585,0.4615,HIGH
multiposture,multiposture_3060,9.5974,1.5706,55.9346,17.59,15.8667,0.3088,HIGH
multiposture,multiposture_3061,9.5757,1.5712,55.9997,17.5551,15.8929,0.2984,HIGH
multiposture,multiposture_3062,9.4087,1.5564,55.9145,17.5232,15.7245,0.288,HIGH
multiposture,multiposture_3063,9.2317,1.5789,55.8514,17.5024,15.9174,0.1482,HIGH
multiposture,multiposture_3064,16.3519,35.1679,61.0738,42.19,51.4227,64.5509,HIGH
multiposture,multiposture_3065,17.8776,35.1955,55.2442,41.7101,51.957,63.4873,HIGH
multiposture,multiposture_3066,19.3935,34.5244,40.8138,42.2464,52.6085,61.5787,HIGH
multiposture,multiposture_3067,19.2264,34.341,32.0349,42.0303,53.0882,61.4057,HIGH
multiposture,multiposture_3068,19.4393,34.0527,33.6074,42.145,53.7473,60.9185,HIGH
multiposture,multiposture_3069,19.0571,33.9315,28.3204,42.2402,54.138,60.8775,HIGH
multiposture,multiposture_3070,18.5034,33.5037,29.9142,41.8744,54.2218,60.2606,HIGH
multiposture,multiposture_3071,18.3054,33.5644,29.4666,41.6063,54.2673,60.4137,HIGH
multiposture,multiposture_3072,18.293,33.521,28.8311,41.8537,54.3367,60.4077,HIGH
multiposture,multiposture_3073,17.9017,33.4807,28.2892,41.9188,54.3039,60.4463,HIGH
multiposture,multiposture_3074,17.8319,33.3663,29.9137,41.6805,54.5747,60.2983,HIGH
multiposture,multiposture_3075,17.6688,33.1994,30.3352,41.599,54.8293,60.0523,HIGH
multiposture,multiposture_3076,17.8969,33.2053,28.5706,41.0423,54.991,59.9533,HIGH
multiposture,multiposture_3077,18.6706,33.1974,28.976,40.6238,54.809,59.602,HIGH
multiposture,multiposture_3078,18.7978,33.2526,27.3034,40.5641,55.2198,59.6933,HIGH
multiposture,multiposture_3079,19.2866,33.3579,26.2213,40.1735,54.861,59.6246,HIGH
multiposture,multiposture_3080,19.316,33.3607,27.4365,40.0927,54.7608,59.6119,HIGH
multiposture,multiposture_3081,18.5349,33.3446,27.1334,40.0359,54.7372,59.8345,HIGH
multiposture,multiposture_3082,18.399,33.3582,28.0923,40.0308,54.8575,59.8925,HIGH
multiposture,multiposture_3083,18.2239,33.358,28.2485,39.9776,54.7216,59.9694,HIGH
multiposture,multiposture_3084,17.6315,33.3651,28.2734,39.9538,54.9102,60.1161,HIGH
multiposture,multiposture_3085,17.7853,33.3735,28.5899,39.9689,54.7388,60.0444,HIGH
multiposture,multiposture_3086,18.5114,33.4478,26.9761,39.9028,54.5056,59.8506,HIGH
multiposture,multiposture_3087,18.5702,33.5834,26.3565,40.0099,54.4646,59.9981,HIGH
multiposture,multiposture_3088,18.3805,33.5616,28.4829,39.9781,54.5601,60.0355,HIGH
multiposture,multiposture_3089,18.4236,33.5529,28.5788,39.9643,54.583,60.0324,HIGH
multiposture,multiposture_3090,18.2488,33.6333,28.7057,39.9662,54.5091,60.2177,HIGH
multiposture,multiposture_3091,18.0932,32.9921,34.7751,40.1988,53.2821,59.2401,HIGH
multiposture,multiposture_3092,17.1047,33.0405,34.3024,40.7693,53.3763,59.6631,HIGH
multiposture,multiposture_3093,16.0188,33.0003,37.4293,40.844,53.1655,59.9921,HIGH
multiposture,multiposture_3094,24.0276,31.3886,53.6664,56.2863,18.3097,65.8989,HIGH
multiposture,multiposture_3095,11.8885,30.9265,56.8482,56.5082,18.5769,62.8672,HIGH
multiposture,multiposture_3096,3.3495,30.0927,54.6142,49.7646,17.8721,59.1528,HIGH
multiposture,multiposture_3097,2.7465,30.0416,53.8357,46.5198,17.2518,57.3217,HIGH
multiposture,multiposture_3098,4.0817,30.4832,54.1988,45.4604,17.6059,57.7163,HIGH
multiposture,multiposture_3099,3.3714,30.5702,53.9157,45.3577,18.0346,58.1346,HIGH
multiposture,multiposture_3100,4.1736,30.7765,54.1262,44.8644,17.9818,58.3877,HIGH
multiposture,multiposture_3101,3.8023,30.8504,53.9812,44.4891,17.9969,58.9045,HIGH
multiposture,multiposture_3102,3.7405,30.8273,53.8683,44.1902,17.516,58.7925,HIGH
multiposture,multiposture_3103,4.4961,30.9695,53.3939,44.2999,17.6897,58.6763,HIGH
multiposture,multiposture_3104,4.6687,30.9719,53.3864,44.4429,17.6915,58.5418,HIGH
multiposture,multiposture_3105,4.4923,30.9005,53.3265,44.1437,17.7185,58.385,HIGH
multiposture,multiposture_3106,3.4762,30.8178,53.1952,43.49,17.5956,58.5186,HIGH
multiposture,multiposture_3107,4.6149,31.0986,54.6356,41.5865,17.4357,61.481,HIGH
multiposture,multiposture_3108,4.0726,31.0825,54.6814,42.6794,17.4164,61.2379,HIGH
multiposture,multiposture_3109,3.6866,31.0885,54.5937,43.3673,17.4645,61.13,HIGH
multiposture,multiposture_3110,1.7776,30.9831,54.4096,44.9932,16.8193,60.2735,HIGH
multiposture,multiposture_3111,0.4725,31.0278,54.2987,45.0859,16.4372,59.9731,HIGH
multiposture,multiposture_3112,0.4716,30.9652,54.2352,44.2746,16.432,59.7407,HIGH
multiposture,multiposture_3113,0.6518,30.9613,54.1408,44.2791,16.4558,59.7273,HIGH
multiposture,multiposture_3114,4.5904,31.0045,54.4031,43.5188,16.7353,61.4793,HIGH
multiposture,multiposture_3115,5.8741,31.1632,54.6925,41.7081,16.674,61.6744,HIGH
multiposture,multiposture_3116,0.638,31.1285,54.3575,41.8819,16.9458,59.8524,HIGH
multiposture,multiposture_3117,1.1836,31.1051,54.5195,42.3282,16.9399,59.9813,HIGH
multiposture,multiposture_3118,5.805,31.2361,54.8014,41.3369,17.4331,61.5749,HIGH
multiposture,multiposture_3119,7.3054,31.2487,54.9409,39.7793,17.5613,62.2596,HIGH
multiposture,multiposture_3120,6.3719,31.2387,54.9387,40.0131,17.6093,62.2243,HIGH
multiposture,multiposture_3121,6.0111,31.2701,54.7343,39.829,17.6162,62.2522,HIGH
multiposture,multiposture_3122,5.7245,31.2673,54.6934,39.7575,17.6216,62.1365,HIGH
multiposture,multiposture_3123,5.5368,31.2757,54.6822,40.0005,17.6671,62.1204,HIGH
multiposture,multiposture_3124,4.7036,2.062,68.0044,16.4238,4.8759,5.989,HIGH
multiposture,multiposture_3125,5.2311,1.9589,65.0581,15.2398,5.1414,5.9382,HIGH
multiposture,multiposture_3126,5.3327,1.9249,61.563,14.8551,5.294,5.8975,HIGH
multiposture,multiposture_3127,4.7198,2.0598,58.197,14.2548,5.5924,5.949,MEDIUM
multiposture,multiposture_3128,4.2367,2.1702,56.1698,13.8989,5.7696,6.012,MEDIUM
multiposture,multiposture_3129,3.9885,2.2249,55.975,13.7492,5.8641,6.034,MEDIUM
multiposture,multiposture_3130,3.9423,2.233,56.0567,13.6032,5.7053,6.0193,MEDIUM
multiposture,multiposture_3131,4.1131,2.1939,55.7223,13.109,5.7092,5.9845,MEDIUM
multiposture,multiposture_3132,4.0314,2.1782,55.2256,13.3675,5.7702,5.9216,MEDIUM
multiposture,multiposture_3133,4.3164,2.0021,54.6022,13.6504,5.9604,5.6628,MEDIUM
multiposture,multiposture_3134,4.3954,1.8092,54.5536,14.1558,6.4317,5.307,MEDIUM
multiposture,multiposture_3135,4.6279,1.8174,54.0749,14.5599,6.4572,5.4071,MEDIUM
multiposture,multiposture_3136,4.1801,1.7807,54.0454,14.3882,6.4812,5.1695,MEDIUM
multiposture,multiposture_3137,4.4064,1.7435,54.0365,14.4759,6.4298,5.1684,MEDIUM
multiposture,multiposture_3138,4.6491,1.767,53.9378,14.7091,6.3907,5.3029,MEDIUM
multiposture,multiposture_3139,4.3646,1.7761,53.9588,14.61,6.4509,5.2411,MEDIUM
multiposture,multiposture_3140,4.4996,1.4728,53.1824,15.2744,6.8034,4.6889,MEDIUM
multiposture,multiposture_3141,4.4166,1.4066,51.7808,15.9227,7.5911,4.5771,MEDIUM
multiposture,multiposture_3142,4.0614,1.4018,51.7682,15.8775,7.718,4.434,MEDIUM
multiposture,multiposture_3143,4.3006,1.4434,51.8929,15.8368,7.677,4.5944,MEDIUM
multiposture,multiposture_3144,4.3286,1.4544,51.7323,15.4665,7.5359,4.6098,MEDIUM
multiposture,multiposture_3145,4.6985,1.3971,51.8071,15.4465,7.5407,4.607,MEDIUM
multiposture,multiposture_3146,4.884,1.4073,52.0814,15.3659,7.3921,4.6882,MEDIUM
multiposture,multiposture_3147,4.6304,1.5295,52.5703,15.0326,7.2929,4.8485,MEDIUM
multiposture,multiposture_3148,4.2337,1.4485,52.6274,15.0335,7.4514,4.547,MEDIUM
multiposture,multiposture_3149,4.3019,1.4104,52.4036,15.1829,7.6891,4.4745,MEDIUM
multiposture,multiposture_3150,4.5076,1.4341,52.4338,14.9555,7.5104,4.5998,MEDIUM
multiposture,multiposture_3151,4.4974,1.5187,52.5979,14.7119,7.3168,4.7607,MEDIUM
multiposture,multiposture_3152,8.8447,0.8259,45.565,10.1061,14.6493,5.0981,MEDIUM
multiposture,multiposture_3153,8.4278,0.8269,45.7522,10.8593,14.926,4.9276,MEDIUM
multiposture,multiposture_3154,8.496,8.628,45.9621,17.9779,13.7528,15.0494,MEDIUM
multiposture,multiposture_3155,17.288,12.4553,45.0745,22.0339,18.8626,19.6812,HIGH
multiposture,multiposture_3156,19.647,13.0118,44.4605,22.6403,19.1604,19.8945,HIGH
multiposture,multiposture_3157,19.6606,12.966,44.6032,22.5521,18.9507,19.7805,HIGH
multiposture,multiposture_3158,19.6502,12.9284,45.0872,22.4869,18.7094,19.7111,HIGH
multiposture,multiposture_3159,18.6118,13.3822,45.7997,22.3333,17.5094,21.0979,HIGH
multiposture,multiposture_3160,21.3244,13.3146,45.0391,22.3348,17.0929,19.8497,HIGH
multiposture,multiposture_3161,20.9965,13.288,43.978,22.4584,16.309,19.932,HIGH
multiposture,multiposture_3162,20.6444,13.2258,43.4431,22.6598,15.8387,19.9495,HIGH
multiposture,multiposture_3163,20.6028,13.26,43.4307,22.8081,15.6706,20.0528,HIGH
multiposture,multiposture_3164,20.4547,13.1827,43.58,22.6882,16.1396,19.9014,HIGH
multiposture,multiposture_3165,20.4605,13.2199,43.7161,22.759,16.5545,19.9747,HIGH
multiposture,multiposture_3166,20.6104,13.1854,43.4853,22.7667,16.6685,19.8463,HIGH
multiposture,multiposture_3167,20.7328,13.1861,43.401,22.8338,16.5778,19.7968,HIGH
multiposture,multiposture_3168,11.2163,1.5846,55.9997,15.2116,15.0091,0.5112,HIGH
multiposture,multiposture_3169,8.0772,1.1797,60.6571,13.9544,13.7851,0.5779,HIGH
multiposture,multiposture_3170,9.7251,1.2194,56.7358,15.8566,15.3503,0.9968,HIGH
multiposture,multiposture_3171,8.9769,1.2197,57.487,15.9442,15.5754,0.7157,HIGH
multiposture,multiposture_3172,9.1188,1.1885,57.3834,15.9172,15.6417,0.8302,HIGH
multiposture,multiposture_3173,9.1586,1.0107,55.8833,14.9075,14.792,1.2625,MEDIUM
multiposture,multiposture_3174,5.499,0.6489,24.3031,37.3372,20.6069,3.9102,HIGH
multiposture,multiposture_3175,109.9472,8.2681,2.0876,0.8247,12.9646,2.842,HIGH
multiposture,multiposture_3176,116.8974,7.3927,1.2281,0.6793,13.5023,2.6062,HIGH
multiposture,multiposture_3177,128.0899,6.0967,0.6766,0.2042,14.1394,1.8525,HIGH
multiposture,multiposture_3178,128.8168,5.5825,0.1154,0.3976,14.3272,2.0611,HIGH
multiposture,multiposture_3179,30.5811,5.1454,0.0522,0.2596,15.0602,2.0499,HIGH
multiposture,multiposture_3180,135.8433,3.403,3.6466,3.5653,13.6117,4.4324,HIGH
multiposture,multiposture_3181,149.0799,3.8174,8.335,6.7655,14.5895,2.2459,HIGH
multiposture,multiposture_3182,55.4774,4.2594,6.8914,5.805,20.8435,1.7434,HIGH
multiposture,multiposture_3183,16.5888,3.9676,6.8994,4.1738,23.4112,2.2849,HIGH
multiposture,multiposture_3184,16.1474,3.8034,6.6997,4.5545,21.4206,2.0247,HIGH
multiposture,multiposture_3185,156.7541,3.43,7.1233,4.9271,14.7912,0.8283,HIGH
multiposture,multiposture_3186,118.9945,3.461,6.328,4.4238,15.811,0.79,HIGH
multiposture,multiposture_3187,87.4649,3.3454,4.3893,2.3283,16.7791,0.7694,HIGH
multiposture,multiposture_3188,154.8435,3.147,4.8791,2.952,16.4,1.5588,HIGH
multiposture,multiposture_3189,159.6414,3.1316,9.8215,5.2419,17.4734,1.5173,HIGH
multiposture,multiposture_3190,159.5273,2.9029,9.5762,4.6122,16.0912,1.6116,HIGH
multiposture,multiposture_3191,156.4374,2.7292,9.5716,4.3295,15.3461,1.8466,HIGH
multiposture,multiposture_3192,147.1575,2.8132,9.0636,3.5196,15.2861,2.3758,HIGH
multiposture,multiposture_3193,141.9443,2.8958,8.5958,2.88,17.5509,2.4963,HIGH
multiposture,multiposture_3194,123.34,2.9568,8.417,2.6632,17.8054,2.6823,HIGH
multiposture,multiposture_3195,17.6299,3.1445,6.7694,0.7772,17.2444,0.7525,HIGH
multiposture,multiposture_3196,13.3505,3.4683,5.5933,1.2621,16.8188,2.1753,HIGH
multiposture,multiposture_3197,14.0349,3.7167,4.9527,1.4915,16.6797,2.5584,HIGH
multiposture,multiposture_3198,13.4686,3.8013,4.8326,1.4222,16.1621,2.7836,HIGH
multiposture,multiposture_3199,14.6496,3.9631,4.5381,1.6499,15.1442,2.886,HIGH
multiposture,multiposture_3200,16.2142,4.0342,4.3553,1.6763,15.0257,2.8032,HIGH
multiposture,multiposture_3201,16.877,4.0379,4.2184,1.6144,15.1041,2.8709,HIGH
multiposture,multiposture_3202,20.0684,4.3895,5.664,1.2036,14.9303,2.995,MEDIUM
multiposture,multiposture_3203,28.1619,4.6183,5.3286,0.8962,15.0258,3.2237,HIGH
multiposture,multiposture_3204,33.9287,4.6015,5.3543,0.8483,15.2791,2.9558,HIGH
multiposture,multiposture_3205,10.3108,2.2648,19.7946,6.3984,18.4178,0.6081,HIGH
multiposture,multiposture_3206,5.9086,1.328,19.4559,7.5099,18.3694,0.3837,HIGH
multiposture,multiposture_3207,3.8828,0.9696,19.3706,7.3391,18.4674,0.4648,HIGH
multiposture,multiposture_3208,3.0608,0.8321,19.2172,7.5936,18.4293,0.5164,HIGH
multiposture,multiposture_3209,2.2162,0.615,19.7323,8.751,18.1605,0.4025,HIGH
multiposture,multiposture_3210,2.5217,0.6859,19.7825,8.3778,18.1427,0.428,HIGH
multiposture,multiposture_3211,2.2285,0.6135,20.1768,9.7381,18.1504,0.395,HIGH
multiposture,multiposture_3212,1.8645,0.4156,20.0665,9.234,17.7369,0.1256,HIGH
multiposture,multiposture_3213,2.1464,0.489,20.6605,9.0662,17.9593,0.1665,HIGH
multiposture,multiposture_3214,2.5186,0.529,20.597,8.911,17.8223,0.1105,HIGH
multiposture,multiposture_3215,2.4326,0.5685,20.4512,8.9794,17.7379,0.2356,HIGH
multiposture,multiposture_3216,2.1576,0.6497,20.7118,9.2172,17.6671,0.5236,HIGH
multiposture,multiposture_3217,2.3447,0.6065,20.6814,9.0565,17.3186,0.3528,HIGH
multiposture,multiposture_3218,1.6934,0.6211,20.8631,9.3139,17.4579,0.6488,HIGH
multiposture,multiposture_3219,1.6681,0.6139,20.8221,9.2578,17.3965,0.6487,HIGH
multiposture,multiposture_3220,1.6893,0.6285,20.808,9.3735,17.4693,0.6747,HIGH
multiposture,multiposture_3221,1.7942,0.6446,20.6964,9.3271,17.4624,0.6662,HIGH
multiposture,multiposture_3222,2.0131,0.6637,20.8039,9.8583,17.3281,0.6174,HIGH
multiposture,multiposture_3223,2.2377,0.5198,20.93,9.6364,17.2499,0.2184,HIGH
multiposture,multiposture_3224,2.4268,0.5568,20.6191,8.8269,17.3024,0.2122,HIGH
multiposture,multiposture_3225,2.4069,0.5528,20.6636,9.2157,17.548,0.2144,HIGH
multiposture,multiposture_3226,2.0058,0.5331,20.3811,9.0789,18.0783,0.315,HIGH
multiposture,multiposture_3227,1.4678,0.5979,20.2592,8.9136,18.3052,0.6792,HIGH
multiposture,multiposture_3228,1.2058,0.552,20.7067,8.9376,17.9932,0.6854,HIGH
multiposture,multiposture_3229,1.3654,0.5984,20.5705,8.7261,18.0611,0.7179,HIGH
multiposture,multiposture_3230,1.0691,0.5533,20.1937,8.5522,18.1127,0.7442,HIGH
multiposture,multiposture_3231,0.8197,0.5692,20.1876,8.6107,18.3752,0.8851,HIGH
multiposture,multiposture_3232,0.798,0.5768,20.2372,8.6561,18.3474,0.9109,HIGH
multiposture,multiposture_3233,0.8222,0.5799,20.3162,9.2028,18.2985,0.9072,HIGH
multiposture,multiposture_3234,0.9541,0.6184,20.5461,9.141,18.2498,0.9341,HIGH
multiposture,multiposture_3235,10.0336,0.0545,10.859,0.9122,15.7552,4.3249,HIGH
multiposture,multiposture_3236,9.4527,0.8682,9.3605,1.5312,15.6531,2.3181,HIGH
multiposture,multiposture_3237,10.924,0.5245,9.3176,1.786,15.0837,3.8004,HIGH
multiposture,multiposture_3238,9.4272,0.8896,8.7942,2.1251,14.606,2.3835,MEDIUM
multiposture,multiposture_3239,6.9445,1.0437,8.5131,1.8835,14.427,0.9237,MEDIUM
multiposture,multiposture_3240,7.7884,1.229,8.2415,2.0852,14.0029,0.7705,MEDIUM
multiposture,multiposture_3241,8.0176,1.8721,7.6847,2.3896,13.8941,0.5367,MEDIUM
multiposture,multiposture_3242,7.8595,1.8408,7.4914,2.6176,13.9166,0.5415,MEDIUM
multiposture,multiposture_3243,7.6288,1.7605,7.3434,2.5478,13.7442,0.4344,MEDIUM
multiposture,multiposture_3244,7.4514,1.7101,7.3811,2.4903,13.5949,0.3798,MEDIUM
multiposture,multiposture_3245,7.1813,1.7198,7.4236,2.4717,13.5187,0.4987,MEDIUM
multiposture,multiposture_3246,7.0903,1.6813,7.1935,2.3336,13.5592,0.4468,MEDIUM
multiposture,multiposture_3247,7.2448,1.7223,7.1279,2.383,13.4692,0.4726,MEDIUM
multiposture,multiposture_3248,7.1809,1.7144,7.18,2.2163,13.5244,0.4836,MEDIUM
multiposture,multiposture_3249,7.488,1.8054,7.2627,2.0718,13.4287,0.5607,MEDIUM
multiposture,multiposture_3250,8.4333,1.768,7.1461,1.9574,13.3961,0.0425,MEDIUM
multiposture,multiposture_3251,8.4169,1.8164,7.2206,2.1214,13.7623,0.1988,MEDIUM
multiposture,multiposture_3252,8.7039,1.6692,7.5625,2.0836,13.654,0.2608,MEDIUM
multiposture,multiposture_3253,8.3142,1.6569,7.5941,1.9657,13.6125,0.1363,MEDIUM
multiposture,multiposture_3254,8.187,1.7558,7.5358,1.7695,13.3898,0.1425,MEDIUM
multiposture,multiposture_3255,1.224,1.7728,7.4544,1.6986,13.2698,3.3362,MEDIUM
multiposture,multiposture_3256,1.3699,1.7893,6.7326,1.6912,12.4848,3.2977,MEDIUM
multiposture,multiposture_3257,5.1512,2.395,6.0134,2.0934,12.8187,3.3576,MEDIUM
multiposture,multiposture_3258,12.7536,2.1901,5.9813,1.9051,13.645,0.3679,MEDIUM
multiposture,multiposture_3259,8.3298,2.2412,5.3022,1.0953,13.9814,1.3335,MEDIUM
multiposture,multiposture_3260,7.7845,2.2048,5.2405,1.1893,14.4592,1.3412,MEDIUM
multiposture,multiposture_3261,7.81,2.1746,4.4802,1.1219,14.4803,1.2489,MEDIUM
multiposture,multiposture_3262,12.515,2.2969,4.5505,0.9526,15.5249,0.5943,HIGH
multiposture,multiposture_3263,14.5237,2.2359,4.5367,0.8216,15.7356,1.7123,HIGH
multiposture,multiposture_3264,14.7495,2.2624,4.6421,0.7994,15.749,1.7535,HIGH
multiposture,multiposture_3265,5.9721,0.4626,25.7219,12.7816,17.6416,3.3866,HIGH
multiposture,multiposture_3266,5.7022,0.7219,25.0251,14.4773,17.6791,3.9663,HIGH
multiposture,multiposture_3267,4.9228,0.8593,24.799,14.6902,17.6154,3.979,HIGH
multiposture,multiposture_3268,4.2028,0.9925,24.5271,14.8102,17.4529,3.9653,HIGH
multiposture,multiposture_3269,3.6446,1.1352,24.3594,14.6089,17.2361,4.0293,HIGH
multiposture,multiposture_3270,3.5271,1.1125,24.1481,14.7728,17.0775,3.919,HIGH
multiposture,multiposture_3271,3.8359,1.0393,23.9512,14.7102,16.9884,3.8842,HIGH
multiposture,multiposture_3272,3.1973,1.0522,23.9645,14.696,18.0786,3.6788,HIGH
multiposture,multiposture_3273,4.6257,0.8667,23.9419,17.4665,19.315,3.9304,HIGH
multiposture,multiposture_3274,5.2389,0.7212,23.6032,16.0174,18.7492,3.6112,HIGH
multiposture,multiposture_3275,2.9376,0.6007,23.403,15.6507,18.0127,2.215,HIGH
multiposture,multiposture_3276,2.8594,0.6139,23.4456,15.3577,18.2872,2.2536,HIGH
multiposture,multiposture_3277,2.8913,0.5934,23.2682,15.265,18.3026,2.2462,HIGH
multiposture,multiposture_3278,5.0161,0.6084,23.1949,15.1044,17.5096,3.1068,HIGH
multiposture,multiposture_3279,5.8889,0.6418,22.8618,15.0818,17.0254,3.5378,HIGH
multiposture,multiposture_3280,6.3503,0.6441,22.685,14.8577,15.9306,3.7555,HIGH
multiposture,multiposture_3281,6.0986,0.7024,22.4397,14.7619,15.1904,3.8156,HIGH
multiposture,multiposture_3282,6.9659,0.3512,22.1705,15.056,15.3471,3.4188,HIGH
multiposture,multiposture_3283,7.5245,0.4302,22.3948,14.8905,15.2781,3.9421,HIGH
multiposture,multiposture_3284,7.1768,0.4187,22.3057,14.6891,15.2927,3.8009,HIGH
multiposture,multiposture_3285,7.4165,0.453,22.2812,14.6264,15.1935,3.9928,HIGH
multiposture,multiposture_3286,7.4523,0.4406,22.1361,14.5171,15.3382,4.0198,HIGH
multiposture,multiposture_3287,6.6116,0.4603,21.9367,14.521,15.4121,3.7328,HIGH
multiposture,multiposture_3288,4.2548,0.4627,21.9488,14.545,15.6404,2.7611,HIGH
multiposture,multiposture_3289,2.8721,0.4802,21.6596,14.6554,15.8055,2.1976,HIGH
multiposture,multiposture_3290,2.0313,0.1945,22.2069,14.9057,15.9575,0.3582,HIGH
multiposture,multiposture_3291,1.2147,0.0541,22.2005,14.5899,15.6613,0.3477,HIGH
multiposture,multiposture_3292,0.9283,0.0526,22.2326,14.7114,15.9527,0.2474,HIGH
multiposture,multiposture_3293,11.0476,0.2192,22.0526,13.2512,15.9687,4.4988,HIGH
multiposture,multiposture_3294,12.1491,0.0855,20.8498,13.7485,14.6364,4.4606,MEDIUM
multiposture,multiposture_3295,11.071,0.1487,20.3598,14.9186,15.0817,3.5799,HIGH
multiposture,multiposture_3296,8.9213,0.4642,19.7752,14.6021,18.1173,2.3513,HIGH
multiposture,multiposture_3297,8.3033,0.9137,19.4346,14.6129,19.6936,1.23,HIGH
multiposture,multiposture_3298,7.5941,1.037,18.6877,14.8063,20.9567,0.7029,HIGH
multiposture,multiposture_3299,8.2782,1.1445,19.0929,14.7627,21.1286,0.6997,HIGH
multiposture,multiposture_3300,8.2959,1.124,19.1572,14.8064,21.3324,0.7543,HIGH
multiposture,multiposture_3301,8.4947,0.969,18.4287,14.9376,21.7942,1.2094,HIGH
multiposture,multiposture_3302,8.373,0.7908,17.9955,15.0246,21.7959,1.5716,HIGH
multiposture,multiposture_3303,11.181,0.7472,18.0944,14.903,21.6206,2.7817,HIGH
multiposture,multiposture_3304,12.7329,0.7758,18.2331,14.8777,21.4226,3.4308,HIGH
multiposture,multiposture_3305,11.9211,0.8625,18.3073,14.9196,21.4501,2.8831,HIGH
multiposture,multiposture_3306,10.8721,0.8487,18.3647,15.0043,21.4367,2.4803,HIGH
multiposture,multiposture_3307,9.9134,0.8347,17.9108,15.0251,21.3624,2.0698,HIGH
multiposture,multiposture_3308,8.1955,0.8223,17.7702,15.3625,21.4373,1.3839,HIGH
multiposture,multiposture_3309,8.6947,0.831,18.0249,15.1714,21.3533,1.5612,HIGH
multiposture,multiposture_3310,9.3676,0.8367,18.1576,15.1883,21.3206,1.7908,HIGH
multiposture,multiposture_3311,9.4875,0.8019,17.7796,15.221,21.4275,1.9013,HIGH
multiposture,multiposture_3312,9.6087,0.7971,17.8429,15.1935,21.4253,1.9566,HIGH
multiposture,multiposture_3313,12.5906,0.8099,17.7373,15.2614,21.6837,3.0922,HIGH
multiposture,multiposture_3314,13.4314,0.7605,17.9723,15.2352,21.4552,3.5093,HIGH
multiposture,multiposture_3315,13.4315,0.754,17.9256,15.305,21.1133,3.495,HIGH
multiposture,multiposture_3316,12.9997,0.7558,17.9323,15.3439,21.1025,3.3024,HIGH
multiposture,multiposture_3317,12.8612,0.7369,17.7488,15.4281,21.0624,3.2927,HIGH
multiposture,multiposture_3318,12.7068,0.7304,17.7374,15.2675,20.8722,3.2701,HIGH
multiposture,multiposture_3319,9.8033,0.7605,17.6145,15.4373,20.762,2.0877,HIGH
multiposture,multiposture_3320,8.9918,0.7668,17.6733,15.5084,20.3391,1.767,HIGH
multiposture,multiposture_3321,8.5488,0.6933,17.7979,16.1704,19.8506,1.7199,HIGH
multiposture,multiposture_3322,8.0091,0.7363,18.0805,16.2683,19.6289,1.3866,HIGH
multiposture,multiposture_3323,29.6108,41.2024,71.9895,37.9129,35.817,69.7854,HIGH
multiposture,multiposture_3324,32.2066,41.8473,68.7704,37.5659,39.9312,69.973,HIGH
multiposture,multiposture_3325,32.4972,42.2498,71.5467,37.2355,41.4503,70.4014,HIGH
multiposture,multiposture_3326,32.1229,42.0947,73.4124,36.9724,41.7036,70.2094,HIGH
multiposture,multiposture_3327,32.4653,42.5786,73.6597,36.6794,42.7666,70.9506,HIGH
multiposture,multiposture_3328,32.3667,42.8127,75.5839,36.7373,43.4048,71.4476,HIGH
multiposture,multiposture_3329,32.4654,43.0616,73.3325,37.1045,44.605,71.9631,HIGH
multiposture,multiposture_3330,32.9036,43.8337,74.2315,37.2276,45.3855,73.1469,HIGH
multiposture,multiposture_3331,32.751,43.752,74.2194,37.28,45.1516,73.1157,HIGH
multiposture,multiposture_3332,34.6133,43.8776,72.9111,37.6385,44.8566,72.7243,HIGH
multiposture,multiposture_3333,35.1342,43.7843,72.9422,37.5677,44.5764,72.3309,HIGH
multiposture,multiposture_3334,35.36,43.7625,73.2325,37.0382,44.182,72.2059,HIGH
multiposture,multiposture_3335,35.8167,43.564,67.7195,37.0725,43.6445,72.0788,HIGH
multiposture,multiposture_3336,36.211,43.8188,67.5683,37.4161,43.7545,72.1785,HIGH
multiposture,multiposture_3337,37.2106,43.6939,68.0504,37.8473,44.224,71.478,HIGH
multiposture,multiposture_3338,37.1023,43.614,69.6144,38.0522,44.1246,71.3229,HIGH
multiposture,multiposture_3339,35.472,43.8119,68.7373,38.3435,43.8352,72.2308,HIGH
multiposture,multiposture_3340,35.4676,43.8227,64.9573,38.3968,44.3912,72.3477,HIGH
multiposture,multiposture_3341,35.2435,43.7919,65.0149,38.3901,44.2528,72.3161,HIGH
multiposture,multiposture_3342,34.8535,43.5711,72.6596,38.4244,43.1303,71.9831,HIGH
multiposture,multiposture_3343,34.8409,43.547,69.6822,38.3877,43.0859,71.9476,HIGH
multiposture,multiposture_3344,34.3043,43.1513,69.5856,38.1533,42.9318,71.4108,HIGH
multiposture,multiposture_3345,35.4678,43.5658,67.6937,38.0593,43.6158,71.7572,HIGH
multiposture,multiposture_3346,35.3701,43.3129,70.4519,37.6938,43.1415,71.2966,HIGH
multiposture,multiposture_3347,35.3197,43.3137,72.0576,37.6097,43.266,71.2397,HIGH
multiposture,multiposture_3348,34.5757,43.3473,72.4236,37.3421,43.909,71.6434,HIGH
multiposture,multiposture_3349,35.429,43.7304,70.6861,37.487,44.5347,72.0529,HIGH
multiposture,multiposture_3350,35.0142,43.6204,71.5241,37.4107,44.176,71.9813,HIGH
multiposture,multiposture_3351,34.5937,43.4179,74.7638,37.5018,43.4299,71.6823,HIGH
multiposture,multiposture_3352,35.8465,43.5182,74.0306,37.7949,43.2554,71.3737,HIGH
multiposture,multiposture_3353,19.8354,36.1027,41.7315,19.2541,9.3141,63.9371,MEDIUM
multiposture,multiposture_3354,12.8453,35.4998,40.9657,25.2123,9.4698,65.4679,MEDIUM
multiposture,multiposture_3355,9.1735,35.3218,40.4607,27.1069,9.8463,66.2037,MEDIUM
multiposture,multiposture_3356,7.4677,35.3412,40.5039,28.2534,9.8463,66.8401,MEDIUM
multiposture,multiposture_3357,6.3798,35.2054,40.4681,29.4024,9.9064,67.0232,MEDIUM
multiposture,multiposture_3358,4.4429,35.0651,40.2808,30.8593,9.9231,67.3852,MEDIUM
multiposture,multiposture_3359,4.0502,35.0989,39.791,32.0405,9.7906,67.7684,MEDIUM
multiposture,multiposture_3360,2.3587,35.4101,39.8657,32.8681,9.9072,69.0329,MEDIUM
multiposture,multiposture_3361,2.3559,35.3838,39.8121,32.695,9.9383,69.1148,MEDIUM
multiposture,multiposture_3362,1.5987,35.3883,39.6812,32.7741,10.0522,69.4445,MEDIUM
multiposture,multiposture_3363,2.1345,35.4489,39.6736,33.5517,9.8676,69.3971,MEDIUM
multiposture,multiposture_3364,2.6082,35.4493,39.677,33.1772,9.8228,69.4821,MEDIUM
multiposture,multiposture_3365,3.3176,35.3567,39.7523,32.8903,9.3791,69.3558,MEDIUM
multiposture,multiposture_3366,3.4281,35.2666,39.7825,32.9055,9.0178,69.1569,MEDIUM
multiposture,multiposture_3367,4.3365,35.3915,40.1399,32.3581,8.5497,68.9568,MEDIUM
multiposture,multiposture_3368,4.386,35.4246,39.9461,33.2977,8.4594,69.0297,MEDIUM
multiposture,multiposture_3369,3.914,35.2873,39.9084,33.3649,8.6159,68.9139,MEDIUM
multiposture,multiposture_3370,3.2955,35.2981,39.5763,34.7046,8.6309,68.9214,MEDIUM
multiposture,multiposture_3371,2.8662,35.1868,39.9418,34.5453,8.5181,68.8965,MEDIUM
multiposture,multiposture_3372,1.5495,35.2763,39.6742,34.045,8.7639,69.4036,MEDIUM
multiposture,multiposture_3373,2.2175,35.2482,39.7935,33.7442,8.6801,69.2116,MEDIUM
multiposture,multiposture_3374,2.3088,35.2309,39.885,33.072,8.6166,69.1436,MEDIUM
multiposture,multiposture_3375,1.9601,35.1342,39.9607,32.2062,8.591,69.1272,MEDIUM
multiposture,multiposture_3376,1.9478,35.3162,40.1208,31.8271,8.9018,69.1223,MEDIUM
multiposture,multiposture_3377,3.2491,35.2241,40.3651,31.2224,8.6682,68.8968,MEDIUM
multiposture,multiposture_3378,2.0933,35.2899,39.4563,31.6973,8.9771,69.1422,MEDIUM
multiposture,multiposture_3379,1.7845,35.279,39.5244,31.9777,9.1226,69.2527,MEDIUM
multiposture,multiposture_3380,0.5656,35.2622,39.3116,32.0994,9.4993,69.3646,MEDIUM
multiposture,multiposture_3381,0.2187,35.2761,39.314,31.1976,9.628,69.0745,MEDIUM
multiposture,multiposture_3382,1.3409,35.3503,39.4646,30.8229,9.8023,68.6963,MEDIUM
multiposture,multiposture_3383,5.7388,3.8688,21.8201,6.9959,16.3694,5.8725,HIGH
multiposture,multiposture_3384,5.1944,3.4356,21.0356,7.0157,16.3935,5.189,HIGH
multiposture,multiposture_3385,2.8102,2.5672,20.5014,5.9439,16.4123,4.3677,HIGH
multiposture,multiposture_3386,2.6268,2.4966,20.5873,5.9926,16.3796,4.2964,HIGH
multiposture,multiposture_3387,4.7294,1.9545,19.9509,5.9152,16.747,2.1426,HIGH
multiposture,multiposture_3388,2.8939,1.64,20.0364,6.2164,15.1989,2.2992,HIGH
multiposture,multiposture_3389,0.4148,1.7695,19.5479,6.2558,14.498,3.6988,MEDIUM
multiposture,multiposture_3390,0.3525,1.7699,19.6874,5.9756,14.5319,3.7293,MEDIUM
multiposture,multiposture_3391,0.1188,1.7365,19.7381,6.0662,14.3291,3.7635,MEDIUM
multiposture,multiposture_3392,0.1164,1.7023,19.7585,6.1901,14.2887,3.8025,MEDIUM
multiposture,multiposture_3393,0.7682,1.7408,19.7693,6.4688,14.2029,4.1945,MEDIUM
multiposture,multiposture_3394,0.7061,1.7573,19.7266,6.4762,14.1135,3.5469,MEDIUM
multiposture,multiposture_3395,3.1082,1.5959,19.3428,6.7364,14.2492,2.0951,MEDIUM
multiposture,multiposture_3396,3.4406,1.6156,19.3801,6.7518,14.2811,1.9843,MEDIUM
multiposture,multiposture_3397,3.6717,1.6993,19.0333,6.7845,14.1891,2.0635,MEDIUM
multiposture,multiposture_3398,1.8828,1.7365,19.3462,6.6736,14.1407,2.9627,MEDIUM
multiposture,multiposture_3399,0.7706,1.5586,19.7141,6.7542,13.7369,3.0812,MEDIUM
multiposture,multiposture_3400,0.3971,1.5499,19.6626,6.8222,13.5967,3.5938,MEDIUM
multiposture,multiposture_3401,1.4397,1.5451,19.714,7.0881,13.2815,4.0354,MEDIUM
multiposture,multiposture_3402,2.2054,1.5965,19.5443,7.2432,13.2323,4.4811,MEDIUM
multiposture,multiposture_3403,1.8347,1.6893,19.6017,7.0935,13.2349,4.5572,MEDIUM
multiposture,multiposture_3404,2.1207,1.6218,19.3849,7.0673,12.4094,4.5594,MEDIUM
multiposture,multiposture_3405,1.8605,1.574,19.4301,7.0666,12.7002,4.3216,MEDIUM
multiposture,multiposture_3406,1.2484,1.7269,19.5149,7.2504,12.9124,4.3668,MEDIUM
multiposture,multiposture_3407,1.2064,1.7913,19.5894,7.2287,13.0171,4.4937,MEDIUM
multiposture,multiposture_3408,1.2135,1.7848,19.711,7.176,13.0954,4.4801,MEDIUM
multiposture,multiposture_3409,1.4537,1.8137,19.7979,7.0218,13.064,4.6554,MEDIUM
multiposture,multiposture_3410,0.3545,1.7902,19.8017,7.0538,13.1506,4.0966,MEDIUM
multiposture,multiposture_3411,2.1217,1.7668,19.7956,7.3992,14.1412,2.927,MEDIUM
multiposture,multiposture_3412,2.2948,1.7078,19.6661,7.5581,13.8967,2.7335,MEDIUM
multiposture,multiposture_3413,3.1853,1.7737,22.6978,5.9972,17.6417,2.5111,HIGH
multiposture,multiposture_3414,3.0475,1.3288,22.446,7.5567,17.8329,1.5973,HIGH
multiposture,multiposture_3415,2.3117,1.2719,22.1141,9.2136,17.1817,1.784,HIGH
multiposture,multiposture_3416,3.0073,1.3602,21.6813,11.3369,15.8821,1.6882,HIGH
multiposture,multiposture_3417,2.7574,1.1788,20.9985,11.9115,15.6724,1.3476,HIGH
multiposture,multiposture_3418,4.5031,1.1151,20.5513,11.7708,14.3769,0.3434,MEDIUM
multiposture,multiposture_3419,5.7429,0.8498,20.4153,12.1155,13.9687,0.864,MEDIUM
multiposture,multiposture_3420,6.5199,0.9625,20.2883,12.3802,13.2137,1.0091,MEDIUM
multiposture,multiposture_3421,7.8316,1.3059,19.5469,12.1542,12.7259,0.9165,MEDIUM
multiposture,multiposture_3422,8.2878,1.3199,19.4946,12.1155,12.7035,1.1005,MEDIUM
multiposture,multiposture_3423,9.545,1.3108,19.5081,12.0607,12.4488,1.746,MEDIUM
multiposture,multiposture_3424,9.3671,1.3079,20.0187,11.7731,11.9391,1.6963,MEDIUM
multiposture,multiposture_3425,9.7802,1.3734,20.0102,11.9041,11.8963,1.757,MEDIUM
multiposture,multiposture_3426,9.6144,1.24,19.9998,11.7637,11.7514,1.9769,MEDIUM
multiposture,multiposture_3427,8.5165,1.2997,20.0478,11.7158,11.7543,1.2879,MEDIUM
multiposture,multiposture_3428,8.4536,1.3184,20.1369,11.8513,11.7959,1.2233,MEDIUM
multiposture,multiposture_3429,8.3727,1.3425,20.4081,11.9135,11.7316,1.1095,MEDIUM
multiposture,multiposture_3430,9.8565,1.6256,20.4285,12.7991,10.528,0.5499,MEDIUM
multiposture,multiposture_3431,8.1093,1.5984,20.3744,12.6909,11.0696,0.1779,MEDIUM
multiposture,multiposture_3432,7.398,1.3859,20.3387,12.3436,11.1006,0.4044,MEDIUM
multiposture,multiposture_3433,7.003,1.2788,20.2932,12.1704,11.2393,0.5041,MEDIUM
multiposture,multiposture_3434,6.2117,1.3631,20.4113,11.807,11.4042,0.0478,MEDIUM
multiposture,multiposture_3435,5.2121,1.5003,20.3573,11.9334,11.6776,0.8455,MEDIUM
multiposture,multiposture_3436,5.1449,1.5074,20.3908,11.9194,12.3328,0.9129,MEDIUM
multiposture,multiposture_3437,5.4716,1.5425,20.3446,11.8968,12.0239,0.8751,MEDIUM
multiposture,multiposture_3438,5.4386,1.4938,20.482,11.8744,12.069,0.7827,MEDIUM
multiposture,multiposture_3439,5.5162,1.5557,20.5151,11.9482,12.1198,0.8882,MEDIUM
multiposture,multiposture_3440,5.5865,1.577,20.1454,11.9824,12.1274,0.9047,MEDIUM
multiposture,multiposture_3441,5.1959,1.4596,20.1947,11.722,12.2004,0.812,MEDIUM
multiposture,multiposture_3442,5.0361,1.4156,20.2722,11.6758,12.2565,0.7869,MEDIUM
multiposture,multiposture_3443,5.0027,0.7832,24.2579,22.3325,20.1794,3.9654,HIGH
multiposture,multiposture_3444,7.9516,0.1537,15.1418,10.8265,18.9852,2.1196,HIGH
multiposture,multiposture_3445,7.8667,0.2308,15.9091,11.7815,19.6148,2.3044,HIGH
multiposture,multiposture_3446,11.0308,0.7124,17.6492,12.1752,20.8736,4.4711,HIGH
multiposture,multiposture_3447,14.0994,0.3619,17.9328,11.501,23.638,4.9999,HIGH
multiposture,multiposture_3448,15.335,0.471,19.5901,11.4453,24.3097,5.6838,HIGH
multiposture,multiposture_3449,16.0923,0.4821,19.4018,10.539,24.1859,5.8069,HIGH
multiposture,multiposture_3450,16.1302,0.5778,19.91,10.618,23.9921,6.0304,HIGH
multiposture,multiposture_3451,16.1057,0.5465,20.975,10.9993,22.5881,6.0332,HIGH
multiposture,multiposture_3452,16.9091,0.4798,20.5626,10.638,22.6726,6.0695,HIGH
multiposture,multiposture_3453,17.3805,0.3877,21.4574,11.9296,23.9315,6.1144,HIGH
multiposture,multiposture_3454,17.3085,0.3913,21.3202,11.4328,23.466,6.0459,HIGH
multiposture,multiposture_3455,16.9588,0.3683,21.2363,11.1495,23.671,5.8699,HIGH
multiposture,multiposture_3456,17.0647,0.3656,21.4595,11.1265,23.6912,5.933,HIGH
multiposture,multiposture_3457,17.4272,0.2906,21.9564,11.8342,23.1666,5.9615,HIGH
multiposture,multiposture_3458,16.1738,0.4718,21.7499,12.2559,24.0247,5.99,HIGH
multiposture,multiposture_3459,15.4238,0.5273,21.8249,11.0834,22.7809,6.0676,HIGH
multiposture,multiposture_3460,15.511,0.5177,21.7096,11.062,22.8003,6.0672,HIGH
multiposture,multiposture_3461,16.433,0.2786,20.8517,11.1229,22.4512,5.8553,HIGH
multiposture,multiposture_3462,15.8368,0.4641,20.5211,10.6945,23.1704,5.9867,HIGH
multiposture,multiposture_3463,16.7646,0.3529,20.5558,10.5161,22.2336,5.912,HIGH
multiposture,multiposture_3464,16.5335,0.4321,21.4307,11.7962,22.3472,6.1638,HIGH
multiposture,multiposture_3465,16.5214,0.4158,21.4672,11.7685,22.3085,6.1476,HIGH
multiposture,multiposture_3466,16.1912,0.4747,21.7083,11.7894,22.6554,6.1566,HIGH
multiposture,multiposture_3467,16.2229,0.4021,21.6332,11.9053,22.5232,5.984,HIGH
multiposture,multiposture_3468,16.7867,0.3403,21.2687,11.8737,22.4768,5.961,HIGH
multiposture,multiposture_3469,16.5342,0.4374,21.1693,12.223,23.6461,6.1539,HIGH
multiposture,multiposture_3470,16.8452,0.3015,21.2437,11.8872,23.7057,5.9131,HIGH
multiposture,multiposture_3471,16.8334,0.3522,21.5391,12.0037,23.8293,6.0891,HIGH
multiposture,multiposture_3472,16.3704,0.3236,22.0965,11.6268,23.6663,5.8955,HIGH
multiposture,multiposture_3473,0.6631,1.2377,0.2703,15.1627,20.2194,2.3545,HIGH
multiposture,multiposture_3474,1.4194,0.26,1.8114,14.3952,18.0462,1.0711,HIGH
multiposture,multiposture_3475,2.065,3.0527,2.7667,11.6211,18.3321,5.6945,HIGH
multiposture,multiposture_3476,4.4745,2.371,6.3019,12.6014,20.4918,3.3325,HIGH
multiposture,multiposture_3477,5.199,1.3879,3.8102,13.8436,21.5866,0.8884,HIGH
multiposture,multiposture_3478,4.8473,1.2486,3.3974,13.7432,21.7233,0.6991,HIGH
multiposture,multiposture_3479,4.4869,1.0804,2.973,13.8635,21.6976,0.4855,HIGH
multiposture,multiposture_3480,3.6861,0.9739,2.5901,13.9131,20.9368,0.5864,HIGH
multiposture,multiposture_3481,6.0899,0.7312,2.2621,14.1352,19.5038,0.9634,HIGH
multiposture,multiposture_3482,6.0464,0.2329,1.4384,14.4128,19.4079,2.0205,HIGH
multiposture,multiposture_3483,6.0819,4.4932,12.9012,5.1401,26.2664,12.1066,HIGH
multiposture,multiposture_3484,10.4885,5.4486,0.5679,11.9887,22.8621,7.5818,HIGH
multiposture,multiposture_3485,72.8677,2.439,8.4462,26.6774,8.4425,20.9562,HIGH
multiposture,multiposture_3486,72.6455,2.602,5.3017,27.5472,7.0713,14.6882,HIGH
multiposture,multiposture_3487,75.4431,4.3844,5.9045,27.1412,7.3336,4.2104,HIGH
multiposture,multiposture_3488,59.0295,4.7693,5.1092,27.0214,6.7206,0.5994,HIGH
multiposture,multiposture_3489,52.635,4.9918,5.9034,25.7146,1.2585,3.351,HIGH
multiposture,multiposture_3490,50.4651,5.6754,6.7608,24.5585,1.4438,2.2686,HIGH
multiposture,multiposture_3491,53.985,5.8201,7.0149,23.9084,1.2764,1.9501,HIGH
multiposture,multiposture_3492,55.3121,5.982,6.7186,23.8326,0.8456,1.5882,HIGH
multiposture,multiposture_3493,64.2816,5.8926,6.6965,22.0118,1.7655,1.5789,HIGH
multiposture,multiposture_3494,68.5777,5.9749,6.4703,23.1204,1.1597,2.125,HIGH
multiposture,multiposture_3495,67.7767,6.015,6.3817,22.4153,1.141,2.2457,HIGH
multiposture,multiposture_3496,63.963,6.0743,6.6515,21.884,0.0123,1.0111,HIGH
multiposture,multiposture_3497,59.9931,5.9592,6.6692,22.2282,1.9098,1.3563,HIGH
multiposture,multiposture_3498,52.154,5.9374,6.7718,21.6841,1.898,1.532,HIGH
multiposture,multiposture_3499,53.3085,5.769,6.6817,22.2168,2.075,1.7366,HIGH
multiposture,multiposture_3500,52.2636,5.8179,6.9723,22.2194,0.1241,1.7768,HIGH
multiposture,multiposture_3501,51.8477,5.9667,7.1641,22.1354,0.9824,1.5214,HIGH
multiposture,multiposture_3502,52.6579,6.8411,8.0197,22.0834,1.2801,2.4189,HIGH
multiposture,multiposture_3503,52.8042,7.2553,8.0272,21.2552,1.9964,3.9763,HIGH
multiposture,multiposture_3504,52.2053,7.2261,8.0236,21.1524,2.4234,3.6525,HIGH
multiposture,multiposture_3505,52.6552,7.2645,8.4519,21.0735,2.3326,3.851,HIGH
multiposture,multiposture_3506,49.1695,7.018,8.3836,21.035,2.2387,3.6505,HIGH
multiposture,multiposture_3507,54.6827,6.606,8.6859,21.4679,2.5772,1.59,HIGH
multiposture,multiposture_3508,58.861,6.4748,8.839,21.4692,1.9985,1.4815,HIGH
multiposture,multiposture_3509,53.9075,6.3837,8.9245,22.2172,2.8198,0.496,HIGH
multiposture,multiposture_3510,50.8955,6.2028,8.9828,22.1241,2.7708,0.8686,HIGH
multiposture,multiposture_3511,46.2585,4.7734,8.7508,21.667,2.6153,4.0049,HIGH
multiposture,multiposture_3512,42.2477,4.9274,8.1194,22.3159,2.134,2.6284,HIGH
multiposture,multiposture_3513,47.5317,5.4352,8.35,21.5625,3.3363,0.0943,HIGH
multiposture,multiposture_3514,46.3312,5.4579,8.185,21.6939,3.7388,0.06,HIGH
multiposture,multiposture_3515,7.9997,4.577,3.7532,2.7004,18.4901,6.5115,HIGH
multiposture,multiposture_3516,12.2346,4.3938,2.4365,13.6572,20.6188,4.7571,HIGH
multiposture,multiposture_3517,13.5277,4.7333,1.2388,13.2525,19.8693,4.9168,HIGH
multiposture,multiposture_3518,13.3035,4.6344,2.069,12.3473,20.0143,4.6907,HIGH
multiposture,multiposture_3519,14.4852,4.8691,2.515,11.9591,19.6978,4.7191,HIGH
multiposture,multiposture_3520,16.3552,4.6487,2.0677,10.1193,20.1465,3.4852,HIGH
multiposture,multiposture_3521,15.9176,4.7281,1.897,10.2031,19.785,3.6172,HIGH
multiposture,multiposture_3522,15.6373,4.7025,2.0677,10.3357,19.2325,3.5941,HIGH
multiposture,multiposture_3523,15.259,4.7384,2.3761,10.4034,18.9981,3.7221,HIGH
multiposture,multiposture_3524,15.7708,4.7209,2.2605,10.5014,18.9799,3.4694,HIGH
multiposture,multiposture_3525,15.999,4.7596,2.1839,10.4894,18.9381,3.4863,HIGH
multiposture,multiposture_3526,15.9227,4.757,2.1815,10.5159,19.0304,3.5376,HIGH
multiposture,multiposture_3527,15.4302,4.7129,2.2108,10.5338,18.7586,3.525,HIGH
multiposture,multiposture_3528,13.4167,4.1727,2.3608,7.1004,18.8158,3.1468,HIGH
multiposture,multiposture_3529,12.7709,4.5222,5.0435,6.8636,19.5593,4.5673,HIGH
multiposture,multiposture_3530,12.5713,4.6738,5.3262,5.8454,20.965,5.2304,HIGH
multiposture,multiposture_3531,12.5159,4.6675,5.7101,4.3779,21.3454,5.2213,HIGH
multiposture,multiposture_3532,12.2845,4.6505,5.7276,3.5192,21.5047,5.2508,HIGH
multiposture,multiposture_3533,12.2777,4.699,5.8356,3.0497,21.8066,5.3642,HIGH
multiposture,multiposture_3534,11.9109,4.5738,5.6461,3.0723,22.0106,5.1799,HIGH
multiposture,multiposture_3535,11.9305,4.69,5.7058,3.2434,22.1916,5.4127,HIGH
multiposture,multiposture_3536,13.1141,4.6428,5.5549,2.7918,22.2934,4.8647,HIGH
multiposture,multiposture_3537,12.7739,4.6452,5.5639,2.6998,22.5412,5.0217,HIGH
multiposture,multiposture_3538,12.1608,4.5379,5.5057,2.7182,22.7554,5.0186,HIGH
multiposture,multiposture_3539,11.6293,4.5654,5.4054,2.839,22.6702,5.2818,HIGH
multiposture,multiposture_3540,12.0642,4.6326,5.7428,2.8815,22.5156,5.3424,HIGH
multiposture,multiposture_3541,12.536,4.7556,6.5492,3.5638,22.7231,5.4638,HIGH
multiposture,multiposture_3542,12.6987,4.8358,6.3833,3.562,22.8564,5.6076,HIGH
multiposture,multiposture_3543,12.69,4.8201,6.3281,3.5843,23.0387,5.5596,HIGH
multiposture,multiposture_3544,12.7628,4.7937,5.9746,3.678,22.9414,5.4562,HIGH
multiposture,multiposture_3545,12.4243,4.833,5.6188,4.3866,22.3842,5.5519,HIGH
multiposture,multiposture_3546,28.1852,7.749,6.3691,5.7933,17.5755,5.6226,HIGH
multiposture,multiposture_3547,36.5173,47.0328,89.5722,32.289,49.2861,75.9178,HIGH
multiposture,multiposture_3548,40.1186,48.5281,100.0294,33.41,49.7493,77.2921,HIGH
multiposture,multiposture_3549,46.4255,48.429,98.9639,35.2688,49.5579,75.3655,HIGH
multiposture,multiposture_3550,51.6112,48.1121,99.8696,37.24,48.3626,73.4813,HIGH
multiposture,multiposture_3551,51.0996,47.9373,100.5851,38.0701,47.6164,73.381,HIGH
multiposture,multiposture_3552,52.4612,47.8435,88.1345,38.6246,48.3688,72.8802,HIGH
multiposture,multiposture_3553,52.9303,48.0175,85.3688,39.0023,48.3336,73.0031,HIGH
multiposture,multiposture_3554,52.3874,48.028,82.5345,39.2532,48.5351,73.1592,HIGH
multiposture,multiposture_3555,53.3066,47.9838,81.0419,38.9793,48.486,72.8844,HIGH
multiposture,multiposture_3556,52.7168,47.8688,92.2944,39.0321,48.1886,72.8855,HIGH
multiposture,multiposture_3557,52.325,48.0154,92.3482,38.8847,46.9271,73.1704,HIGH
multiposture,multiposture_3558,51.0539,47.847,90.1709,37.7096,46.7059,73.2716,HIGH
multiposture,multiposture_3559,51.0,47.8379,90.3121,36.9653,46.898,73.2874,HIGH
multiposture,multiposture_3560,52.6246,47.6859,93.543,37.5213,46.0987,72.6187,HIGH
multiposture,multiposture_3561,53.6244,47.7029,88.5628,38.2832,46.2504,72.3849,HIGH
multiposture,multiposture_3562,54.3336,47.7519,88.0366,38.4914,46.0843,72.305,HIGH
multiposture,multiposture_3563,54.2898,47.5496,80.8711,39.6971,46.6888,72.0819,HIGH
multiposture,multiposture_3564,52.2552,47.1394,81.9359,39.2537,48.3657,72.0427,HIGH
multiposture,multiposture_3565,50.6816,47.0992,87.6585,38.7492,48.0293,72.3723,HIGH
multiposture,multiposture_3566,53.9659,47.4874,86.4093,37.8508,46.9399,72.1254,HIGH
multiposture,multiposture_3567,56.084,47.7872,82.4519,39.4147,46.9374,72.0053,HIGH
multiposture,multiposture_3568,55.3119,47.7953,88.4913,40.287,47.881,72.1759,HIGH
multiposture,multiposture_3569,58.0748,47.7767,86.7828,41.3949,47.8656,71.3681,HIGH
multiposture,multiposture_3570,58.5613,47.4679,85.7716,41.0185,48.686,70.7913,HIGH
multiposture,multiposture_3571,56.5575,47.3481,94.6991,41.7393,49.1465,71.0425,HIGH
multiposture,multiposture_3572,56.113,47.2014,100.1264,42.0649,48.3906,70.937,HIGH
multiposture,multiposture_3573,56.2296,47.1653,98.8211,41.923,48.2187,70.8762,HIGH
multiposture,multiposture_3574,54.9417,47.0821,98.5086,41.2591,48.4188,71.1217,HIGH
multiposture,multiposture_3575,54.733,47.0506,97.0843,41.1172,48.4856,71.1149,HIGH
multiposture,multiposture_3576,54.7705,47.2917,97.9148,39.4379,49.2372,71.5218,HIGH
multiposture,multiposture_3577,0.438,44.3819,37.1625,57.11,13.732,77.8259,MEDIUM
multiposture,multiposture_3578,4.2479,44.3549,36.4432,51.1172,13.8572,76.8603,MEDIUM
multiposture,multiposture_3579,13.1892,44.655,38.2638,46.849,15.386,75.8585,HIGH
multiposture,multiposture_3580,22.5878,43.8521,39.6869,41.7014,14.9256,73.0439,MEDIUM
multiposture,multiposture_3581,21.6396,44.1648,42.1381,42.715,15.3831,73.8287,HIGH
multiposture,multiposture_3582,17.7522,44.0145,42.8568,39.4371,16.426,74.3747,HIGH
multiposture,multiposture_3583,12.8448,43.6316,42.9229,38.0764,16.7979,74.9429,HIGH
multiposture,multiposture_3584,12.6186,43.4726,43.1144,45.3827,16.4728,74.783,HIGH
multiposture,multiposture_3585,11.2417,43.3654,43.0465,45.3636,15.6893,74.7404,HIGH
multiposture,multiposture_3586,11.4234,43.3379,42.3083,46.9437,15.7448,74.5666,HIGH
multiposture,multiposture_3587,13.0113,43.0563,42.6306,44.9865,15.7,73.8662,HIGH
multiposture,multiposture_3588,11.949,43.0691,42.7586,44.7029,15.5632,74.004,HIGH
multiposture,multiposture_3589,11.391,43.0648,42.4175,44.2833,15.5901,74.1572,HIGH
multiposture,multiposture_3590,10.5771,43.1003,43.1924,38.8191,15.8649,74.5564,HIGH
multiposture,multiposture_3591,7.8998,43.0065,43.4869,42.5244,16.5735,75.1738,HIGH
multiposture,multiposture_3592,8.1743,43.0414,43.4787,45.864,16.345,75.235,HIGH
multiposture,multiposture_3593,8.1585,43.0476,43.2086,46.6559,16.0583,75.2282,HIGH
multiposture,multiposture_3594,9.0264,43.0642,43.7247,42.1647,16.7478,75.0898,HIGH
multiposture,multiposture_3595,9.4668,43.1175,43.0651,44.5437,16.4445,74.9706,HIGH
multiposture,multiposture_3596,8.8442,43.1523,43.0655,44.6935,16.51,75.0346,HIGH
multiposture,multiposture_3597,10.9604,43.138,42.9017,37.0399,16.7252,74.4283,HIGH
multiposture,multiposture_3598,9.5085,43.2613,43.1254,38.2817,16.5256,74.7638,HIGH
multiposture,multiposture_3599,8.8981,43.1857,42.8567,39.9845,16.2928,74.6871,HIGH
multiposture,multiposture_3600,9.8805,43.0928,42.2131,39.6368,16.4249,74.3466,HIGH
multiposture,multiposture_3601,8.555,42.9844,42.1858,44.0204,16.3958,74.3923,HIGH
multiposture,multiposture_3602,9.9721,43.3411,42.364,42.735,16.6154,74.6448,HIGH
multiposture,multiposture_3603,12.8912,43.2821,42.3959,48.4583,16.0724,73.7398,HIGH
multiposture,multiposture_3604,10.5242,43.1099,42.1932,48.9609,15.9573,74.1466,HIGH
multiposture,multiposture_3605,9.8589,43.1336,42.6241,48.4623,16.0569,74.65,HIGH
multiposture,multiposture_3606,10.5379,43.179,42.7479,48.1231,15.9171,74.5077,HIGH
multiposture,multiposture_3607,17.6529,0.3265,21.0056,11.772,23.1818,5.9922,HIGH
multiposture,multiposture_3608,0.3044,1.436,3.0398,14.9313,19.6488,3.0584,HIGH
multiposture,multiposture_3609,0.2448,1.3986,1.8672,15.1264,20.122,2.823,HIGH
multiposture,multiposture_3610,0.1094,1.1828,0.3065,14.233,20.6254,2.4453,HIGH
multiposture,multiposture_3611,0.8448,0.7453,0.1868,14.7661,20.9519,1.2642,HIGH
multiposture,multiposture_3612,1.0169,0.956,0.0243,14.7139,21.6797,1.6456,HIGH
multiposture,multiposture_3613,0.3634,0.7949,0.3651,14.4459,21.7038,1.5487,HIGH
multiposture,multiposture_3614,0.4581,1.0107,0.5641,14.7203,21.1796,1.9727,HIGH
multiposture,multiposture_3615,1.0884,0.9062,0.7872,14.656,21.2318,1.5121,HIGH
multiposture,multiposture_3616,0.8559,0.8693,0.8943,15.0316,20.9811,1.5222,HIGH
multiposture,multiposture_3617,1.0366,0.9112,0.7747,15.036,20.7638,1.5424,HIGH
multiposture,multiposture_3618,1.3231,0.8949,0.5753,15.4172,20.3996,1.3983,HIGH
multiposture,multiposture_3619,1.9458,0.2371,0.5016,15.7084,17.6167,0.1804,HIGH
multiposture,multiposture_3620,1.8183,0.3779,1.026,15.5704,17.7795,0.151,HIGH
multiposture,multiposture_3621,0.5535,0.0369,1.6776,14.8076,17.8441,0.1197,HIGH
multiposture,multiposture_3622,1.4821,2.1511,1.8162,12.4236,19.3803,3.9985,HIGH
multiposture,multiposture_3623,2.7242,3.3243,5.7468,12.3579,18.2316,6.0206,HIGH
multiposture,multiposture_3624,3.5085,3.2029,8.2913,11.3185,18.6857,5.4767,HIGH
multiposture,multiposture_3625,3.9538,2.4459,6.7266,12.531,19.6385,3.7109,HIGH
multiposture,multiposture_3626,5.0467,1.579,5.193,14.0216,21.0377,1.3999,HIGH
multiposture,multiposture_3627,5.0024,1.5016,4.7509,14.1579,21.5391,1.2132,HIGH
multiposture,multiposture_3628,3.6512,5.1818,8.4124,7.0089,20.2857,9.6058,HIGH
multiposture,multiposture_3629,3.8719,5.3973,8.6106,6.8759,20.7591,9.9829,HIGH
multiposture,multiposture_3630,3.8559,5.6764,8.6791,6.8942,21.6291,10.571,HIGH
multiposture,multiposture_3631,3.4989,5.5941,8.773,7.1885,22.7478,10.536,HIGH
multiposture,multiposture_3632,2.8941,4.4879,8.6875,6.0403,23.2599,10.543,HIGH
multiposture,multiposture_3633,5.6956,4.4494,11.4034,5.9906,25.3736,11.7813,HIGH
multiposture,multiposture_3634,3.1507,4.2899,9.0397,10.4028,24.5878,10.3469,HIGH
multiposture,multiposture_3635,3.2041,4.086,5.7224,11.6435,24.9143,9.9064,HIGH
multiposture,multiposture_3636,2.1477,4.0163,3.3969,13.1007,24.7797,9.3611,HIGH
multiposture,multiposture_3637,1.6469,4.0304,2.6099,14.0623,24.2252,9.225,HIGH
multiposture,multiposture_3638,0.9786,4.1765,2.2155,13.9327,23.8155,9.286,HIGH
multiposture,multiposture_3639,0.7038,4.2037,0.4501,13.9697,23.6212,9.2259,HIGH
multiposture,multiposture_3640,0.667,4.1812,0.195,13.938,23.6449,9.1618,HIGH
multiposture,multiposture_3641,0.3245,4.3689,0.5126,14.5543,23.8179,9.1783,HIGH
multiposture,multiposture_3642,0.5213,4.3969,1.081,14.2243,23.9143,9.1616,HIGH
multiposture,multiposture_3643,0.9535,4.4383,1.0057,14.0339,23.4652,9.0663,HIGH
multiposture,multiposture_3644,2.7195,4.4538,1.2125,13.9164,22.4422,8.4185,HIGH
multiposture,multiposture_3645,4.4613,4.766,0.2086,13.8597,22.031,8.4179,HIGH
multiposture,multiposture_3646,4.5726,4.8144,0.1411,13.7645,22.1211,8.4804,HIGH
multiposture,multiposture_3647,4.504,4.8642,0.1409,14.3163,23.7142,8.6063,HIGH
multiposture,multiposture_3648,4.6444,4.8114,0.0305,14.4666,23.8031,8.4489,HIGH
multiposture,multiposture_3649,4.8842,4.979,0.32,14.3019,22.4744,8.7142,HIGH
multiposture,multiposture_3650,9.6264,5.2301,0.844,13.478,21.9166,7.4715,HIGH
multiposture,multiposture_3651,9.7116,5.7253,3.4025,11.597,22.7407,8.5214,HIGH
multiposture,multiposture_3652,7.482,5.7582,6.6547,11.4373,23.0822,9.4286,HIGH
multiposture,multiposture_3653,8.9311,5.8785,6.6018,11.4215,23.5988,9.2395,HIGH
multiposture,multiposture_3654,9.3544,5.3023,3.1917,11.9399,21.4406,7.9142,HIGH
multiposture,multiposture_3655,8.1228,5.1389,2.4766,12.3637,20.8014,7.96,HIGH
multiposture,multiposture_3656,9.3802,4.4318,1.9799,2.6016,17.9713,5.4988,HIGH
multiposture,multiposture_3657,8.6723,4.2161,1.5582,2.3025,19.1532,5.342,HIGH
multiposture,multiposture_3658,7.9409,4.0038,1.0894,1.9123,19.6739,5.1652,HIGH
multiposture,multiposture_3659,7.6508,4.0007,0.9212,1.5753,20.1998,5.2944,HIGH
multiposture,multiposture_3660,7.6871,3.9866,0.6434,1.5411,20.2254,5.2442,HIGH
multiposture,multiposture_3661,8.2585,3.9047,0.2313,1.7756,20.1643,4.8118,HIGH
multiposture,multiposture_3662,8.3269,3.8678,0.1853,1.8538,20.4749,4.701,HIGH
multiposture,multiposture_3663,8.2789,3.8043,0.0717,1.8913,20.3668,4.5944,HIGH
multiposture,multiposture_3664,7.9387,3.8489,0.3859,1.8423,20.4016,4.8417,HIGH
multiposture,multiposture_3665,7.2747,3.8582,0.4119,1.4288,20.3443,5.1587,HIGH
multiposture,multiposture_3666,7.1339,3.8372,0.3995,1.4674,20.4567,5.1593,HIGH
multiposture,multiposture_3667,6.9555,3.8218,0.4097,1.4617,20.4621,5.2091,HIGH
multiposture,multiposture_3668,6.7976,3.7493,0.4589,1.2627,20.399,5.1212,HIGH
multiposture,multiposture_3669,6.9633,3.907,0.6355,0.9553,20.5057,5.3916,HIGH
multiposture,multiposture_3670,6.9953,3.9159,0.7215,0.9601,20.5383,5.3933,HIGH
multiposture,multiposture_3671,6.7463,3.8125,0.6151,1.4639,20.4799,5.2747,HIGH
multiposture,multiposture_3672,6.6369,3.8264,0.7549,1.49,20.4565,5.3545,HIGH
multiposture,multiposture_3673,6.5302,3.8095,1.184,1.3474,20.3924,5.3452,HIGH
multiposture,multiposture_3674,6.3232,3.8483,1.2545,1.336,20.3019,5.5301,HIGH
multiposture,multiposture_3675,6.3711,4.0042,1.4737,1.1407,20.5102,5.8501,HIGH
multiposture,multiposture_3676,6.3838,4.0106,1.2925,1.2433,20.2981,5.8499,HIGH
multiposture,multiposture_3677,6.2168,3.9629,1.2403,1.4866,20.3483,5.8238,HIGH
multiposture,multiposture_3678,6.1081,3.946,1.2211,1.4636,20.317,5.8349,HIGH
multiposture,multiposture_3679,6.4047,3.9432,1.1528,1.4761,20.2154,5.6946,HIGH
multiposture,multiposture_3680,6.0518,4.0603,0.4288,1.4051,20.1701,6.1303,HIGH
multiposture,multiposture_3681,6.2765,4.1488,0.6775,0.8813,20.2351,6.226,HIGH
multiposture,multiposture_3682,6.1846,4.0253,0.4453,0.9255,20.2328,5.9943,HIGH
multiposture,multiposture_3683,5.5191,3.8866,0.3275,1.0727,20.6705,6.0005,HIGH
multiposture,multiposture_3684,5.3545,3.7908,0.5915,1.264,20.7049,5.8717,HIGH
multiposture,multiposture_3685,16.7632,4.7,3.2381,6.212,23.0582,3.412,HIGH
multiposture,multiposture_3686,18.8687,5.0906,2.019,6.1002,20.3472,3.4055,HIGH
multiposture,multiposture_3687,21.607,5.0539,2.0977,6.042,18.9915,2.2153,HIGH
multiposture,multiposture_3688,23.2012,4.8333,1.9422,6.2949,17.1683,1.1609,HIGH
multiposture,multiposture_3689,23.551,4.9112,2.0952,6.3934,16.8183,1.2042,HIGH
multiposture,multiposture_3690,24.5377,4.864,2.0131,6.6523,17.0442,1.1277,HIGH
multiposture,multiposture_3691,23.0981,5.2479,2.0565,6.8662,18.281,2.3485,HIGH
multiposture,multiposture_3692,23.0117,5.6604,1.2097,6.4722,18.4627,3.21,HIGH
multiposture,multiposture_3693,22.9767,5.7472,0.921,6.3841,18.3585,3.3925,HIGH
multiposture,multiposture_3694,25.6421,6.0684,0.1113,6.6425,18.7127,3.4075,HIGH
multiposture,multiposture_3695,28.0114,5.9632,0.0304,7.2408,19.5761,2.4711,HIGH
multiposture,multiposture_3696,27.6562,6.0277,0.052,7.751,20.3938,2.6195,HIGH
multiposture,multiposture_3697,27.6965,6.0821,0.2225,7.5018,20.5898,2.5523,HIGH
multiposture,multiposture_3698,27.8574,6.2364,0.5005,7.2021,21.1698,2.8834,HIGH
multiposture,multiposture_3699,27.471,6.2086,0.4904,7.1788,21.538,2.8609,HIGH
multiposture,multiposture_3700,27.4619,6.2206,0.5819,7.253,21.8082,2.9044,HIGH
multiposture,multiposture_3701,27.0436,6.4939,0.3356,6.8343,22.4202,3.6287,HIGH
multiposture,multiposture_3702,26.3863,6.6226,0.1686,6.7562,22.4818,4.113,HIGH
multiposture,multiposture_3703,26.0293,6.597,0.6093,6.8288,22.3561,4.1255,HIGH
multiposture,multiposture_3704,25.8943,6.5965,0.5555,6.6858,22.1868,4.1502,HIGH
multiposture,multiposture_3705,23.6366,6.6046,0.7297,6.8911,21.8016,5.1243,HIGH
multiposture,multiposture_3706,23.0697,6.6005,1.042,7.1067,21.8045,5.3053,HIGH
multiposture,multiposture_3707,24.4485,6.5915,2.1513,5.0371,22.8211,4.9361,HIGH
multiposture,multiposture_3708,24.2241,6.4261,5.9186,3.636,24.7489,4.8315,HIGH
multiposture,multiposture_3709,22.1896,6.1871,7.4855,5.1883,23.8356,4.8424,HIGH
multiposture,multiposture_3710,23.7463,6.5734,6.9097,5.2431,18.1457,4.9684,HIGH
multiposture,multiposture_3711,24.4969,6.7995,6.4373,5.288,16.4673,5.0136,HIGH
multiposture,multiposture_3712,26.2912,7.2827,6.846,5.8781,17.3269,5.3695,HIGH
multiposture,multiposture_3713,26.56,7.4155,6.8138,5.7254,17.5614,5.4197,HIGH
multiposture,multiposture_3714,18.332,2.2281,22.8215,14.595,18.736,4.0394,HIGH
multiposture,multiposture_3715,20.0816,2.6033,21.5946,14.9894,18.9584,4.1796,HIGH
multiposture,multiposture_3716,20.633,2.5333,21.8901,14.8519,19.3014,4.7182,HIGH
multiposture,multiposture_3717,19.7886,2.3249,21.9611,14.0183,19.6198,4.7995,HIGH
multiposture,multiposture_3718,19.2815,1.9572,22.2949,13.7479,20.4042,5.5839,HIGH
multiposture,multiposture_3719,18.9716,1.914,21.8547,13.1852,19.4454,5.4115,HIGH
multiposture,multiposture_3720,3.9512,2.1478,20.9077,13.1436,21.798,2.8888,HIGH
multiposture,multiposture_3721,4.3541,2.4191,20.8356,12.9643,22.41,3.2913,HIGH
multiposture,multiposture_3722,4.6264,2.3058,21.0434,12.7397,22.8071,2.9091,HIGH
multiposture,multiposture_3723,5.1161,2.2818,21.115,12.5155,23.4212,2.605,HIGH
multiposture,multiposture_3724,6.7886,2.0457,21.3528,12.4715,22.4854,1.2328,HIGH
multiposture,multiposture_3725,15.7757,1.3407,25.7475,3.5602,23.7646,4.2254,HIGH
multiposture,multiposture_3726,20.8697,1.8817,27.5121,7.2108,20.7112,4.5396,HIGH
multiposture,multiposture_3727,23.7167,1.8508,26.4075,4.1499,20.279,5.6198,HIGH
multiposture,multiposture_3728,25.323,1.9679,26.1923,4.8283,20.5246,6.2014,HIGH
multiposture,multiposture_3729,17.3814,2.8101,10.4678,0.3027,17.6394,1.5451,HIGH
multiposture,multiposture_3730,18.3236,2.9838,7.8848,3.1473,17.2538,1.5723,HIGH
multiposture,multiposture_3731,18.3056,3.0538,7.3585,1.6492,17.0206,1.6448,HIGH
multiposture,multiposture_3732,17.9324,3.1084,4.8826,2.5831,15.5632,1.8105,HIGH
multiposture,multiposture_3733,19.7619,3.1109,4.0267,2.6333,14.8623,2.8103,MEDIUM
multiposture,multiposture_3734,19.3297,3.1291,4.8818,4.3285,14.7631,2.7561,MEDIUM
multiposture,multiposture_3735,18.6347,3.1309,4.2607,3.6249,14.5078,2.7175,MEDIUM
multiposture,multiposture_3736,23.9887,2.9913,6.9217,8.0028,13.7286,6.0445,MEDIUM
multiposture,multiposture_3737,10.4259,1.4303,14.9189,9.6544,13.3659,9.8422,MEDIUM
multiposture,multiposture_3738,9.2097,2.4549,14.7769,10.7941,14.9266,10.9051,MEDIUM
multiposture,multiposture_3739,0.3188,1.8109,12.6005,11.4668,15.0543,3.83,HIGH
multiposture,multiposture_3740,2.1531,0.942,11.67,13.0198,15.3804,1.1603,HIGH
multiposture,multiposture_3741,2.2414,0.0027,12.1938,13.2734,15.6907,0.8575,HIGH
multiposture,multiposture_3742,3.6019,0.1488,12.0676,12.4538,15.4898,1.6295,HIGH
multiposture,multiposture_3743,13.2647,0.6937,12.7951,12.388,15.4461,7.532,HIGH
multiposture,multiposture_3744,13.1795,0.6217,12.8332,11.9339,16.0002,7.7632,HIGH
multiposture,multiposture_3745,1.4884,0.3744,12.8218,11.7715,16.5137,1.5644,HIGH
multiposture,multiposture_3746,1.854,0.0302,12.9738,12.1576,17.1421,0.992,HIGH
multiposture,multiposture_3747,3.09,0.4364,13.3993,12.1084,18.7927,2.5732,HIGH
multiposture,multiposture_3748,4.1434,0.9121,13.2761,12.2621,19.6427,4.2101,HIGH
multiposture,multiposture_3749,3.8042,0.8877,18.16,13.783,19.5488,3.5085,HIGH
multiposture,multiposture_3750,3.7848,0.8764,18.145,10.8092,17.1344,3.196,HIGH
multiposture,multiposture_3751,1.7026,2.2574,15.7979,10.0819,17.1881,4.1291,HIGH
multiposture,multiposture_3752,6.7753,2.9634,14.4527,8.002,16.934,3.9046,HIGH
multiposture,multiposture_3753,9.9177,3.4078,13.5436,7.6097,16.6555,3.8501,HIGH
multiposture,multiposture_3754,10.5055,3.8996,12.1237,6.413,17.1115,4.7504,HIGH
multiposture,multiposture_3755,8.0012,3.934,9.6041,6.9538,18.7939,5.5395,HIGH
multiposture,multiposture_3756,8.0063,4.1958,9.3039,7.5929,19.38,6.0637,HIGH
multiposture,multiposture_3757,9.1457,4.1078,10.0743,7.1743,19.3284,5.4211,HIGH
multiposture,multiposture_3758,9.1859,4.0487,10.1307,7.3027,19.1867,5.2736,HIGH
multiposture,multiposture_3759,9.319,4.1548,9.3237,7.4145,19.3032,5.4943,HIGH
multiposture,multiposture_3760,9.594,4.1713,8.2185,7.5556,19.7944,5.4702,HIGH
multiposture,multiposture_3761,10.3914,4.3432,7.513,7.7871,20.464,5.5446,HIGH
multiposture,multiposture_3762,10.5443,4.2127,5.253,7.8572,20.6077,5.2178,HIGH
multiposture,multiposture_3763,14.8633,4.0439,8.9268,8.2491,19.6363,3.0305,HIGH
multiposture,multiposture_3764,15.8065,3.8818,8.9073,7.9992,18.1473,2.4544,HIGH
multiposture,multiposture_3765,16.9524,3.6718,10.0005,8.2666,17.9123,1.84,HIGH
multiposture,multiposture_3766,15.0171,2.8937,12.1243,7.547,18.2109,0.8891,HIGH
multiposture,multiposture_3767,5.9823,5.3951,18.908,0.3749,18.9545,9.1669,HIGH
multiposture,multiposture_3768,8.8685,5.2782,18.3559,1.2509,18.5687,7.7474,HIGH
multiposture,multiposture_3769,16.1584,5.4116,13.6955,24.2369,20.8302,5.0147,HIGH
multiposture,multiposture_3770,18.5511,3.8235,17.5053,35.4906,23.6828,0.3293,HIGH
multiposture,multiposture_3771,8.6296,6.3213,16.0965,12.012,25.6929,18.0557,HIGH
multiposture,multiposture_3772,12.1174,6.2383,16.7353,11.3507,24.0537,8.0834,HIGH
multiposture,multiposture_3773,5.8722,2.9471,13.096,7.7415,17.9951,3.9386,HIGH
multiposture,multiposture_3774,5.4698,3.3046,11.1991,6.0796,18.2534,4.914,HIGH
multiposture,multiposture_3775,5.0864,3.6675,10.2009,5.385,18.505,5.8649,HIGH
multiposture,multiposture_3776,5.366,4.37,9.8876,7.1145,19.9283,7.2577,HIGH
multiposture,multiposture_3777,5.5806,4.5421,10.0673,7.9795,20.7727,7.5571,HIGH
multiposture,multiposture_3778,8.0228,4.7292,10.0139,8.6072,21.4405,7.102,HIGH
multiposture,multiposture_3779,31.0089,2.9437,15.6411,11.1008,17.0042,8.0498,HIGH
multiposture,multiposture_3780,5.8792,4.3402,15.5968,13.3609,21.9449,6.8358,HIGH
multiposture,multiposture_3781,17.571,4.5815,10.1555,0.1872,20.7096,1.6563,HIGH
multiposture,multiposture_3782,21.8051,4.848,7.319,2.4662,19.877,0.0426,HIGH
multiposture,multiposture_3783,25.6259,4.9509,5.6677,2.6577,16.9926,1.8481,HIGH
multiposture,multiposture_3784,28.1964,5.0096,4.2725,2.426,15.6086,3.1563,HIGH
multiposture,multiposture_3785,28.0524,5.0162,4.3367,2.6155,15.4206,3.0769,HIGH
multiposture,multiposture_3786,27.9848,5.0321,4.7468,2.7034,15.312,3.0003,HIGH
multiposture,multiposture_3787,28.2118,5.0642,4.9733,3.2167,14.8083,2.9487,MEDIUM
multiposture,multiposture_3788,28.4019,5.1522,4.9472,3.0421,14.3337,2.897,MEDIUM
multiposture,multiposture_3789,3.9158,6.4118,2.5365,1.6479,18.8773,12.368,HIGH
multiposture,multiposture_3790,10.6333,6.8415,2.4975,1.1016,19.7427,10.2144,HIGH
multiposture,multiposture_3791,9.4366,3.3646,20.2893,8.4914,14.0777,3.1188,MEDIUM
multiposture,multiposture_3792,29.3776,2.8626,22.4072,6.8858,16.7317,7.7058,HIGH
multiposture,multiposture_3793,28.0167,2.8258,22.1747,6.6955,17.0405,7.1579,HIGH
multiposture,multiposture_3794,18.3206,3.1725,21.9533,6.5877,18.5013,1.3767,HIGH
multiposture,multiposture_3795,17.7792,3.2109,21.6866,6.6866,18.2758,1.1663,HIGH
multiposture,multiposture_3796,15.8735,3.242,21.2265,6.7087,18.3346,0.1771,HIGH
multiposture,multiposture_3797,17.8339,3.6371,21.486,8.1744,20.8543,0.3873,HIGH
multiposture,multiposture_3798,8.3407,5.3741,14.0059,6.4633,19.3281,8.0719,HIGH
multiposture,multiposture_3799,158.3472,3.8333,34.8323,18.2982,16.3228,1.7553,HIGH
multiposture,multiposture_3800,172.5824,7.0413,30.0502,17.2682,19.2904,7.409,HIGH
multiposture,multiposture_3801,169.3329,7.8164,25.1752,18.5763,20.9867,7.7757,HIGH
multiposture,multiposture_3802,172.3685,8.6548,25.0087,18.8394,21.8417,9.982,HIGH
multiposture,multiposture_3803,171.2719,8.5117,23.6997,18.1259,19.316,9.4846,HIGH
multiposture,multiposture_3804,172.2624,8.9094,22.7123,18.4268,18.817,10.4178,HIGH
multiposture,multiposture_3805,176.3098,5.7079,20.9818,16.6081,16.6788,9.3057,HIGH
multiposture,multiposture_3806,177.5906,6.3389,22.023,14.3917,18.7664,9.7869,HIGH
multiposture,multiposture_3807,178.3685,6.2674,22.4281,15.1165,18.1999,8.52,HIGH
multiposture,multiposture_3808,176.4754,6.3978,22.0405,15.4894,18.6387,8.0721,HIGH
multiposture,multiposture_3809,174.7552,6.551,22.3261,15.5897,18.8767,7.8224,HIGH
multiposture,multiposture_3810,173.8084,7.1429,22.2271,16.1588,19.5299,8.2781,HIGH
multiposture,multiposture_3811,169.6046,6.9317,22.4476,17.0221,19.0294,6.8621,HIGH
multiposture,multiposture_3812,169.1014,6.8318,22.6819,16.8459,19.3918,6.4371,HIGH
multiposture,multiposture_3813,169.9996,6.8713,22.7746,16.8227,19.3537,6.7582,HIGH
multiposture,multiposture_3814,170.2318,6.7835,23.0841,16.8333,19.1446,6.5982,HIGH
multiposture,multiposture_3815,174.1083,6.5882,23.3358,17.4396,16.2005,11.3276,HIGH
multiposture,multiposture_3816,160.5086,6.5615,22.3142,17.0763,16.7599,7.6485,HIGH
multiposture,multiposture_3817,101.7157,4.8122,23.9054,27.5454,25.5729,5.5464,HIGH
multiposture,multiposture_3818,49.2437,1.3692,27.8694,19.3872,25.0746,18.7579,HIGH
multiposture,multiposture_3819,42.2502,1.6405,29.1864,16.1387,25.9402,13.9841,HIGH
multiposture,multiposture_3820,41.6842,2.026,28.6321,14.2091,26.8651,11.0618,HIGH
multiposture,multiposture_3821,50.7633,2.6057,27.763,12.5987,26.6601,9.8387,HIGH
multiposture,multiposture_3822,55.2659,2.8516,27.4067,12.8865,26.5909,10.5339,HIGH
multiposture,multiposture_3823,58.5333,3.4163,28.1409,13.4465,26.4821,9.9894,HIGH
multiposture,multiposture_3824,100.9601,3.519,25.1453,13.7469,20.6365,4.1699,HIGH
multiposture,multiposture_3825,149.5244,4.7278,22.9777,13.995,21.1066,4.8049,HIGH
multiposture,multiposture_3826,158.8755,4.5418,20.2547,13.8064,21.1916,3.9066,HIGH
multiposture,multiposture_3827,170.9345,4.8035,19.9663,13.5656,21.1761,5.4488,HIGH
multiposture,multiposture_3828,32.6279,5.2846,19.6356,15.0769,16.4189,8.162,HIGH
multiposture,multiposture_3829,7.04,52.8138,91.6965,37.8787,65.8978,91.2475,HIGH
multiposture,multiposture_3830,8.2973,53.033,94.2074,38.1248,66.0486,91.6105,HIGH
multiposture,multiposture_3831,27.6494,52.2745,61.9196,35.389,62.0524,86.2741,HIGH
multiposture,multiposture_3832,25.4691,51.8094,55.0236,33.771,59.8489,85.9734,HIGH
multiposture,multiposture_3833,23.8837,51.8237,51.4256,33.1108,58.9985,86.4396,HIGH
multiposture,multiposture_3834,23.5238,52.2618,50.062,33.3141,58.1272,87.0569,HIGH
multiposture,multiposture_3835,24.6704,52.5522,50.636,33.9146,57.3257,87.2175,HIGH
multiposture,multiposture_3836,23.8557,52.5253,53.2173,32.5818,57.4668,87.3563,HIGH
multiposture,multiposture_3837,26.7422,52.5568,52.6019,31.3784,57.7455,86.9806,HIGH
multiposture,multiposture_3838,28.2287,52.6117,51.4128,31.4214,58.261,86.7811,HIGH
multiposture,multiposture_3839,22.4272,52.8766,52.3106,32.2229,59.5616,88.0202,HIGH
multiposture,multiposture_3840,16.1802,53.3021,53.574,31.8724,61.6638,89.5512,HIGH
multiposture,multiposture_3841,14.2094,53.4522,55.4217,31.4524,62.1295,89.85,HIGH
multiposture,multiposture_3842,11.5601,53.5466,54.5258,31.9612,62.1034,90.207,HIGH
multiposture,multiposture_3843,11.8648,53.6583,53.3623,32.3702,62.1967,90.3721,HIGH
multiposture,multiposture_3844,15.1355,53.5883,52.7347,33.4003,62.9427,90.5709,HIGH
multiposture,multiposture_3845,12.9616,53.6567,80.7065,35.6895,67.1131,91.3869,HIGH
multiposture,multiposture_3846,12.2914,53.5901,86.5375,37.4993,68.3658,91.4938,HIGH
multiposture,multiposture_3847,8.3045,52.9243,95.9671,57.0184,70.1614,90.8474,HIGH
multiposture,multiposture_3848,6.8117,52.8007,96.7043,59.3866,70.5255,91.0437,HIGH
multiposture,multiposture_3849,6.3997,52.5187,99.8715,64.1093,70.0394,91.4903,HIGH
multiposture,multiposture_3850,5.2075,52.2721,101.2249,64.1263,70.0677,91.7826,HIGH
multiposture,multiposture_3851,5.4848,52.2292,101.579,63.6904,69.7561,90.9276,HIGH
multiposture,multiposture_3852,4.9653,52.1955,103.6314,63.4566,69.717,91.1684,HIGH
multiposture,multiposture_3853,3.5294,52.5387,102.1916,64.8335,70.8485,92.0543,HIGH
multiposture,multiposture_3854,2.0756,52.3297,96.4262,50.785,68.3925,90.4875,HIGH
multiposture,multiposture_3855,1.4801,52.2815,94.6222,49.3336,67.1244,90.3015,HIGH
multiposture,multiposture_3856,0.8493,52.3101,93.3159,48.9016,66.338,89.9704,HIGH
multiposture,multiposture_3857,0.315,52.2256,92.6487,49.7601,66.1259,89.8103,HIGH
multiposture,multiposture_3858,1.4415,52.2091,95.3464,48.0937,67.7639,91.1778,HIGH
multiposture,multiposture_3859,6.7533,26.9587,40.9242,59.7558,3.4166,53.238,MEDIUM
multiposture,multiposture_3860,1.2966,27.6046,38.229,57.6888,0.764,57.6488,MEDIUM
multiposture,multiposture_3861,5.8236,28.2335,37.557,55.3399,3.0047,60.7693,MEDIUM
multiposture,multiposture_3862,9.3755,28.5589,38.1142,54.2775,2.5523,63.291,MEDIUM
multiposture,multiposture_3863,8.3543,28.6985,37.9147,48.6304,2.3959,63.0464,MEDIUM
multiposture,multiposture_3864,7.0124,29.0338,38.5153,44.767,2.244,62.9465,MEDIUM
multiposture,multiposture_3865,6.2486,29.3135,39.0884,45.4512,2.2009,62.8972,MEDIUM
multiposture,multiposture_3866,26.1391,29.4335,40.3075,42.2531,5.377,50.3696,MEDIUM
multiposture,multiposture_3867,7.0408,30.9198,43.1445,44.5147,0.6513,66.1314,MEDIUM
multiposture,multiposture_3868,11.8534,30.8823,43.8495,53.8075,1.6516,67.4352,MEDIUM
multiposture,multiposture_3869,14.7803,31.0474,43.7783,56.7344,2.3879,68.9376,MEDIUM
multiposture,multiposture_3870,15.638,30.8149,42.905,56.1405,4.4059,68.6039,MEDIUM
multiposture,multiposture_3871,18.2132,30.9352,43.9109,58.5316,5.236,69.1522,MEDIUM
multiposture,multiposture_3872,1.6921,30.7489,44.0827,61.8671,0.3806,62.2952,HIGH
multiposture,multiposture_3873,9.3233,30.3472,42.9934,59.4541,2.2329,58.0899,MEDIUM
multiposture,multiposture_3874,24.4143,29.7359,41.7871,57.2959,5.0673,51.3995,MEDIUM
multiposture,multiposture_3875,20.9513,29.7816,42.1189,57.4166,4.7284,52.7155,MEDIUM
multiposture,multiposture_3876,18.7254,29.6267,40.8925,62.235,2.2753,53.3328,HIGH
multiposture,multiposture_3877,28.1141,31.3302,46.2186,49.1079,3.3944,53.2341,MEDIUM
multiposture,multiposture_3878,25.5072,31.6081,45.1849,49.643,1.8124,54.8758,MEDIUM
multiposture,multiposture_3879,21.64,31.6944,44.5812,46.5133,0.4425,56.5385,MEDIUM
multiposture,multiposture_3880,18.9675,31.5765,43.6206,41.014,0.273,57.3395,MEDIUM
multiposture,multiposture_3881,12.968,31.2766,43.3459,39.4833,0.3619,59.1971,MEDIUM
multiposture,multiposture_3882,12.2464,31.4346,43.0885,40.5432,0.5147,59.8757,MEDIUM
multiposture,multiposture_3883,10.8951,31.3523,42.5584,40.6624,0.2849,60.2889,MEDIUM
multiposture,multiposture_3884,21.8913,30.8949,42.2353,36.1435,5.5449,54.6721,MEDIUM
multiposture,multiposture_3885,6.0773,31.6111,42.696,42.2704,2.4344,67.6408,MEDIUM
multiposture,multiposture_3886,17.0273,31.1507,19.9128,57.645,9.4398,70.7805,MEDIUM
multiposture,multiposture_3887,17.4093,31.0706,17.1156,68.9629,11.3597,71.1838,HIGH
multiposture,multiposture_3888,18.8601,31.6684,15.5573,69.0853,10.6443,73.1441,HIGH
multiposture,multiposture_3889,0.9358,1.801,22.0411,8.0297,10.6751,3.5725,MEDIUM
multiposture,multiposture_3890,0.4521,1.887,22.28,8.2699,10.958,3.9976,MEDIUM
multiposture,multiposture_3891,0.6224,2.0122,22.1738,8.4686,11.8909,4.1856,MEDIUM
multiposture,multiposture_3892,1.2663,2.1853,22.0272,8.576,11.9965,4.2573,MEDIUM
multiposture,multiposture_3893,10.3727,2.2473,22.129,8.9829,14.6713,0.1056,MEDIUM
multiposture,multiposture_3894,15.3133,2.2662,22.164,9.5914,16.0519,2.5606,HIGH
multiposture,multiposture_3895,17.0466,1.9457,19.8173,3.2558,14.5534,3.9042,MEDIUM
multiposture,multiposture_3896,15.9106,1.9501,19.9565,5.0227,16.6168,3.3951,HIGH
multiposture,multiposture_3897,14.49,1.9525,20.1069,6.8244,16.7418,2.7089,HIGH
multiposture,multiposture_3898,13.7089,2.0778,19.9914,7.225,16.8642,2.0725,HIGH
multiposture,multiposture_3899,13.5651,2.003,19.7876,0.3672,15.664,2.0547,HIGH
multiposture,multiposture_3900,12.6619,1.7616,21.5933,9.6332,15.7526,2.2176,HIGH
multiposture,multiposture_3901,12.7772,1.813,22.1225,9.3349,16.2932,2.0967,HIGH
multiposture,multiposture_3902,13.0074,1.8972,22.5053,9.1783,16.3695,1.9842,HIGH
multiposture,multiposture_3903,16.033,2.4552,14.6798,3.8111,18.0814,1.8754,HIGH
multiposture,multiposture_3904,23.9919,1.5496,15.579,9.651,11.5548,9.599,MEDIUM
multiposture,multiposture_3905,22.5004,1.6037,21.4158,10.2264,14.3616,7.8544,MEDIUM
multiposture,multiposture_3906,21.9586,1.6369,22.9026,10.4289,15.5536,7.1848,HIGH
multiposture,multiposture_3907,20.9569,1.4788,22.4406,10.0273,14.4405,6.929,MEDIUM
multiposture,multiposture_3908,12.189,1.5829,22.2315,48.8023,17.6869,1.7141,HIGH
multiposture,multiposture_3909,11.2006,1.6469,21.8641,55.4332,20.3612,0.9263,HIGH
multiposture,multiposture_3910,12.1094,1.5222,22.1376,21.3315,20.5047,1.7751,HIGH
multiposture,multiposture_3911,9.1961,3.1694,20.3921,9.9785,16.6639,2.8755,HIGH
multiposture,multiposture_3912,9.208,3.1499,20.5606,9.969,16.492,2.7807,HIGH
multiposture,multiposture_3913,31.4441,2.7932,23.1388,8.5539,14.5481,8.9167,HIGH
multiposture,multiposture_3914,29.7817,2.7193,23.5471,7.3432,15.2319,8.0695,HIGH
multiposture,multiposture_3915,19.3808,3.2489,22.2177,8.3324,19.4973,2.0094,HIGH
multiposture,multiposture_3916,22.2605,2.9968,22.9253,8.8976,18.8751,4.1341,HIGH
multiposture,multiposture_3917,8.2306,3.1579,23.2787,8.5973,19.782,3.1918,HIGH
multiposture,multiposture_3918,12.711,3.1365,23.3255,8.6011,19.7515,0.9408,HIGH
multiposture,multiposture_3919,8.049,5.3923,13.8724,5.7243,19.4986,8.1966,HIGH
multiposture,multiposture_3920,7.8481,5.1425,14.1425,5.3865,19.5488,7.7426,HIGH
multiposture,multiposture_3921,8.9575,5.2091,17.959,5.8911,19.5761,15.1327,HIGH
multiposture,multiposture_3922,8.437,5.2176,16.7968,1.4502,18.6586,7.7897,HIGH
multiposture,multiposture_3923,11.5514,5.135,16.0574,1.4734,17.3121,6.2666,HIGH
multiposture,multiposture_3924,11.442,5.1469,15.5289,2.3854,16.9591,6.3418,HIGH
multiposture,multiposture_3925,16.6821,4.7861,14.0087,2.1775,16.7566,2.8757,HIGH
multiposture,multiposture_3926,17.0766,4.8067,13.5902,2.154,19.2746,2.2653,HIGH
multiposture,multiposture_3927,16.262,4.8955,13.609,1.9212,20.0692,2.6217,HIGH
multiposture,multiposture_3928,14.7466,5.3635,14.1588,0.799,21.6396,4.2204,HIGH
multiposture,multiposture_3929,16.2032,6.1452,13.3483,1.4374,22.0965,5.1613,HIGH
multiposture,multiposture_3930,11.2257,6.7545,12.6988,2.4491,22.8722,9.3707,HIGH
multiposture,multiposture_3931,11.7153,6.7149,13.091,2.4552,22.4665,8.9984,HIGH
multiposture,multiposture_3932,13.5218,6.4269,13.9303,2.401,22.4185,7.2684,HIGH
multiposture,multiposture_3933,13.9835,6.509,14.3039,2.2399,21.6668,7.3046,HIGH
multiposture,multiposture_3934,14.6405,6.4997,13.6499,4.4686,19.7505,7.4894,HIGH
multiposture,multiposture_3935,19.4616,3.6693,15.7052,48.3662,25.6301,0.0301,HIGH
multiposture,multiposture_3936,20.4243,3.8989,18.1651,15.5285,22.1566,0.9446,HIGH
multiposture,multiposture_3937,22.596,6.3284,18.4094,10.8029,22.3107,3.0755,HIGH
multiposture,multiposture_3938,22.7794,6.4963,18.2888,10.5915,21.1459,3.1554,HIGH
multiposture,multiposture_3939,11.4454,6.9859,17.3935,11.1468,21.9829,9.9648,HIGH
multiposture,multiposture_3940,9.9623,7.0686,15.3363,11.4433,22.4019,10.8629,HIGH
multiposture,multiposture_3941,6.8558,7.3733,14.4107,11.7326,22.7154,13.09,HIGH
multiposture,multiposture_3942,12.3784,5.6322,16.2286,10.6666,23.3743,7.3219,HIGH
multiposture,multiposture_3943,10.6703,5.5488,15.5099,9.8001,22.8939,7.6651,HIGH
multiposture,multiposture_3944,18.3826,4.2989,16.9798,10.0244,22.3041,1.8122,HIGH
multiposture,multiposture_3945,21.1969,4.0324,16.8761,9.9601,21.9065,0.0367,HIGH
multiposture,multiposture_3946,18.3949,3.9568,18.129,9.8355,20.9613,0.5645,HIGH
multiposture,multiposture_3947,17.5274,3.5749,18.0704,10.5145,20.5041,0.1469,HIGH
multiposture,multiposture_3948,13.7756,2.5828,19.1697,14.9969,20.5783,0.4137,HIGH
multiposture,multiposture_3949,11.7933,2.7081,18.1213,10.8841,21.2833,1.7307,HIGH
multiposture,multiposture_3950,11.2778,2.7794,16.2629,10.8849,21.2475,0.9923,HIGH
multiposture,multiposture_3951,21.9447,2.485,17.067,11.1845,19.1558,5.0699,HIGH
multiposture,multiposture_3952,19.5915,3.3407,14.7663,11.5669,19.1568,1.4284,HIGH
multiposture,multiposture_3953,15.095,1.952,17.3008,9.8864,19.2631,1.8564,HIGH
multiposture,multiposture_3954,5.1056,2.638,13.1372,8.1873,21.8924,3.7494,HIGH
multiposture,multiposture_3955,5.8516,3.5904,12.167,4.5456,22.861,5.5024,HIGH
multiposture,multiposture_3956,5.1615,3.9997,11.6849,3.5025,23.2398,6.5904,HIGH
multiposture,multiposture_3957,5.2028,4.0276,9.5555,3.6951,23.529,6.6429,HIGH
multiposture,multiposture_3958,0.8108,4.1347,9.5663,3.7754,23.4474,8.8675,HIGH
multiposture,multiposture_3959,1.8106,4.2081,9.392,4.8192,23.8392,9.353,HIGH
multiposture,multiposture_3960,0.7681,4.1075,9.6302,5.0694,24.9991,8.4324,HIGH
multiposture,multiposture_3961,0.1749,4.4314,9.074,5.7537,24.9622,9.2464,HIGH
multiposture,multiposture_3962,0.8569,4.5767,8.5571,6.3488,25.5769,9.8418,HIGH
multiposture,multiposture_3963,2.911,4.7984,8.0419,7.057,26.8227,10.8871,HIGH
multiposture,multiposture_3964,0.313,5.0491,7.5217,4.7617,26.2209,10.7928,HIGH
multiposture,multiposture_3965,0.5413,4.9736,7.473,4.9832,26.6628,10.5673,HIGH
multiposture,multiposture_3966,0.0843,5.1584,6.9496,5.3337,27.1753,10.6575,HIGH
multiposture,multiposture_3967,1.3687,5.2736,6.8932,5.4317,27.3955,10.448,HIGH
multiposture,multiposture_3968,11.096,5.2408,7.5247,5.1521,26.2575,7.2265,HIGH
multiposture,multiposture_3969,10.2319,5.1029,8.3765,6.4838,26.2185,7.1982,HIGH
multiposture,multiposture_3970,4.523,5.3796,8.1429,7.8619,26.2217,9.6454,HIGH
multiposture,multiposture_3971,12.4906,5.3408,11.1288,9.2847,26.698,6.5233,HIGH
multiposture,multiposture_3972,23.8606,2.937,16.4949,11.0227,14.8644,5.4768,MEDIUM
multiposture,multiposture_3973,25.6363,2.9542,16.7218,11.537,13.7872,6.4331,MEDIUM
multiposture,multiposture_3974,13.2185,3.3608,15.5532,11.2583,15.055,1.0424,HIGH
multiposture,multiposture_3975,9.3768,3.88,14.5405,11.544,16.5429,4.1183,HIGH
multiposture,multiposture_3976,8.7929,4.0324,14.2607,11.2075,17.1838,4.7336,HIGH
multiposture,multiposture_3977,24.9047,3.1859,15.9293,11.4594,15.2089,5.5366,HIGH
multiposture,multiposture_3978,24.1056,3.4188,15.9707,11.5015,15.2858,4.5379,HIGH
multiposture,multiposture_3979,24.2053,3.4136,16.3074,11.5211,14.3254,4.4882,MEDIUM
multiposture,multiposture_3980,23.6551,3.3426,16.5845,11.347,14.1607,4.345,MEDIUM
multiposture,multiposture_3981,24.4515,3.2724,16.7237,11.1925,13.3009,4.8819,MEDIUM
multiposture,multiposture_3982,23.6814,3.2574,16.7841,11.1038,13.3836,4.5347,MEDIUM
multiposture,multiposture_3983,10.1643,3.5868,16.0095,11.2479,16.2201,3.0654,HIGH
multiposture,multiposture_3984,17.1138,3.6797,24.3418,16.7134,9.074,14.2619,MEDIUM
multiposture,multiposture_3985,10.1561,2.4092,24.9223,14.9344,14.8215,0.0766,MEDIUM
multiposture,multiposture_3986,13.9373,2.7593,25.7446,15.6197,13.4806,2.1255,MEDIUM
multiposture,multiposture_3987,16.1516,1.7015,24.3389,15.9569,13.7628,5.6399,MEDIUM
multiposture,multiposture_3988,15.9215,1.6675,23.7471,15.3373,14.0461,5.1931,MEDIUM
multiposture,multiposture_3989,12.1909,1.5668,22.332,14.7256,13.5363,3.2251,MEDIUM
multiposture,multiposture_3990,9.1837,1.9684,21.4422,14.7904,13.2076,0.5163,MEDIUM
multiposture,multiposture_3991,14.4228,2.7496,21.5898,14.657,11.4406,1.3899,MEDIUM
multiposture,multiposture_3992,15.0847,1.1528,16.4551,10.8755,2.5619,2.5515,MEDIUM
multiposture,multiposture_3993,18.2423,1.2474,15.1545,9.5431,1.284,2.8609,MEDIUM
multiposture,multiposture_3994,20.1463,1.4377,14.0126,9.6626,6.3348,2.4362,MEDIUM
multiposture,multiposture_3995,22.2618,1.5072,13.4664,9.9352,7.5567,2.363,MEDIUM
multiposture,multiposture_3996,7.7622,5.6575,9.7005,14.3911,7.5386,12.9159,MEDIUM
multiposture,multiposture_3997,8.7836,4.3315,10.7389,13.8237,7.2693,10.3822,MEDIUM
multiposture,multiposture_3998,5.3294,3.9702,10.1142,12.8014,5.5565,8.5035,MEDIUM
multiposture,multiposture_3999,1.5221,3.5794,10.647,12.7611,4.0781,7.1084,LOW
multiposture,multiposture_4000,0.2842,3.2205,11.2771,12.4878,3.418,6.2106,LOW
multiposture,multiposture_4001,1.3636,2.9751,11.3933,12.3767,3.1893,5.902,LOW
multiposture,multiposture_4002,2.1742,2.4576,10.7429,11.5431,1.6011,5.0519,LOW
multiposture,multiposture_4003,1.0888,2.19,10.5552,9.5623,0.705,4.336,LOW
multiposture,multiposture_4004,0.286,1.8657,10.9,10.0863,0.6897,3.5065,LOW
multiposture,multiposture_4005,0.3566,1.4026,10.0843,9.0495,0.2018,2.739,LOW
multiposture,multiposture_4006,12.3423,1.4384,10.9499,7.9027,4.2296,0.5284,MEDIUM
multiposture,multiposture_4007,17.3225,1.2094,11.3781,7.2294,6.7818,0.7387,MEDIUM
multiposture,multiposture_4008,21.8583,1.9288,10.6883,7.1926,8.2986,0.8502,MEDIUM
multiposture,multiposture_4009,25.8076,2.1361,12.0523,7.5091,10.8567,1.7009,MEDIUM
multiposture,multiposture_4010,28.8578,2.2792,12.8094,7.9668,11.228,2.0332,MEDIUM
multiposture,multiposture_4011,35.8302,1.8069,13.3039,8.9702,11.0871,4.7756,HIGH
multiposture,multiposture_4012,36.5181,1.6474,13.4338,9.2925,10.9254,5.2167,HIGH
multiposture,multiposture_4013,36.7959,1.5396,13.4217,9.3488,10.6702,5.3847,HIGH
multiposture,multiposture_4014,36.629,1.3281,13.5298,8.9718,10.448,5.4066,HIGH
multiposture,multiposture_4015,36.8316,0.0631,18.278,7.8182,10.3845,8.5021,HIGH
multiposture,multiposture_4016,27.7908,0.0597,21.4314,8.0608,8.2203,5.971,MEDIUM
multiposture,multiposture_4017,41.169,0.1015,21.7656,8.4463,8.786,4.711,HIGH
multiposture,multiposture_4018,58.1968,0.1216,23.9369,11.4899,8.9208,4.2233,HIGH
multiposture,multiposture_4019,58.0264,0.1435,24.546,12.2715,8.9574,3.8518,HIGH
multiposture,multiposture_4020,61.122,0.0421,24.4091,13.003,8.9556,3.8059,HIGH
multiposture,multiposture_4021,59.6555,0.1149,24.5017,13.0882,8.9017,3.8444,HIGH
multiposture,multiposture_4022,11.0227,2.5875,13.3844,3.8121,15.1115,0.6238,HIGH
multiposture,multiposture_4023,12.7791,0.7443,8.6051,5.2702,12.3644,4.296,MEDIUM
multiposture,multiposture_4024,16.8135,3.3789,8.4593,8.4168,11.16,0.4233,MEDIUM
multiposture,multiposture_4025,14.7425,3.0871,8.1028,7.6629,12.3366,0.3051,MEDIUM
multiposture,multiposture_4026,14.0871,2.8977,7.3777,6.5851,12.9512,0.0512,MEDIUM
multiposture,multiposture_4027,14.3693,2.6414,6.7106,6.368,13.372,0.6004,MEDIUM
multiposture,multiposture_4028,14.4806,2.6488,6.6137,6.3423,12.7184,0.6529,MEDIUM
multiposture,multiposture_4029,15.2304,2.2978,7.0277,6.2176,12.7288,1.803,MEDIUM
multiposture,multiposture_4030,15.3787,2.806,7.1563,6.2214,14.6117,0.5361,MEDIUM
multiposture,multiposture_4031,14.7962,2.3402,7.231,5.9845,13.3888,1.632,MEDIUM
multiposture,multiposture_4032,15.0304,2.5746,6.8064,6.2158,12.9975,1.0812,MEDIUM
multiposture,multiposture_4033,15.1001,2.4592,6.6682,6.0617,12.8345,1.42,MEDIUM
multiposture,multiposture_4034,15.64,2.5338,6.5157,6.0757,13.7705,1.2466,MEDIUM
multiposture,multiposture_4035,16.4777,2.3135,6.7183,5.8209,13.7939,2.0931,MEDIUM
multiposture,multiposture_4036,16.1291,2.4822,6.7786,5.8463,13.7276,1.6053,MEDIUM
multiposture,multiposture_4037,15.8939,2.7123,6.9116,5.4073,13.6756,1.1025,MEDIUM
multiposture,multiposture_4038,15.6456,2.6916,6.8494,5.3363,13.497,1.1261,MEDIUM
multiposture,multiposture_4039,15.6771,2.6902,6.8721,5.3639,13.327,1.1232,MEDIUM
multiposture,multiposture_4040,15.6293,2.6716,6.8574,5.2756,13.534,1.1437,MEDIUM
multiposture,multiposture_4041,14.9365,2.622,6.8622,5.1341,14.5746,1.0853,MEDIUM
multiposture,multiposture_4042,14.8846,2.519,6.9285,4.936,14.8856,1.2974,MEDIUM
multiposture,multiposture_4043,14.3677,2.5019,6.6362,4.9291,14.6732,1.1583,MEDIUM
multiposture,multiposture_4044,14.5049,2.5695,6.8137,4.9734,14.5477,1.0585,MEDIUM
multiposture,multiposture_4045,15.3596,2.4315,7.0393,4.8081,14.8781,1.8,MEDIUM
multiposture,multiposture_4046,13.0486,2.5583,6.8691,4.8653,14.1508,0.567,MEDIUM
multiposture,multiposture_4047,13.2915,2.552,7.1031,4.8966,14.8744,0.6208,MEDIUM
multiposture,multiposture_4048,13.8179,2.5557,6.9766,4.9773,14.3459,0.8403,MEDIUM
multiposture,multiposture_4049,14.9179,2.3602,7.1262,4.7614,14.4058,1.8134,MEDIUM
multiposture,multiposture_4050,21.3254,2.3855,7.7269,4.9835,15.638,4.7666,HIGH
multiposture,multiposture_4051,20.5323,2.4335,7.5487,4.97,15.2998,4.3573,HIGH
multiposture,multiposture_4052,18.3501,2.3953,7.5595,4.9134,15.2726,3.4008,HIGH
multiposture,multiposture_4053,17.7205,2.3085,7.5746,4.8783,15.3653,3.2873,HIGH
multiposture,multiposture_4054,8.3754,2.0819,23.6218,12.6151,18.1238,0.9518,HIGH
multiposture,multiposture_4055,16.5372,2.0474,44.647,24.5337,7.845,3.4373,MEDIUM
multiposture,multiposture_4056,16.4201,1.8405,45.1673,24.5956,8.4515,3.6059,MEDIUM
multiposture,multiposture_4057,15.8806,1.7462,22.8011,12.3452,12.1213,2.8218,MEDIUM
multiposture,multiposture_4058,16.7637,1.8231,23.2525,12.6837,12.2257,2.9617,MEDIUM
multiposture,multiposture_4059,16.6553,1.9249,23.4327,12.8199,10.7943,2.6638,MEDIUM
multiposture,multiposture_4060,16.9459,1.9015,24.0146,13.1277,9.4335,2.7963,MEDIUM
multiposture,multiposture_4061,17.4387,2.0031,23.254,13.2251,8.9025,2.7534,MEDIUM
multiposture,multiposture_4062,15.8504,1.7488,23.6288,13.0844,9.5412,2.7575,MEDIUM
multiposture,multiposture_4063,15.5696,1.9553,22.8073,12.9304,9.0837,2.4728,MEDIUM
multiposture,multiposture_4064,16.3811,2.0181,22.6202,12.6494,10.0804,2.6275,MEDIUM
multiposture,multiposture_4065,16.9753,1.824,23.2758,13.1696,10.5595,3.2462,MEDIUM
multiposture,multiposture_4066,17.0496,1.7937,23.2562,13.1701,11.3052,3.3777,MEDIUM
multiposture,multiposture_4067,17.0878,1.7309,23.0015,12.9729,11.6992,3.5407,MEDIUM
multiposture,multiposture_4068,16.8651,1.7314,22.9151,12.4915,11.846,3.5197,MEDIUM
multiposture,multiposture_4069,15.4854,1.374,23.7372,14.0983,11.1222,3.9075,MEDIUM
multiposture,multiposture_4070,15.6804,1.5241,23.7452,14.4496,9.4564,3.5958,MEDIUM
multiposture,multiposture_4071,14.7831,1.5425,23.2102,14.4676,9.2677,3.232,MEDIUM
multiposture,multiposture_4072,16.1414,1.1374,24.7277,14.9967,11.3063,4.223,MEDIUM
multiposture,multiposture_4073,15.2405,0.9579,24.7136,15.2833,9.6888,4.2089,MEDIUM
multiposture,multiposture_4074,14.4989,0.9266,24.7467,15.3931,9.6252,4.0884,MEDIUM
multiposture,multiposture_4075,14.2301,0.9966,24.4558,15.3792,9.1247,3.8795,MEDIUM
multiposture,multiposture_4076,15.7421,2.7748,34.1513,14.2523,10.6042,1.7528,MEDIUM
multiposture,multiposture_4077,15.4301,2.5731,39.6958,15.9207,10.2349,2.0066,MEDIUM
multiposture,multiposture_4078,14.8929,0.9595,24.0185,15.2217,9.7629,4.0812,MEDIUM
multiposture,multiposture_4079,15.789,0.8868,25.2711,14.9255,10.4971,4.5295,MEDIUM
multiposture,multiposture_4080,16.4739,1.879,46.7681,23.4837,9.55,3.1685,MEDIUM
multiposture,multiposture_4081,14.609,0.9524,24.8022,14.9357,9.6437,4.0052,MEDIUM
multiposture,multiposture_4082,13.7677,0.8581,25.2456,15.2253,9.6647,3.8781,MEDIUM
multiposture,multiposture_4083,13.8562,0.9082,24.5038,15.5241,8.6793,3.9378,MEDIUM
multiposture,multiposture_4084,14.0211,0.9681,23.5491,15.4673,8.4519,3.8898,MEDIUM
multiposture,multiposture_4085,15.1963,0.99,24.8016,14.8491,9.684,4.1553,MEDIUM
multiposture,multiposture_4086,37.9843,57.6899,77.6649,47.4824,62.0565,91.1708,HIGH
multiposture,multiposture_4087,37.6225,57.8596,78.0057,47.0942,62.4759,91.3884,HIGH
multiposture,multiposture_4088,37.0486,57.9372,76.4338,46.3274,62.2204,91.6502,HIGH
multiposture,multiposture_4089,35.7189,57.8107,77.3137,46.1527,62.5811,91.9351,HIGH
multiposture,multiposture_4090,34.9627,57.7431,81.3659,46.2259,62.6607,92.1045,HIGH
multiposture,multiposture_4091,34.6342,57.8009,81.8121,46.5185,62.7087,92.2377,HIGH
multiposture,multiposture_4092,33.915,57.8197,82.1143,46.5178,62.8221,92.4248,HIGH
multiposture,multiposture_4093,33.7723,57.7202,82.0533,46.9165,62.6151,92.3684,HIGH
multiposture,multiposture_4094,33.1579,57.6594,82.0095,47.0334,62.5232,92.502,HIGH
multiposture,multiposture_4095,33.3,57.5814,81.7704,46.8039,62.7319,92.4219,HIGH
multiposture,multiposture_4096,31.0871,57.4267,82.5901,46.3724,64.2393,92.697,HIGH
multiposture,multiposture_4097,29.5097,57.2592,82.7492,45.9129,65.3916,92.6297,HIGH
multiposture,multiposture_4098,28.9931,57.2289,82.5237,46.5065,65.5695,92.7082,HIGH
multiposture,multiposture_4099,28.4009,57.1896,83.0676,46.6939,65.7207,92.7054,HIGH
multiposture,multiposture_4100,27.4663,57.165,83.2043,47.2692,65.6274,92.8832,HIGH
multiposture,multiposture_4101,26.5351,57.206,84.0929,47.6263,65.5039,93.0235,HIGH
multiposture,multiposture_4102,26.2392,57.1994,84.8029,47.7935,65.5001,93.0898,HIGH
multiposture,multiposture_4103,24.7121,57.2471,86.8402,48.024,65.6793,93.4839,HIGH
multiposture,multiposture_4104,23.9205,57.2327,87.3679,48.1726,65.7152,93.7348,HIGH
multiposture,multiposture_4105,23.6909,57.2129,87.6258,48.3026,65.6559,93.7868,HIGH
multiposture,multiposture_4106,23.7118,57.2447,87.6225,48.2849,65.6413,93.8557,HIGH
multiposture,multiposture_4107,23.425,57.2977,87.7104,48.3815,65.696,94.0184,HIGH
multiposture,multiposture_4108,23.2787,57.225,87.8206,48.5042,65.5292,93.9651,HIGH
multiposture,multiposture_4109,22.1924,57.2879,87.4112,48.5938,65.7349,94.3443,HIGH
multiposture,multiposture_4110,21.7968,57.3048,87.4097,48.6867,65.8028,94.48,HIGH
multiposture,multiposture_4111,20.9697,57.3886,87.8629,48.9981,65.921,94.7289,HIGH
multiposture,multiposture_4112,20.4056,57.4296,88.1587,49.0653,65.9711,94.8869,HIGH
multiposture,multiposture_4113,20.2002,57.5239,88.7261,49.4169,65.5027,95.1153,HIGH
multiposture,multiposture_4114,20.332,57.7052,89.1841,49.8046,65.6244,95.5265,HIGH
multiposture,multiposture_4115,20.7067,57.8966,89.5569,50.1923,65.479,95.7285,HIGH
multiposture,multiposture_4116,38.1655,54.2049,67.2674,100.0355,15.0462,84.3453,HIGH
multiposture,multiposture_4117,26.7098,51.6002,69.6843,96.0566,22.6105,83.7949,HIGH
multiposture,multiposture_4118,24.9076,51.9144,69.1125,96.0881,22.433,84.1315,HIGH
multiposture,multiposture_4119,18.6129,52.5788,69.671,94.607,23.879,86.2407,HIGH
multiposture,multiposture_4120,18.5042,53.3094,69.5046,95.64,26.4818,87.184,HIGH
multiposture,multiposture_4121,20.0155,53.7957,69.4123,95.7598,29.3492,87.6979,HIGH
multiposture,multiposture_4122,20.9153,54.0711,69.7155,97.4898,29.6426,87.9612,HIGH
multiposture,multiposture_4123,24.5533,54.4448,70.5432,95.5479,30.4644,87.6148,HIGH
multiposture,multiposture_4124,21.8798,54.6106,70.5813,96.8415,30.7296,88.1417,HIGH
multiposture,multiposture_4125,22.3916,54.8649,71.0429,97.4909,30.6611,88.0805,HIGH
multiposture,multiposture_4126,22.6341,54.9855,71.3425,97.6918,30.28,88.1687,HIGH
multiposture,multiposture_4127,22.364,55.2021,71.5549,97.1092,31.1115,88.4731,HIGH
multiposture,multiposture_4128,22.2985,55.2221,71.5676,97.3005,31.4056,88.5152,HIGH
multiposture,multiposture_4129,23.7952,55.5755,72.6444,98.4425,30.4624,88.7403,HIGH
multiposture,multiposture_4130,24.6613,55.8902,72.8707,99.0517,30.2605,89.0325,HIGH
multiposture,multiposture_4131,26.7684,55.8141,72.6373,95.9029,30.4123,88.5699,HIGH
multiposture,multiposture_4132,26.903,55.8328,72.7222,95.7388,30.5458,88.5802,HIGH
multiposture,multiposture_4133,26.8244,55.8481,72.6551,96.0879,30.602,88.5899,HIGH
multiposture,multiposture_4134,26.8976,55.8473,72.473,95.4383,30.6701,88.5436,HIGH
multiposture,multiposture_4135,25.7772,55.9779,72.1839,96.4623,30.8456,88.8618,HIGH
multiposture,multiposture_4136,25.7617,55.9792,72.1762,96.3974,30.9094,88.9104,HIGH
multiposture,multiposture_4137,25.8187,56.2248,71.1758,94.3343,31.1074,89.1188,HIGH
multiposture,multiposture_4138,26.2296,56.2574,71.1362,94.4464,31.0928,89.0201,HIGH
multiposture,multiposture_4139,26.4099,56.2005,71.2243,95.5202,30.9319,88.9814,HIGH
multiposture,multiposture_4140,26.5522,56.3209,71.6486,95.8692,30.6996,89.0858,HIGH
multiposture,multiposture_4141,26.9755,56.2819,71.7018,96.5218,30.6877,89.0517,HIGH
multiposture,multiposture_4142,26.92,56.3309,71.7522,96.78,30.4707,89.0778,HIGH
multiposture,multiposture_4143,27.5071,56.24,71.4063,95.7605,30.7244,88.8098,HIGH
multiposture,multiposture_4144,27.2091,56.3585,71.7211,95.9353,30.695,89.0056,HIGH
multiposture,multiposture_4145,27.4715,56.2281,71.544,94.1394,30.9048,88.7639,HIGH
multiposture,multiposture_4146,7.919,3.3067,11.6721,6.1782,14.5768,3.6314,MEDIUM
multiposture,multiposture_4147,7.9698,3.2321,11.7002,5.2274,14.963,3.4408,MEDIUM
multiposture,multiposture_4148,8.087,3.223,11.7291,5.1262,15.1535,3.3722,HIGH
multiposture,multiposture_4149,8.1159,3.2346,12.1324,4.7737,15.2846,3.3791,HIGH
multiposture,multiposture_4150,11.4608,2.9703,12.9101,7.0678,14.3028,1.3673,MEDIUM
multiposture,multiposture_4151,10.0572,2.0242,14.1048,6.4349,12.1669,0.0698,MEDIUM
multiposture,multiposture_4152,10.0802,2.3305,13.5811,6.0258,13.6622,0.5124,MEDIUM
multiposture,multiposture_4153,11.049,2.2798,14.3227,3.9185,15.2098,0.0645,HIGH
multiposture,multiposture_4154,9.671,1.9969,14.3044,4.1069,14.9949,0.027,MEDIUM
multiposture,multiposture_4155,8.5013,2.0997,13.9735,5.617,16.6155,0.813,HIGH
multiposture,multiposture_4156,6.6728,2.1179,12.4599,5.2094,15.8206,1.6489,HIGH
multiposture,multiposture_4157,5.0033,2.1069,13.4705,5.2553,14.6554,2.3397,MEDIUM
multiposture,multiposture_4158,7.8206,2.0226,13.5539,6.5266,14.6603,0.8245,MEDIUM
multiposture,multiposture_4159,7.8861,2.0382,13.3339,6.4829,14.0438,0.8139,MEDIUM
multiposture,multiposture_4160,13.7148,0.868,14.6992,8.2036,13.0087,4.5421,MEDIUM
multiposture,multiposture_4161,13.7632,0.903,6.8444,6.0856,13.819,4.1046,MEDIUM
multiposture,multiposture_4162,18.5615,1.8188,0.0368,7.926,18.2988,3.0198,HIGH
multiposture,multiposture_4163,18.183,1.8804,5.7668,7.0404,18.2492,2.7909,HIGH
multiposture,multiposture_4164,17.8539,1.9389,4.7034,7.4834,18.1701,2.5945,HIGH
multiposture,multiposture_4165,15.3771,1.7394,4.289,7.977,16.209,2.3537,HIGH
multiposture,multiposture_4166,19.4813,1.3189,2.8921,7.5415,14.1825,5.1534,MEDIUM
multiposture,multiposture_4167,18.2707,1.0938,15.9561,7.2034,13.8088,5.0184,MEDIUM
multiposture,multiposture_4168,17.4651,1.3615,18.8518,6.4982,12.6819,4.1382,MEDIUM
multiposture,multiposture_4169,14.7269,1.475,19.6068,54.2999,19.6516,2.4573,HIGH
multiposture,multiposture_4170,8.9044,1.6716,19.9286,66.8898,25.4534,0.2321,HIGH
multiposture,multiposture_4171,9.2526,2.2224,19.1361,54.8803,25.2345,1.1182,HIGH
multiposture,multiposture_4172,9.5191,2.7105,17.9996,48.1934,24.5994,1.9963,HIGH
multiposture,multiposture_4173,6.0979,3.7303,15.5292,10.3216,17.2481,5.4188,HIGH
multiposture,multiposture_4174,13.6956,3.2032,24.2942,14.8839,6.9959,12.4048,MEDIUM
multiposture,multiposture_4175,12.4013,1.6418,22.4827,13.7314,6.996,8.6748,MEDIUM
multiposture,multiposture_4176,13.7929,0.9602,22.8505,13.8015,7.3371,8.1886,MEDIUM
multiposture,multiposture_4177,14.7059,0.3358,22.6478,13.8446,8.986,7.4252,MEDIUM
multiposture,multiposture_4178,15.91,0.0628,22.8705,13.8049,9.9116,7.5271,MEDIUM
multiposture,multiposture_4179,16.1971,0.1312,23.0018,13.8174,10.0742,7.7866,MEDIUM
multiposture,multiposture_4180,15.817,0.0802,22.6545,12.6964,8.5101,7.302,MEDIUM
multiposture,multiposture_4181,15.1708,0.0619,22.1749,12.8422,7.6515,7.3037,MEDIUM
multiposture,multiposture_4182,14.5364,0.1025,22.1387,12.8293,7.6476,7.1012,MEDIUM
multiposture,multiposture_4183,15.102,0.0789,21.9182,12.8379,8.708,7.2212,MEDIUM
multiposture,multiposture_4184,16.0432,0.1219,22.1996,12.6576,8.5934,7.6755,MEDIUM
multiposture,multiposture_4185,16.7009,0.0287,22.8063,12.6766,8.5916,7.732,MEDIUM
multiposture,multiposture_4186,15.9323,0.3754,22.7024,11.2224,7.5128,6.4782,MEDIUM
multiposture,multiposture_4187,16.7652,0.5781,22.2526,11.7412,6.8892,6.4655,MEDIUM
multiposture,multiposture_4188,16.9102,0.5673,22.2344,11.7971,7.2513,6.485,MEDIUM
multiposture,multiposture_4189,16.5349,0.0679,22.283,12.2562,7.3706,7.325,MEDIUM
multiposture,multiposture_4190,15.7845,0.0598,21.9257,12.2775,7.1383,7.3589,MEDIUM
multiposture,multiposture_4191,15.6844,0.0685,21.8273,12.3489,6.4962,7.3539,MEDIUM
multiposture,multiposture_4192,15.6469,0.112,21.7909,12.7897,6.5229,7.4388,MEDIUM
multiposture,multiposture_4193,14.7611,0.1393,21.8009,12.8501,6.2807,7.1569,MEDIUM
multiposture,multiposture_4194,11.8774,0.0919,22.0029,12.8486,5.7952,5.3532,MEDIUM
multiposture,multiposture_4195,11.9553,0.4341,21.5914,13.2062,5.9393,4.7037,MEDIUM
multiposture,multiposture_4196,12.0638,0.4228,21.0693,13.3978,6.6826,4.7673,MEDIUM
multiposture,multiposture_4197,10.8067,0.1802,21.0887,13.8095,7.6824,4.6979,MEDIUM
multiposture,multiposture_4198,10.6274,0.1001,21.3555,13.6828,7.6466,4.787,MEDIUM
multiposture,multiposture_4199,10.2439,0.1372,21.3971,13.7302,7.3758,4.5422,MEDIUM
multiposture,multiposture_4200,10.4599,0.0839,21.7051,13.6924,7.5887,4.7458,MEDIUM
multiposture,multiposture_4201,9.6229,0.1776,22.1201,13.6058,8.0045,4.9457,MEDIUM
multiposture,multiposture_4202,9.6516,0.1248,22.3392,13.6288,7.6567,4.8199,MEDIUM
multiposture,multiposture_4203,13.5808,7.4757,18.8064,12.9486,11.8426,10.1576,MEDIUM
multiposture,multiposture_4204,17.1093,7.517,20.2231,11.2332,14.2935,8.6742,MEDIUM
multiposture,multiposture_4205,21.0749,8.281,20.1772,10.5657,16.0471,8.3579,HIGH
multiposture,multiposture_4206,22.6221,8.6158,22.1448,10.5063,16.3732,8.2007,HIGH
multiposture,multiposture_4207,24.7856,8.4964,22.1419,10.5517,15.9277,6.7112,HIGH
multiposture,multiposture_4208,26.8068,8.3612,22.1904,10.8418,15.4263,5.4206,HIGH
multiposture,multiposture_4209,27.4783,8.3399,22.1889,10.9654,15.3851,5.0783,HIGH
multiposture,multiposture_4210,27.3427,7.3807,22.5149,10.3161,12.9209,2.8407,MEDIUM
multiposture,multiposture_4211,26.9638,7.3466,24.1601,10.4628,10.9811,3.0486,MEDIUM
multiposture,multiposture_4212,30.7427,8.374,24.3047,11.3902,12.5318,3.3357,HIGH
multiposture,multiposture_4213,33.7172,8.2614,24.7883,12.4342,12.5585,1.3475,HIGH
multiposture,multiposture_4214,33.4086,8.4148,24.8474,11.943,13.4181,2.0947,HIGH
multiposture,multiposture_4215,33.0346,8.6685,25.2051,11.6299,14.2768,3.1299,HIGH
multiposture,multiposture_4216,32.6916,8.6398,25.1369,11.7046,14.555,3.4119,HIGH
multiposture,multiposture_4217,30.5548,8.6319,25.1882,11.4153,15.13,4.6108,HIGH
multiposture,multiposture_4218,28.1662,8.9105,24.8763,11.6647,15.8469,6.5755,HIGH
multiposture,multiposture_4219,26.4671,9.0661,24.9044,11.217,16.3923,7.8672,HIGH
multiposture,multiposture_4220,24.3944,9.2483,24.9451,10.6197,15.8544,9.0099,HIGH
multiposture,multiposture_4221,23.9014,9.2193,25.1136,10.6813,15.457,9.0683,HIGH
multiposture,multiposture_4222,21.8367,8.7047,23.3636,10.1373,14.4543,8.85,MEDIUM
multiposture,multiposture_4223,21.3742,8.7179,22.8927,8.9889,14.0812,9.1283,MEDIUM
multiposture,multiposture_4224,21.3457,8.7234,23.0397,8.2215,13.2249,9.1494,MEDIUM
multiposture,multiposture_4225,15.8606,8.6966,23.3145,8.1781,14.8433,11.7076,MEDIUM
multiposture,multiposture_4226,16.3057,8.7392,22.5344,7.9465,14.3183,11.5668,MEDIUM
multiposture,multiposture_4227,17.4172,8.9484,22.7129,8.0293,14.0463,11.537,MEDIUM
multiposture,multiposture_4228,19.5064,9.4473,22.5789,7.8773,13.8284,11.6369,MEDIUM
multiposture,multiposture_4229,20.6204,9.6463,23.0996,8.2264,13.7067,11.5376,MEDIUM
multiposture,multiposture_4230,21.5848,9.6904,23.4335,8.3062,14.7383,11.3775,MEDIUM
multiposture,multiposture_4231,20.8766,9.612,23.0694,8.3561,14.9215,11.3411,MEDIUM
multiposture,multiposture_4232,26.9642,9.3755,2.3809,8.7883,16.4826,7.9699,HIGH
multiposture,multiposture_4233,8.8509,1.7778,21.5806,9.0388,11.6541,0.6236,MEDIUM
multiposture,multiposture_4234,7.1856,2.1676,21.3882,8.5037,12.1189,1.2145,MEDIUM
multiposture,multiposture_4235,7.3188,2.1736,21.44,8.2517,12.178,1.1682,MEDIUM
multiposture,multiposture_4236,11.1273,2.1312,21.4677,8.1623,11.6738,0.8467,MEDIUM
multiposture,multiposture_4237,13.0434,2.0418,21.3979,8.3847,11.529,2.0483,MEDIUM
multiposture,multiposture_4238,13.3343,2.0311,21.3475,8.3078,11.6317,2.1505,MEDIUM
multiposture,multiposture_4239,13.3291,2.0353,21.3352,8.3567,11.6346,2.1177,MEDIUM
multiposture,multiposture_4240,10.4499,1.9833,21.1471,8.0986,12.6359,0.7565,MEDIUM
multiposture,multiposture_4241,5.8341,2.0612,21.6587,7.3064,13.6377,1.7265,MEDIUM
multiposture,multiposture_4242,8.0887,2.2193,22.3384,14.3318,12.1727,0.7076,MEDIUM
multiposture,multiposture_4243,8.6877,2.6164,21.8268,14.4881,12.1839,1.2901,MEDIUM
multiposture,multiposture_4244,11.5649,2.7017,21.8215,14.6288,12.2872,0.0002,MEDIUM
multiposture,multiposture_4245,14.3195,2.7055,21.8139,14.6217,11.7738,1.3974,MEDIUM
multiposture,multiposture_4246,14.8072,1.9006,33.8054,22.6035,10.2749,2.8266,MEDIUM
multiposture,multiposture_4247,15.0549,1.8507,27.0178,20.4289,10.3444,3.0559,MEDIUM
multiposture,multiposture_4248,18.5412,1.8305,25.0654,18.087,10.358,4.8569,MEDIUM
multiposture,multiposture_4249,19.0877,1.9501,24.0038,16.6298,10.4347,4.8287,MEDIUM
multiposture,multiposture_4250,14.9728,1.4533,23.2933,14.8399,9.0748,3.4917,MEDIUM
multiposture,multiposture_4251,15.9171,1.3207,23.8786,14.8653,10.8467,4.0221,MEDIUM
multiposture,multiposture_4252,10.9388,0.8946,25.4842,15.0602,11.2981,2.6815,MEDIUM
multiposture,multiposture_4253,11.5605,1.0313,23.5591,14.8854,13.4355,2.8346,MEDIUM
multiposture,multiposture_4254,0.4613,3.4722,9.3891,14.8099,13.7674,7.7411,MEDIUM
multiposture,multiposture_4255,9.0889,2.8587,15.6433,14.8028,13.3794,1.5936,MEDIUM
multiposture,multiposture_4256,8.1735,1.1501,17.0431,14.598,14.3758,1.6686,MEDIUM
multiposture,multiposture_4257,6.6661,0.6972,17.2095,14.0415,14.7493,1.7223,MEDIUM
multiposture,multiposture_4258,6.5126,0.7579,17.2443,12.9492,16.6415,1.4037,HIGH
multiposture,multiposture_4259,6.4949,0.8418,17.0414,12.3864,16.7927,1.2175,HIGH
multiposture,multiposture_4260,5.4974,0.2186,18.6682,12.0189,16.949,2.1262,HIGH
multiposture,multiposture_4261,6.0778,0.5021,18.043,12.2424,16.9103,1.7365,HIGH
multiposture,multiposture_4262,0.5009,0.3111,16.873,12.3752,18.0516,0.9116,HIGH
multiposture,multiposture_4263,2.2018,0.3845,16.9466,12.1492,17.2177,0.1619,HIGH
multiposture,multiposture_4264,3.5317,0.3497,17.1487,12.0819,16.9286,0.8556,HIGH
multiposture,multiposture_4265,3.6748,0.3246,16.8685,12.0924,16.7887,0.9754,HIGH
multiposture,multiposture_4266,4.0751,0.3355,16.8013,12.1915,16.2585,1.1351,HIGH
multiposture,multiposture_4267,4.4552,0.2702,16.7533,12.1299,16.3357,1.4506,HIGH
multiposture,multiposture_4268,5.0684,0.1925,16.9875,12.2055,15.7618,1.9184,HIGH
multiposture,multiposture_4269,5.4742,0.1669,16.9742,12.0498,15.5739,2.1775,HIGH
multiposture,multiposture_4270,6.2957,0.3651,16.9346,12.2734,15.4248,2.1446,HIGH
multiposture,multiposture_4271,6.0579,0.3172,17.1573,12.2071,15.6828,2.1426,HIGH
multiposture,multiposture_4272,5.9895,0.268,17.6973,12.0131,15.523,2.2172,HIGH
multiposture,multiposture_4273,5.8723,0.2485,17.1254,12.0429,15.7652,2.2115,HIGH
multiposture,multiposture_4274,5.3578,0.1218,18.4556,12.0625,15.5104,2.2021,HIGH
multiposture,multiposture_4275,5.1158,0.0636,18.4412,11.9099,15.4412,2.2194,HIGH
multiposture,multiposture_4276,2.6366,0.1874,18.3694,11.7958,15.2037,0.808,HIGH
multiposture,multiposture_4277,3.4511,0.3594,18.0081,11.9618,15.5257,0.8127,HIGH
multiposture,multiposture_4278,4.0479,0.4138,17.7185,11.3336,16.0714,1.0075,HIGH
multiposture,multiposture_4279,4.277,0.4316,17.812,11.379,16.1272,1.0783,HIGH
multiposture,multiposture_4280,0.8579,0.4133,16.2008,11.3721,16.9623,0.5104,HIGH
multiposture,multiposture_4281,4.796,0.3341,15.5069,11.4432,17.6029,3.011,HIGH
multiposture,multiposture_4282,7.7151,0.4228,14.5209,11.9756,17.7307,4.5976,HIGH
multiposture,multiposture_4283,6.8213,0.4143,14.6382,11.6743,17.4842,4.1679,HIGH
multiposture,multiposture_4284,10.1282,4.4076,29.6897,14.8625,11.048,4.8211,MEDIUM
multiposture,multiposture_4285,10.4477,4.8796,29.351,13.3655,13.6477,5.7282,MEDIUM
multiposture,multiposture_4286,10.7007,5.0667,28.1571,14.7301,15.1799,6.0552,HIGH
multiposture,multiposture_4287,5.8234,5.3298,24.5419,15.5463,17.7576,9.0469,HIGH
multiposture,multiposture_4288,6.4707,5.3407,24.4393,17.2278,18.5629,8.7556,HIGH
multiposture,multiposture_4289,2.7694,4.9061,23.136,14.6718,18.6816,9.6035,HIGH
multiposture,multiposture_4290,3.0142,4.6063,23.4664,15.3172,18.5465,8.8114,HIGH
multiposture,multiposture_4291,3.7636,4.6619,24.0637,14.7271,19.3703,8.5683,HIGH
multiposture,multiposture_4292,4.0351,4.4926,24.4931,15.1177,19.5368,8.0585,HIGH
multiposture,multiposture_4293,4.0134,4.4644,25.0694,15.3024,20.2287,8.0085,HIGH
multiposture,multiposture_4294,3.5678,4.3525,25.5455,14.8802,20.4188,7.9808,HIGH
multiposture,multiposture_4295,3.1755,4.1228,25.1612,14.9025,20.7505,7.6663,HIGH
multiposture,multiposture_4296,2.213,3.8407,25.8612,12.7487,20.9296,7.5182,HIGH
multiposture,multiposture_4297,2.7192,3.9187,25.6165,12.6988,20.9264,7.4397,HIGH
multiposture,multiposture_4298,3.1055,3.9567,25.5514,13.0453,20.838,7.3315,HIGH
multiposture,multiposture_4299,3.2448,3.9305,25.0706,13.1698,20.9083,7.2029,HIGH
multiposture,multiposture_4300,3.6015,3.9423,25.1173,12.4332,20.5593,7.0499,HIGH
multiposture,multiposture_4301,3.8472,4.0618,25.538,12.6068,20.9522,7.1934,HIGH
multiposture,multiposture_4302,4.0375,4.0046,25.1448,12.8095,20.8586,6.9668,HIGH
multiposture,multiposture_4303,3.987,3.92,25.3229,12.7579,20.7224,6.8021,HIGH
multiposture,multiposture_4304,4.2656,3.8111,25.377,13.9911,20.58,6.4141,HIGH
multiposture,multiposture_4305,4.3627,3.8038,25.3576,13.2039,20.208,6.3483,HIGH
multiposture,multiposture_4306,4.7441,3.7372,25.3481,13.4666,19.9992,6.0003,HIGH
multiposture,multiposture_4307,4.8472,3.7899,25.3707,14.6009,20.1776,6.0664,HIGH
multiposture,multiposture_4308,4.7568,3.7902,25.3894,14.0611,19.9954,6.1128,HIGH
multiposture,multiposture_4309,4.967,3.9312,25.3764,14.0263,19.9028,6.3235,HIGH
multiposture,multiposture_4310,4.7603,3.958,25.4267,15.0582,20.5128,6.4942,HIGH
multiposture,multiposture_4311,4.5256,3.9264,25.1668,14.9687,20.6959,6.5431,HIGH
multiposture,multiposture_4312,4.5659,4.0278,25.1559,15.6836,20.6559,6.7508,HIGH
multiposture,multiposture_4313,2.0788,0.4516,10.4624,3.2402,10.5331,2.1687,MEDIUM
multiposture,multiposture_4314,0.5065,0.4736,9.4052,2.1699,11.028,1.358,MEDIUM
multiposture,multiposture_4315,0.2185,0.4749,8.7941,1.7533,12.1503,0.9647,MEDIUM
multiposture,multiposture_4316,5.8754,2.6931,5.8589,3.0601,14.0126,9.366,MEDIUM
multiposture,multiposture_4317,1.2481,2.5585,6.4378,2.9867,14.1906,6.5037,MEDIUM
multiposture,multiposture_4318,3.7669,2.0119,6.1723,2.6677,14.151,2.5768,MEDIUM
multiposture,multiposture_4319,3.9266,1.8792,6.3829,2.4818,13.9321,2.2118,MEDIUM
multiposture,multiposture_4320,3.3166,1.6571,6.5874,2.193,13.9433,2.026,MEDIUM
multiposture,multiposture_4321,3.6288,1.6963,6.8947,2.1264,14.2074,1.9609,MEDIUM
multiposture,multiposture_4322,3.3216,1.6018,7.1562,2.2186,14.6782,1.8967,MEDIUM
multiposture,multiposture_4323,4.5721,1.4202,7.5225,2.5614,14.6056,0.843,MEDIUM
multiposture,multiposture_4324,7.6786,2.0407,7.1285,3.5533,15.2863,8.6963,HIGH
multiposture,multiposture_4325,6.9491,2.0379,7.1602,3.2987,15.6595,8.3726,HIGH
multiposture,multiposture_4326,5.4329,2.2416,6.9083,2.9997,16.064,8.0911,HIGH
multiposture,multiposture_4327,5.051,2.3059,6.7294,2.8927,16.0976,8.0572,HIGH
multiposture,multiposture_4328,3.9588,2.2846,6.724,2.7237,16.302,7.3804,HIGH
multiposture,multiposture_4329,3.5115,2.0051,6.7836,2.5347,16.148,6.4982,HIGH
multiposture,multiposture_4330,6.515,1.9629,6.5903,3.2371,15.8599,8.0255,HIGH
multiposture,multiposture_4331,3.0397,1.7516,6.6253,2.8903,15.7346,5.6729,HIGH
multiposture,multiposture_4332,3.3964,1.7491,6.6987,2.9256,15.8555,5.8621,HIGH
multiposture,multiposture_4333,5.2791,1.71,6.461,3.3258,15.484,6.8,HIGH
multiposture,multiposture_4334,5.5511,1.7213,6.2993,3.1152,15.4971,6.9877,HIGH
multiposture,multiposture_4335,5.8832,1.4265,5.4058,2.8379,15.5167,6.5068,HIGH
multiposture,multiposture_4336,2.0483,1.3447,6.046,2.7251,15.5501,4.2088,HIGH
multiposture,multiposture_4337,0.9533,1.4292,6.3489,2.7673,15.7867,2.7385,HIGH
multiposture,multiposture_4338,2.8966,1.3402,6.4118,2.6753,15.6752,1.5493,HIGH
multiposture,multiposture_4339,3.4341,1.3475,6.4007,2.6594,15.3392,1.2995,HIGH
multiposture,multiposture_4340,3.4805,1.3969,6.6209,2.6373,15.2728,1.3877,HIGH
multiposture,multiposture_4341,3.8246,1.2921,6.5791,2.5469,15.0227,0.9787,HIGH
multiposture,multiposture_4342,3.9732,1.3709,6.6519,2.5266,14.5427,1.0798,MEDIUM
multiposture,multiposture_4343,0.9258,1.0936,14.3553,7.0378,15.4863,1.9984,HIGH
multiposture,multiposture_4344,2.2339,0.0166,12.8503,7.0088,16.3403,1.21,HIGH
multiposture,multiposture_4345,1.2695,1.1499,10.8887,7.6269,17.3769,3.2617,HIGH
multiposture,multiposture_4346,1.5628,1.522,10.3875,7.3117,17.9989,4.2386,HIGH
multiposture,multiposture_4347,1.3893,1.4007,9.9042,7.1806,18.1137,3.8715,HIGH
multiposture,multiposture_4348,9.585,1.7673,8.7215,8.1329,18.1575,8.9251,HIGH
multiposture,multiposture_4349,8.3821,1.7344,8.6296,7.9293,18.73,8.158,HIGH
multiposture,multiposture_4350,7.8756,1.7194,8.5605,7.9437,18.9248,7.8454,HIGH
multiposture,multiposture_4351,5.2979,1.6941,8.5343,7.9683,19.073,6.4457,HIGH
multiposture,multiposture_4352,2.7214,1.5237,8.3237,7.6075,18.9421,4.7681,HIGH
multiposture,multiposture_4353,1.9584,1.4961,8.2697,7.5977,18.9301,4.3266,HIGH
multiposture,multiposture_4354,1.1704,1.44,8.2495,7.6006,18.9411,3.8071,HIGH
multiposture,multiposture_4355,0.8148,1.4196,8.2338,7.672,18.9255,3.5837,HIGH
multiposture,multiposture_4356,0.7176,1.3973,8.2016,7.6784,18.9055,3.4848,HIGH
multiposture,multiposture_4357,0.6136,1.4021,8.0974,7.6673,18.7808,3.4396,HIGH
multiposture,multiposture_4358,0.2989,1.4573,7.9357,7.2495,18.7463,3.4056,HIGH
multiposture,multiposture_4359,0.1767,1.5638,7.8118,6.9402,18.7978,3.4077,HIGH
multiposture,multiposture_4360,0.3583,1.5841,7.8144,6.7975,18.8295,3.3644,HIGH
multiposture,multiposture_4361,0.3899,1.5769,7.7288,6.633,18.7507,3.3348,HIGH
multiposture,multiposture_4362,0.5255,1.5547,7.7394,6.7225,18.4749,3.2211,HIGH
multiposture,multiposture_4363,0.6265,1.5435,7.6801,6.9814,18.4168,3.1457,HIGH
multiposture,multiposture_4364,2.8314,1.4473,7.8297,6.7737,18.022,1.8468,HIGH
multiposture,multiposture_4365,3.7338,1.2885,7.8975,6.5844,17.6725,1.0479,HIGH
multiposture,multiposture_4366,3.8928,1.2769,7.9866,6.5556,17.5699,0.9476,HIGH
multiposture,multiposture_4367,4.6401,1.1214,7.9221,6.6416,17.4056,0.233,HIGH
multiposture,multiposture_4368,4.6228,1.1267,7.8891,6.5371,17.4175,0.2526,HIGH
multiposture,multiposture_4369,3.6487,1.1388,7.8614,6.5275,17.4027,0.7546,HIGH
multiposture,multiposture_4370,3.4013,1.1045,7.8507,6.635,17.3571,0.7994,HIGH
multiposture,multiposture_4371,3.046,1.1331,7.9347,6.6598,17.3405,1.0382,HIGH
multiposture,multiposture_4372,3.2264,1.1992,8.0998,6.6716,17.1137,1.1145,HIGH
multiposture,multiposture_4373,13.5531,20.0836,37.2732,28.8821,29.1007,36.7417,HIGH
multiposture,multiposture_4374,17.9593,21.0452,36.7915,28.7551,30.1828,37.069,HIGH
multiposture,multiposture_4375,19.7064,21.4224,36.922,29.9212,30.0822,37.1838,HIGH
multiposture,multiposture_4376,21.3627,21.7838,36.8321,30.8245,29.6371,37.2762,HIGH
multiposture,multiposture_4377,14.6911,22.0293,35.937,30.622,30.2087,40.425,HIGH
multiposture,multiposture_4378,14.3946,22.3572,35.5188,31.114,30.3878,41.1916,HIGH
multiposture,multiposture_4379,15.2403,22.5758,36.3459,31.3672,32.0502,41.2995,HIGH
multiposture,multiposture_4380,15.7582,22.6183,36.28,31.4789,32.2053,41.1784,HIGH
multiposture,multiposture_4381,15.8037,22.6079,35.9416,31.3519,32.2407,41.1451,HIGH
multiposture,multiposture_4382,16.0107,22.704,36.2749,31.5448,32.6035,41.2711,HIGH
multiposture,multiposture_4383,16.1676,22.9486,36.1482,30.9396,32.7496,41.708,HIGH
multiposture,multiposture_4384,16.502,23.062,36.1246,31.2308,32.4591,41.8343,HIGH
multiposture,multiposture_4385,17.808,23.2565,36.4565,31.4334,32.5921,41.6959,HIGH
multiposture,multiposture_4386,18.0328,23.2852,36.4505,31.8295,32.5893,41.6648,HIGH
multiposture,multiposture_4387,18.84,23.2606,36.4748,31.8534,32.6214,41.2928,HIGH
multiposture,multiposture_4388,16.3712,23.3686,36.2733,31.736,32.6536,42.53,HIGH
multiposture,multiposture_4389,16.2969,23.3669,36.2835,31.6901,32.8612,42.5589,HIGH
multiposture,multiposture_4390,16.7276,23.6334,36.285,31.3906,32.9817,42.9059,HIGH
multiposture,multiposture_4391,16.7434,23.6384,36.289,31.4299,32.9016,42.9253,HIGH
multiposture,multiposture_4392,18.2045,23.6497,36.2392,31.455,32.8324,42.351,HIGH
multiposture,multiposture_4393,19.5062,23.5067,36.1711,31.6535,32.8088,41.528,HIGH
multiposture,multiposture_4394,20.7528,23.2844,36.0892,31.5875,32.8884,40.5659,HIGH
multiposture,multiposture_4395,21.2328,23.074,36.1466,31.2637,32.5932,39.9433,HIGH
multiposture,multiposture_4396,23.9654,23.2895,37.3648,31.5058,34.3178,39.2575,HIGH
multiposture,multiposture_4397,27.0448,23.5053,38.6898,32.0832,35.7354,38.404,HIGH
multiposture,multiposture_4398,29.0811,23.5944,39.2428,32.3975,36.1974,37.7063,HIGH
multiposture,multiposture_4399,27.6083,23.595,39.6642,32.2914,36.1469,38.351,HIGH
multiposture,multiposture_4400,25.2437,23.5625,39.5199,32.1864,36.0693,39.2788,HIGH
multiposture,multiposture_4401,24.0162,23.5959,39.4409,31.9571,36.2465,39.8575,HIGH
multiposture,multiposture_4402,22.9566,23.6142,39.3124,31.9129,36.1382,40.3247,HIGH
multiposture,multiposture_4403,16.0715,11.5102,34.8768,20.3794,10.5263,17.9487,MEDIUM
multiposture,multiposture_4404,15.2428,11.6463,35.0082,20.0589,10.6871,18.6148,MEDIUM
multiposture,multiposture_4405,14.7467,11.6812,35.4808,19.7315,10.6403,18.912,MEDIUM
multiposture,multiposture_4406,14.3175,11.7674,35.7954,20.0887,10.121,19.2625,MEDIUM
multiposture,multiposture_4407,12.9617,12.1005,36.1901,20.1365,9.2501,20.5749,MEDIUM
multiposture,multiposture_4408,9.4614,12.823,36.7792,20.7105,7.6869,23.688,MEDIUM
multiposture,multiposture_4409,6.7088,14.3227,37.5324,18.105,5.5085,28.1014,MEDIUM
multiposture,multiposture_4410,3.1421,15.7515,39.2896,16.3895,3.1674,35.437,MEDIUM
multiposture,multiposture_4411,1.5277,15.6351,39.6095,16.0808,3.0432,33.0576,MEDIUM
multiposture,multiposture_4412,4.0019,16.0843,39.4233,15.6442,1.7498,32.8609,MEDIUM
multiposture,multiposture_4413,5.9866,16.0773,38.9595,15.2671,2.0147,31.9697,MEDIUM
multiposture,multiposture_4414,6.3556,16.0362,38.7918,14.9415,2.1107,31.7107,MEDIUM
multiposture,multiposture_4415,6.8677,15.9747,38.6963,14.7938,1.7607,31.3935,MEDIUM
multiposture,multiposture_4416,7.4625,16.0019,38.6301,14.6458,1.7888,31.1866,MEDIUM
multiposture,multiposture_4417,7.6993,15.9633,38.3526,14.6567,1.7958,31.007,MEDIUM
multiposture,multiposture_4418,8.1734,16.0601,38.1088,14.4797,1.8053,30.9853,MEDIUM
multiposture,multiposture_4419,8.3771,16.1,38.1331,14.2869,1.7328,30.9815,MEDIUM
multiposture,multiposture_4420,8.5388,16.0961,38.1009,14.1315,1.7306,30.9109,MEDIUM
multiposture,multiposture_4421,8.7875,16.1642,38.0213,14.1995,1.66,30.9435,MEDIUM
multiposture,multiposture_4422,8.807,16.1406,38.0188,14.2501,1.3852,30.8786,MEDIUM
multiposture,multiposture_4423,8.9163,16.1762,38.2652,14.0661,1.2649,30.9151,MEDIUM
multiposture,multiposture_4424,9.1396,16.172,38.4855,14.1976,1.3467,30.8397,MEDIUM
multiposture,multiposture_4425,8.9119,16.1478,38.4668,14.4296,1.4052,30.8911,MEDIUM
multiposture,multiposture_4426,8.9373,16.2584,38.4888,14.2751,1.4397,31.1046,MEDIUM
multiposture,multiposture_4427,8.9956,16.2593,38.8092,14.2,1.453,31.0831,MEDIUM
multiposture,multiposture_4428,8.5795,16.1235,38.8933,14.1408,1.4591,30.9821,MEDIUM
multiposture,multiposture_4429,8.3947,16.0693,38.8597,14.3293,1.6226,30.9588,MEDIUM
multiposture,multiposture_4430,8.3582,16.0939,38.8212,14.5856,1.6084,31.0258,MEDIUM
multiposture,multiposture_4431,8.3281,16.0878,38.5635,14.7924,1.5065,31.0282,MEDIUM
multiposture,multiposture_4432,8.3762,16.1127,38.5595,15.1193,1.7207,31.0809,MEDIUM
multiposture,multiposture_4433,4.7385,4.2032,27.5174,16.0796,22.2901,7.0535,HIGH
multiposture,multiposture_4434,4.6387,4.1027,25.919,16.1201,22.2048,6.8866,HIGH
multiposture,multiposture_4435,5.9225,4.5195,23.8714,16.2541,22.4646,7.2022,HIGH
multiposture,multiposture_4436,5.8727,4.5209,22.984,16.7724,22.5578,7.2447,HIGH
multiposture,multiposture_4437,6.42,4.4445,22.1899,17.1593,21.9257,6.8162,HIGH
multiposture,multiposture_4438,8.3685,4.4593,22.5086,17.3552,21.6362,5.9209,HIGH
multiposture,multiposture_4439,8.3177,4.5042,22.9222,17.4856,20.7746,6.0042,HIGH
multiposture,multiposture_4440,9.0101,4.7783,23.0005,17.7619,20.524,6.2661,HIGH
multiposture,multiposture_4441,8.7779,4.5565,23.9161,17.9171,19.895,5.8977,HIGH
multiposture,multiposture_4442,8.6399,4.4919,24.3884,17.9695,19.5791,5.8346,HIGH
multiposture,multiposture_4443,8.5034,4.3975,24.7057,17.8928,19.5408,5.6942,HIGH
multiposture,multiposture_4444,8.6985,4.4204,24.8187,17.8912,19.1766,5.663,HIGH
multiposture,multiposture_4445,8.6111,4.4389,24.4226,17.3225,19.1075,5.7371,HIGH
multiposture,multiposture_4446,8.1931,4.6219,23.9585,17.3754,19.1063,6.3551,HIGH
multiposture,multiposture_4447,6.8597,4.5015,24.2334,17.4437,19.1583,6.7293,HIGH
multiposture,multiposture_4448,7.1554,4.4965,24.2425,17.5471,19.1823,6.5777,HIGH
multiposture,multiposture_4449,7.5486,4.5482,24.2914,17.6184,19.2192,6.5051,HIGH
multiposture,multiposture_4450,7.9809,4.4215,24.5501,17.5816,19.2431,6.0196,HIGH
multiposture,multiposture_4451,7.9132,4.4302,24.5922,17.6177,18.9213,6.0547,HIGH
multiposture,multiposture_4452,8.0074,4.3208,24.628,17.842,19.0095,5.7712,HIGH
multiposture,multiposture_4453,7.9767,4.3195,24.5463,17.754,18.6493,5.7789,HIGH
multiposture,multiposture_4454,7.785,4.3717,24.5317,17.447,18.5912,5.9891,HIGH
multiposture,multiposture_4455,8.6659,4.1409,24.6813,17.4525,18.6038,5.0688,HIGH
multiposture,multiposture_4456,8.2788,4.1726,24.755,17.3373,18.2128,5.2837,HIGH
multiposture,multiposture_4457,8.4706,4.1135,25.0308,17.368,17.9247,5.0888,HIGH
multiposture,multiposture_4458,8.6996,4.5182,24.6137,16.9167,18.4545,5.8688,HIGH
multiposture,multiposture_4459,8.7081,4.5213,24.9116,17.0943,18.7399,5.8658,HIGH
multiposture,multiposture_4460,8.8225,4.5543,24.4753,17.266,18.9746,5.8805,HIGH
multiposture,multiposture_4461,8.8349,4.6106,24.8174,17.6897,19.0327,5.998,HIGH
multiposture,multiposture_4462,8.7945,4.6107,24.8396,17.5781,19.0924,6.0187,HIGH
multiposture,multiposture_4463,7.0347,3.544,31.3719,21.1454,7.3689,4.4044,MEDIUM
multiposture,multiposture_4464,6.6175,2.7157,11.1989,6.3424,17.2244,3.039,HIGH
multiposture,multiposture_4465,6.2106,2.1195,12.5845,6.7447,17.6043,1.9101,HIGH
multiposture,multiposture_4466,6.2148,2.1533,12.5354,6.6025,17.6254,1.9485,HIGH
multiposture,multiposture_4467,5.9209,2.1623,12.3757,6.5822,17.6403,2.0824,HIGH
multiposture,multiposture_4468,5.6187,2.0769,12.156,6.8454,17.7904,2.0149,HIGH
multiposture,multiposture_4469,2.105,2.1643,11.9483,6.457,18.0696,5.7351,HIGH
multiposture,multiposture_4470,6.5191,2.2455,11.712,6.3377,18.4004,7.9497,HIGH
multiposture,multiposture_4471,4.2805,2.1668,11.6031,6.9571,18.5497,6.7321,HIGH
multiposture,multiposture_4472,3.7641,2.2076,11.7682,7.022,18.6752,6.5799,HIGH
multiposture,multiposture_4473,1.2823,2.0049,12.0398,7.2091,18.7066,4.9978,HIGH
multiposture,multiposture_4474,0.5863,1.9987,11.946,7.1357,18.5948,4.6638,HIGH
multiposture,multiposture_4475,0.2161,2.0083,11.9494,7.0799,18.6751,4.5132,HIGH
multiposture,multiposture_4476,1.0082,1.9912,11.9666,6.9943,18.5244,3.9194,HIGH
multiposture,multiposture_4477,1.2642,2.1359,11.8031,6.8706,18.5124,4.1225,HIGH
multiposture,multiposture_4478,0.7639,2.017,11.4213,6.9558,18.6961,4.1419,HIGH
multiposture,multiposture_4479,0.5054,2.1144,11.3694,6.6308,19.1357,4.5171,HIGH
multiposture,multiposture_4480,0.451,2.0627,11.3488,6.6758,19.3532,4.445,HIGH
multiposture,multiposture_4481,0.7368,2.0621,11.3493,6.6398,19.2614,4.2896,HIGH
multiposture,multiposture_4482,2.4377,1.9961,11.3017,6.7427,18.9795,3.2622,HIGH
multiposture,multiposture_4483,3.1256,1.9985,11.4475,6.7238,18.9459,2.9459,HIGH
multiposture,multiposture_4484,3.8168,2.141,11.6644,6.9007,18.9749,2.9562,HIGH
multiposture,multiposture_4485,4.6655,2.0833,11.8113,7.0127,18.8075,2.4457,HIGH
multiposture,multiposture_4486,4.6664,2.0847,11.7476,7.0817,18.8659,2.4551,HIGH
multiposture,multiposture_4487,4.481,2.0929,11.7592,7.0902,18.8285,2.5616,HIGH
multiposture,multiposture_4488,4.5129,2.0209,11.7514,7.1682,18.8099,2.3888,HIGH
multiposture,multiposture_4489,4.972,2.1567,11.6649,6.754,18.8101,2.4795,HIGH
multiposture,multiposture_4490,5.0216,2.1635,11.6462,6.787,18.9049,2.4763,HIGH
multiposture,multiposture_4491,4.9849,2.1148,11.911,6.73,18.8806,2.3877,HIGH
multiposture,multiposture_4492,4.9557,2.1142,11.8594,6.6647,18.7208,2.3985,HIGH
multiposture,multiposture_4493,4.6112,2.0397,11.8505,6.8996,18.735,2.3924,HIGH
multiposture,multiposture_4494,0.8739,2.4095,24.2466,13.6831,15.9315,4.9181,HIGH
multiposture,multiposture_4495,1.8626,2.6501,24.5385,14.1843,17.0611,4.9826,HIGH
multiposture,multiposture_4496,2.9055,2.6617,24.5258,14.5216,17.4203,4.5329,HIGH
multiposture,multiposture_4497,2.9779,2.6121,24.4452,14.5249,17.6684,4.3905,HIGH
multiposture,multiposture_4498,2.8511,2.5813,24.4198,14.3562,17.7027,4.3812,HIGH
multiposture,multiposture_4499,2.8786,2.5343,24.4973,14.4194,17.8977,4.2657,HIGH
multiposture,multiposture_4500,2.542,2.4576,24.4493,14.3314,17.888,4.2499,HIGH
multiposture,multiposture_4501,2.552,2.4507,24.3958,14.3628,17.8537,4.2304,HIGH
multiposture,multiposture_4502,2.5801,2.5459,24.2937,14.5249,17.9718,4.4263,HIGH
multiposture,multiposture_4503,2.5127,2.5222,23.8534,14.5223,18.169,4.405,HIGH
multiposture,multiposture_4504,2.4928,2.5166,23.9065,14.5462,18.1432,4.402,HIGH
multiposture,multiposture_4505,2.4995,2.5057,23.9284,14.4318,18.1127,4.3748,HIGH
multiposture,multiposture_4506,0.4463,2.537,24.0105,14.2049,17.7651,5.3951,HIGH
multiposture,multiposture_4507,2.3619,2.5549,23.7581,14.3455,17.7935,6.7172,HIGH
multiposture,multiposture_4508,2.0474,2.4999,23.9179,14.3381,18.0711,6.4416,HIGH
multiposture,multiposture_4509,1.9499,2.4709,23.9793,14.3232,18.053,6.3318,HIGH
multiposture,multiposture_4510,1.5276,2.4275,23.9946,14.3196,18.1275,6.0406,HIGH
multiposture,multiposture_4511,3.0002,2.4257,24.3671,14.2906,17.9779,3.9698,HIGH
multiposture,multiposture_4512,3.5906,2.4277,24.4487,14.3753,17.9305,3.7044,HIGH
multiposture,multiposture_4513,1.7424,2.4523,24.5514,14.3929,17.9471,6.1914,HIGH
multiposture,multiposture_4514,1.922,2.5106,24.4713,14.422,18.0823,6.3993,HIGH
multiposture,multiposture_4515,1.849,2.4022,24.5172,14.5816,18.2096,6.1082,HIGH
multiposture,multiposture_4516,2.7473,2.3605,24.5839,14.5857,18.0317,3.9546,HIGH
multiposture,multiposture_4517,4.7106,2.2317,24.634,14.5642,17.8212,2.8476,HIGH
multiposture,multiposture_4518,5.2107,2.1417,24.6131,14.5419,17.5377,2.4492,HIGH
multiposture,multiposture_4519,5.3527,2.2052,24.8127,14.5496,17.5262,2.5201,HIGH
multiposture,multiposture_4520,5.2527,2.2074,24.8551,14.519,17.5044,2.5629,HIGH
multiposture,multiposture_4521,5.0518,2.1854,24.8523,14.4597,17.4303,2.5957,HIGH
multiposture,multiposture_4522,4.4092,2.0349,25.0015,14.4303,17.3006,2.5217,HIGH
multiposture,multiposture_4523,4.2851,2.0399,25.0175,14.3619,17.2938,2.5768,HIGH
multiposture,multiposture_4524,3.4751,1.2098,38.9203,12.5278,8.3917,4.3121,MEDIUM
multiposture,multiposture_4525,3.0792,1.3736,39.1383,12.0087,8.4243,4.4726,MEDIUM
multiposture,multiposture_4526,5.8236,1.0775,38.2411,12.3954,8.8901,4.9621,MEDIUM
multiposture,multiposture_4527,5.4206,1.5229,37.9782,12.255,8.7768,5.7631,MEDIUM
multiposture,multiposture_4528,0.9911,2.5435,57.6669,12.7404,6.8107,6.0057,MEDIUM
multiposture,multiposture_4529,2.7144,2.3363,27.0275,13.0541,11.4082,6.5994,MEDIUM
multiposture,multiposture_4530,4.0367,1.7479,24.8107,12.104,13.8749,6.3926,MEDIUM
multiposture,multiposture_4531,4.4758,1.6556,29.3996,12.1144,14.0667,6.4873,MEDIUM
multiposture,multiposture_4532,3.6241,1.1532,38.4952,12.5383,8.2222,4.2736,MEDIUM
multiposture,multiposture_4533,6.2505,1.2291,32.7429,12.1623,13.4668,5.9612,MEDIUM
multiposture,multiposture_4534,2.4262,0.0197,36.3357,10.941,12.1614,1.1355,MEDIUM
multiposture,multiposture_4535,6.1487,0.7398,17.2765,9.7508,13.0715,4.6485,MEDIUM
multiposture,multiposture_4536,5.0194,1.1122,18.3024,9.5888,12.8278,4.9295,MEDIUM
multiposture,multiposture_4537,4.3407,1.547,19.2008,9.3764,10.868,5.6808,MEDIUM
multiposture,multiposture_4538,3.5784,1.5935,19.6475,8.7822,10.0919,5.4402,MEDIUM
multiposture,multiposture_4539,2.8304,1.3269,20.1982,7.5517,10.0764,4.4492,MEDIUM
multiposture,multiposture_4540,2.4279,1.3627,20.1581,7.6785,10.3292,4.3258,MEDIUM
multiposture,multiposture_4541,2.0943,1.2972,20.7247,7.7504,10.6579,3.9855,MEDIUM
multiposture,multiposture_4542,1.8982,1.2314,21.2594,7.7723,11.0897,3.7274,MEDIUM
multiposture,multiposture_4543,1.7703,1.1766,21.3301,7.9434,11.151,3.5372,MEDIUM
multiposture,multiposture_4544,1.6163,1.1386,21.299,7.7793,11.259,3.3743,MEDIUM
multiposture,multiposture_4545,1.4491,1.1879,21.2558,7.9089,11.4919,3.3956,MEDIUM
multiposture,multiposture_4546,1.2277,0.8789,22.0201,7.877,11.6441,2.5893,MEDIUM
multiposture,multiposture_4547,0.8485,1.1223,21.0349,8.1551,11.7878,2.9446,MEDIUM
multiposture,multiposture_4548,0.1165,0.9667,16.0314,6.6127,13.1718,2.1065,MEDIUM
multiposture,multiposture_4549,1.9048,2.0506,6.0854,14.6707,15.9275,3.6515,HIGH
multiposture,multiposture_4550,2.7017,2.443,3.7121,16.9852,17.3075,4.1302,HIGH
multiposture,multiposture_4551,3.4605,3.3552,3.1237,19.0523,18.1252,5.7991,HIGH
multiposture,multiposture_4552,3.0237,3.2904,2.0333,18.4795,17.3898,5.8743,HIGH
multiposture,multiposture_4553,2.7732,3.2361,1.5576,17.3728,17.3797,5.8772,HIGH
multiposture,multiposture_4554,3.3535,3.489,0.9162,17.0879,17.4111,6.1535,HIGH
multiposture,multiposture_4555,3.0461,3.4014,1.3874,19.0035,17.4546,6.1107,HIGH
multiposture,multiposture_4556,3.1583,3.7332,1.8895,18.3074,17.3142,6.7993,HIGH
multiposture,multiposture_4557,3.0228,3.7065,2.146,17.6715,16.4621,6.8117,HIGH
multiposture,multiposture_4558,3.7192,3.9011,2.3194,18.8091,17.0325,6.8967,HIGH
multiposture,multiposture_4559,3.5191,3.7994,1.5108,18.6748,17.065,6.7703,HIGH
multiposture,multiposture_4560,4.5693,4.2358,1.9191,19.147,16.4764,7.2131,HIGH
multiposture,multiposture_4561,4.3762,4.1548,1.9911,18.5296,16.7554,7.131,HIGH
multiposture,multiposture_4562,4.2124,4.1673,2.2943,18.9277,17.1969,7.2436,HIGH
multiposture,multiposture_4563,4.1914,3.9224,1.6414,18.7793,16.7756,6.7016,HIGH
multiposture,multiposture_4564,4.3834,3.9065,1.724,18.776,16.6023,6.5672,HIGH
multiposture,multiposture_4565,7.4277,1.1675,18.2909,2.5931,12.4943,6.7897,MEDIUM
multiposture,multiposture_4566,6.8217,1.1449,18.2541,3.2045,12.848,6.4073,MEDIUM
multiposture,multiposture_4567,5.6226,1.4434,17.9862,4.4412,12.7919,6.4257,MEDIUM
multiposture,multiposture_4568,4.4434,0.5525,17.8691,5.3022,13.326,3.7103,MEDIUM
multiposture,multiposture_4569,4.8027,0.203,18.6994,2.9622,13.098,3.0851,MEDIUM
multiposture,multiposture_4570,2.7621,0.5102,20.1656,2.9328,13.2101,0.3306,MEDIUM
multiposture,multiposture_4571,4.9857,0.9501,20.6416,3.0177,11.9352,0.4687,MEDIUM
multiposture,multiposture_4572,5.3702,0.9579,20.7957,2.9491,11.8652,0.6571,MEDIUM
multiposture,multiposture_4573,5.8533,0.985,20.4304,2.989,11.7785,0.8093,MEDIUM
multiposture,multiposture_4574,5.9539,0.9754,20.2352,2.9731,11.6705,0.8793,MEDIUM
multiposture,multiposture_4575,6.7635,1.2162,20.2444,2.8107,11.7922,0.7234,MEDIUM
multiposture,multiposture_4576,7.3416,1.1515,20.1901,3.4539,11.5967,1.1316,MEDIUM
multiposture,multiposture_4577,7.1062,1.0778,20.1036,3.2659,11.5977,1.178,MEDIUM
multiposture,multiposture_4578,5.33,1.2861,20.2318,3.3662,11.9343,0.1888,MEDIUM
multiposture,multiposture_4579,6.8168,1.2641,19.6659,2.9239,11.3132,0.6236,MEDIUM
multiposture,multiposture_4580,5.2163,1.1007,20.1831,2.9504,11.5293,0.1788,MEDIUM
multiposture,multiposture_4581,5.8956,1.0267,20.0323,3.393,11.4882,0.715,MEDIUM
multiposture,multiposture_4582,5.7862,0.9627,19.868,3.6768,11.5364,0.8186,MEDIUM
multiposture,multiposture_4583,5.7024,0.9683,20.0879,3.6661,11.5784,0.763,MEDIUM
multiposture,multiposture_4584,5.8617,1.0122,20.1713,3.6759,11.6975,0.742,MEDIUM
multiposture,multiposture_4585,7.1623,0.9903,20.214,3.6487,11.4271,1.4741,MEDIUM
multiposture,multiposture_4586,6.981,1.15,20.5617,2.8793,11.244,0.9992,MEDIUM
multiposture,multiposture_4587,8.0581,0.9554,20.7275,2.3821,10.863,1.9964,MEDIUM
multiposture,multiposture_4588,8.5943,0.863,20.7233,2.3849,10.8201,2.4847,MEDIUM
multiposture,multiposture_4589,8.6485,0.8779,20.8369,2.423,10.8673,2.4851,MEDIUM
multiposture,multiposture_4590,8.6703,0.8448,20.8175,2.221,10.7745,2.565,MEDIUM
multiposture,multiposture_4591,9.8849,2.2985,27.1039,8.5641,10.7396,9.8277,MEDIUM
multiposture,multiposture_4592,11.0566,2.4778,25.9402,8.5007,13.1644,11.4383,MEDIUM
multiposture,multiposture_4593,12.8424,1.9128,26.3334,8.5709,13.7193,11.257,MEDIUM
multiposture,multiposture_4594,13.3268,2.0736,23.2371,9.2974,14.8393,12.0855,MEDIUM
multiposture,multiposture_4595,12.9628,2.2481,32.0918,8.1353,13.1233,12.3074,MEDIUM
multiposture,multiposture_4596,13.0195,2.4104,34.3618,8.3738,13.1127,12.4493,MEDIUM
multiposture,multiposture_4597,9.8303,2.4189,33.4593,8.2524,13.2949,10.7918,MEDIUM
multiposture,multiposture_4598,11.8806,2.4739,35.0608,8.1553,13.0632,11.8992,MEDIUM
multiposture,multiposture_4599,12.6998,2.6246,34.5772,7.9644,12.8968,12.656,MEDIUM
multiposture,multiposture_4600,159.2596,1.6812,22.9251,7.5954,4.7051,9.5736,HIGH
multiposture,multiposture_4601,159.6133,2.421,21.8843,8.7483,9.8582,10.4224,HIGH
multiposture,multiposture_4602,160.1626,1.3474,21.8703,9.4744,12.0225,8.4333,HIGH
multiposture,multiposture_4603,155.968,1.8053,21.3029,9.6439,11.8649,10.4828,HIGH
multiposture,multiposture_4604,157.2197,1.5328,21.2199,9.7691,11.7415,9.7174,HIGH
multiposture,multiposture_4605,28.1735,1.2452,14.6315,9.1052,9.709,11.3764,MEDIUM
multiposture,multiposture_4606,22.8083,0.903,12.1324,10.1807,6.0024,8.4971,MEDIUM
multiposture,multiposture_4607,4.5668,0.0039,11.0284,12.1766,3.8539,1.4769,LOW
multiposture,multiposture_4608,27.8357,0.3653,13.3516,11.0202,5.67,7.1216,MEDIUM
multiposture,multiposture_4609,25.2716,0.5807,13.7425,10.7281,4.8815,6.6504,MEDIUM
multiposture,multiposture_4610,14.7418,0.4724,13.1658,10.5469,5.202,3.6153,MEDIUM
multiposture,multiposture_4611,33.193,2.1567,15.6863,11.3668,6.0518,11.6337,HIGH
multiposture,multiposture_4612,22.2564,1.7933,15.7961,11.2929,7.1464,11.0735,MEDIUM
multiposture,multiposture_4613,25.3511,1.7698,15.834,10.6865,7.037,11.8559,MEDIUM
multiposture,multiposture_4614,24.5578,1.6283,16.2234,10.2272,7.3829,11.488,MEDIUM
multiposture,multiposture_4615,25.4927,1.6221,16.1311,10.1096,7.388,11.4009,MEDIUM
multiposture,multiposture_4616,26.6206,1.258,15.9212,10.0176,7.3508,11.0174,MEDIUM
multiposture,multiposture_4617,26.4788,1.2515,15.8406,9.9343,7.359,10.9947,MEDIUM
multiposture,multiposture_4618,26.0158,1.1961,15.8941,9.6813,7.3984,10.8202,MEDIUM
multiposture,multiposture_4619,26.4926,0.9595,16.188,9.6963,7.8482,10.4751,MEDIUM
multiposture,multiposture_4620,26.4379,0.9541,16.2309,9.7031,8.0138,10.4528,MEDIUM
multiposture,multiposture_4621,25.7733,1.1137,16.119,9.6675,7.8544,10.6192,MEDIUM
multiposture,multiposture_4622,25.7503,0.9573,16.0374,9.4696,7.9236,10.3909,MEDIUM
multiposture,multiposture_4623,25.6618,0.9777,16.0687,9.5582,7.8767,10.5601,MEDIUM
multiposture,multiposture_4624,26.3729,0.8115,16.2495,9.4139,7.8504,10.449,MEDIUM
multiposture,multiposture_4625,26.2265,0.7798,16.2828,9.4349,7.8282,10.3664,MEDIUM
multiposture,multiposture_4626,26.3009,0.4877,16.0363,9.5959,7.9101,9.7461,MEDIUM
multiposture,multiposture_4627,26.3059,0.3211,16.0561,9.6926,8.023,9.3817,MEDIUM
multiposture,multiposture_4628,26.5921,0.4611,15.8981,9.6563,7.939,9.8093,MEDIUM
multiposture,multiposture_4629,25.6416,0.3488,16.3425,9.5903,8.3152,9.2672,MEDIUM
multiposture,multiposture_4630,1.6377,3.6749,9.255,5.5274,5.1071,10.1168,MEDIUM
multiposture,multiposture_4631,3.5725,3.1414,9.3546,5.9766,4.9049,9.5617,LOW
multiposture,multiposture_4632,3.7544,2.6348,7.3075,5.4632,4.296,8.2752,LOW
multiposture,multiposture_4633,6.5209,3.0298,6.2708,4.605,3.137,3.3955,LOW
multiposture,multiposture_4634,3.5034,2.3951,6.2033,3.7591,4.2697,3.6028,LOW
multiposture,multiposture_4635,4.0958,2.683,6.2867,3.1871,4.8952,3.9424,LOW
multiposture,multiposture_4636,4.2607,2.8633,6.0818,3.1147,5.3146,4.2572,MEDIUM
multiposture,multiposture_4637,4.7205,3.0182,6.0514,3.3595,5.7198,4.3913,MEDIUM
multiposture,multiposture_4638,4.762,3.0699,5.8321,3.362,5.8963,4.483,MEDIUM
multiposture,multiposture_4639,4.9667,3.1621,5.6331,3.5459,6.0741,4.5889,MEDIUM
multiposture,multiposture_4640,4.936,3.3221,5.6125,3.0017,6.0754,4.967,MEDIUM
multiposture,multiposture_4641,10.3196,3.3622,5.0963,2.834,2.7711,2.2601,MEDIUM
multiposture,multiposture_4642,10.7935,3.4228,4.7715,2.9513,0.7666,2.2148,MEDIUM
multiposture,multiposture_4643,0.9799,3.375,4.7137,3.0501,1.4319,7.1142,LOW
multiposture,multiposture_4644,2.3494,3.1403,4.9697,3.5011,1.3866,8.3062,LOW
multiposture,multiposture_4645,9.5113,4.5119,5.7744,4.3784,0.5372,15.2625,LOW
multiposture,multiposture_4646,8.9032,5.8281,8.341,4.6419,0.2145,17.8969,LOW
multiposture,multiposture_4647,7.1151,5.9052,8.024,4.641,1.5575,17.2247,LOW
multiposture,multiposture_4648,6.6019,6.4156,8.4402,4.4613,1.8757,18.0973,LOW
multiposture,multiposture_4649,6.4796,6.1721,9.6439,3.8131,2.3576,17.1103,LOW
multiposture,multiposture_4650,5.7125,5.9278,7.5809,5.1051,1.9316,16.3647,LOW
multiposture,multiposture_4651,5.6262,5.7829,6.5125,5.0619,1.756,16.0077,LOW
multiposture,multiposture_4652,5.2603,5.7536,6.2276,5.344,1.2007,15.7553,LOW
multiposture,multiposture_4653,5.0023,5.7269,5.1887,5.9346,0.5683,15.5867,LOW
multiposture,multiposture_4654,7.0754,4.2701,16.4121,3.2038,0.7051,13.4949,LOW
multiposture,multiposture_4655,9.561,4.5118,17.9834,5.6528,2.036,15.0516,LOW
multiposture,multiposture_4656,10.1641,4.4741,18.5775,5.8277,2.2988,15.099,MEDIUM
multiposture,multiposture_4657,10.2229,4.4603,19.7828,5.7738,2.3707,15.091,MEDIUM
multiposture,multiposture_4658,10.3777,4.4544,20.105,5.5103,2.3595,15.2113,MEDIUM
multiposture,multiposture_4659,11.0048,4.4545,20.1173,5.1904,2.1394,15.5175,MEDIUM
multiposture,multiposture_4660,17.7387,2.7818,38.6624,16.4125,16.9555,15.7867,HIGH
multiposture,multiposture_4661,9.0757,1.6078,32.7861,14.2748,12.1231,8.0896,MEDIUM
multiposture,multiposture_4662,22.7528,4.309,41.0083,17.9123,16.4202,22.5836,HIGH
multiposture,multiposture_4663,16.9391,2.2134,36.5122,16.601,18.219,13.9221,HIGH
multiposture,multiposture_4664,15.6764,1.6145,35.2784,16.0745,18.8837,11.8124,HIGH
multiposture,multiposture_4665,6.7074,1.2858,33.9729,15.9797,17.9245,6.2773,HIGH
multiposture,multiposture_4666,6.7362,1.346,36.8809,16.3441,14.581,6.1461,MEDIUM
multiposture,multiposture_4667,10.611,2.0839,35.8077,15.6733,11.0892,9.8035,MEDIUM
multiposture,multiposture_4668,8.2584,2.3126,34.9193,13.9488,10.1266,8.9029,MEDIUM
multiposture,multiposture_4669,8.2867,1.4161,36.9532,16.5233,9.5961,0.5344,MEDIUM
multiposture,multiposture_4670,13.3856,2.8924,33.044,19.5301,9.8067,0.5379,MEDIUM
multiposture,multiposture_4671,9.8109,2.8667,33.2361,22.7294,10.2736,2.0178,MEDIUM
multiposture,multiposture_4672,5.1147,2.3212,34.6743,21.9677,12.7531,2.8226,MEDIUM
multiposture,multiposture_4673,2.3601,2.1941,35.9085,21.2351,12.8311,3.7537,MEDIUM
multiposture,multiposture_4674,0.0223,1.9212,36.6103,20.1318,12.9928,4.2424,MEDIUM
multiposture,multiposture_4675,3.3159,1.955,36.0936,20.2179,12.6492,5.867,MEDIUM
multiposture,multiposture_4676,4.9726,1.6104,35.8818,19.5953,12.7706,5.933,MEDIUM
multiposture,multiposture_4677,5.9333,1.6046,36.795,19.6782,12.3416,6.3822,MEDIUM
multiposture,multiposture_4678,5.284,1.4898,33.0217,15.4305,13.6118,5.9591,MEDIUM
multiposture,multiposture_4679,36.236,40.7314,34.3254,31.0652,52.0158,67.3775,HIGH
multiposture,multiposture_4680,35.5406,40.5512,31.2183,30.6005,52.686,67.3793,HIGH
multiposture,multiposture_4681,34.773,40.478,30.6472,30.7136,54.0206,67.6333,HIGH
multiposture,multiposture_4682,34.9701,40.6152,30.7161,30.7532,54.9648,67.7904,HIGH
multiposture,multiposture_4683,35.4728,40.8454,31.1553,30.9455,55.8109,67.9716,HIGH
multiposture,multiposture_4684,34.7721,41.3016,30.5513,31.2365,56.4008,69.0885,HIGH
multiposture,multiposture_4685,34.4114,41.3909,30.1719,31.2635,57.304,69.4245,HIGH
multiposture,multiposture_4686,27.724,41.755,31.072,31.7218,58.6835,73.232,HIGH
multiposture,multiposture_4687,25.0148,42.1389,32.2293,32.6899,59.7016,75.0337,HIGH
multiposture,multiposture_4688,25.3464,42.5929,31.8104,33.5247,60.3182,75.6426,HIGH
multiposture,multiposture_4689,24.4467,42.6591,32.0719,33.5651,60.5796,76.2205,HIGH
multiposture,multiposture_4690,24.8439,42.582,32.2228,33.5135,60.615,75.9255,HIGH
multiposture,multiposture_4691,24.7106,42.4723,32.4398,34.0488,60.5358,75.8044,HIGH
multiposture,multiposture_4692,25.4264,42.5549,33.3013,33.9419,60.6806,75.6217,HIGH
multiposture,multiposture_4693,33.3009,42.5488,33.0568,34.2397,60.4123,71.9882,HIGH
multiposture,multiposture_4694,32.1994,42.6339,32.8375,33.8814,60.2777,72.6525,HIGH
multiposture,multiposture_4695,29.6372,42.7273,33.0884,33.8252,60.8179,73.9308,HIGH
multiposture,multiposture_4696,28.5119,42.6921,33.0441,33.8757,60.9052,74.4247,HIGH
multiposture,multiposture_4697,23.4513,42.8063,33.3288,34.0219,61.3778,77.0433,HIGH
multiposture,multiposture_4698,14.5753,43.8929,33.5509,35.5247,63.5488,82.7667,HIGH
multiposture,multiposture_4699,16.0916,43.7738,33.051,35.2129,63.1265,82.2662,HIGH
multiposture,multiposture_4700,17.718,43.6689,32.9861,35.2013,62.9403,81.1858,HIGH
multiposture,multiposture_4701,18.1293,43.5688,32.6241,35.0684,62.9486,80.8965,HIGH
multiposture,multiposture_4702,18.6338,43.5476,32.8899,35.0575,62.9502,80.6186,HIGH
multiposture,multiposture_4703,19.2629,43.4068,32.2784,34.6494,63.2267,79.947,HIGH
multiposture,multiposture_4704,17.4646,43.4131,32.8694,34.3109,63.3667,80.8143,HIGH
multiposture,multiposture_4705,22.0618,43.3053,31.8543,34.1914,63.225,78.6231,HIGH
multiposture,multiposture_4706,23.4064,43.0093,31.2976,33.8276,62.907,77.5726,HIGH
multiposture,multiposture_4707,24.7288,43.0117,31.4608,33.9093,62.7527,76.9206,HIGH
multiposture,multiposture_4708,3.2239,44.2269,45.3678,34.4807,66.4876,83.7147,HIGH
multiposture,multiposture_4709,5.517,41.8159,49.7965,2.2756,37.4173,80.6766,HIGH
multiposture,multiposture_4710,5.7971,41.9059,49.5634,1.4771,37.7344,80.8115,HIGH
multiposture,multiposture_4711,4.247,41.8351,49.9212,0.4105,37.6842,81.1727,HIGH
multiposture,multiposture_4712,1.5304,41.8927,50.5211,0.1848,38.9738,81.9375,HIGH
multiposture,multiposture_4713,0.2711,41.9292,50.7449,0.3845,38.3547,82.6634,HIGH
multiposture,multiposture_4714,0.5647,41.9761,50.8942,0.4763,38.53,82.9419,HIGH
multiposture,multiposture_4715,2.3676,42.2745,50.0668,0.6036,37.7675,83.434,HIGH
multiposture,multiposture_4716,1.9251,42.3519,50.0631,0.1008,38.2352,83.5076,HIGH
multiposture,multiposture_4717,0.7349,42.5765,50.2639,0.696,38.8555,83.4761,HIGH
multiposture,multiposture_4718,0.8024,42.5925,50.2725,0.9512,38.9251,83.554,HIGH
multiposture,multiposture_4719,0.8295,42.5877,50.196,0.9587,38.9736,83.5901,HIGH
multiposture,multiposture_4720,1.5964,42.7066,50.61,0.5758,39.3528,84.1393,HIGH
multiposture,multiposture_4721,1.5853,42.6959,50.317,1.193,39.4142,83.9864,HIGH
multiposture,multiposture_4722,1.4147,42.7803,50.1985,1.0308,39.349,83.9718,HIGH
multiposture,multiposture_4723,2.4508,42.4639,49.7002,0.1247,39.4287,84.0331,HIGH
multiposture,multiposture_4724,2.0017,42.4793,50.1876,0.0285,38.6111,84.1831,HIGH
multiposture,multiposture_4725,2.0315,42.4836,50.4954,0.0345,38.6709,84.2175,HIGH
multiposture,multiposture_4726,2.378,42.5822,50.6127,0.189,38.8181,84.4257,HIGH
multiposture,multiposture_4727,2.2656,42.7084,51.0136,0.173,39.2791,84.4827,HIGH
multiposture,multiposture_4728,2.2778,42.7017,50.7974,0.2345,39.2305,84.466,HIGH
multiposture,multiposture_4729,1.9728,42.7653,50.9393,0.2819,39.4547,84.4452,HIGH
multiposture,multiposture_4730,2.5758,42.6588,50.507,0.0734,39.4316,84.5601,HIGH
multiposture,multiposture_4731,2.529,42.671,50.5446,0.1587,39.4734,84.5702,HIGH
multiposture,multiposture_4732,2.6651,42.5233,51.5781,0.287,38.97,84.3159,HIGH
multiposture,multiposture_4733,3.1579,42.7175,51.6035,0.0126,39.6926,84.6945,HIGH
multiposture,multiposture_4734,4.295,42.7189,51.5838,0.0215,39.7741,85.0011,HIGH
multiposture,multiposture_4735,4.1703,42.821,51.7062,0.641,40.1695,85.2555,HIGH
multiposture,multiposture_4736,4.6265,42.7789,51.7577,0.8875,40.1287,85.4735,HIGH
multiposture,multiposture_4737,4.7165,42.7735,52.0477,0.9466,40.1929,85.5148,HIGH
multiposture,multiposture_4738,4.4984,42.9893,53.3286,0.9038,39.5201,85.8241,HIGH
multiposture,multiposture_4739,5.5172,1.2701,17.2237,8.1456,18.41,5.6987,HIGH
multiposture,multiposture_4740,5.0075,0.8263,18.0898,8.2358,17.6733,4.4119,HIGH
multiposture,multiposture_4741,2.5365,0.7256,17.805,7.956,16.6867,0.3751,HIGH
multiposture,multiposture_4742,6.7051,0.2644,18.3868,8.763,17.5623,2.6744,HIGH
multiposture,multiposture_4743,0.0164,0.5977,18.5666,8.3701,16.7664,1.3257,HIGH
multiposture,multiposture_4744,3.1306,0.5926,18.8003,8.3344,16.4822,2.8454,HIGH
multiposture,multiposture_4745,0.1329,0.5593,18.7773,8.2332,16.4987,1.3196,HIGH
multiposture,multiposture_4746,0.9627,0.5078,19.0965,8.3033,16.434,1.6133,HIGH
multiposture,multiposture_4747,1.13,0.5055,18.9584,8.2629,16.5505,1.6974,HIGH
multiposture,multiposture_4748,1.605,0.4511,18.9915,8.2219,16.8645,1.8077,HIGH
multiposture,multiposture_4749,2.081,0.4602,18.8979,8.1697,16.9869,2.0767,HIGH
multiposture,multiposture_4750,2.7701,0.4673,19.0226,7.9696,16.6091,2.4153,HIGH
multiposture,multiposture_4751,3.8393,0.5513,19.148,7.926,16.464,3.1126,HIGH
multiposture,multiposture_4752,3.8523,0.7366,19.1555,7.8539,16.6353,3.5389,HIGH
multiposture,multiposture_4753,3.7265,0.7905,19.101,8.0587,16.6677,3.5995,HIGH
multiposture,multiposture_4754,3.6901,0.7978,19.1587,8.0713,16.7269,3.6077,HIGH
multiposture,multiposture_4755,3.8375,0.7947,19.0671,8.0702,16.8549,3.6948,HIGH
multiposture,multiposture_4756,3.9193,0.7751,18.9949,8.0662,16.953,3.696,HIGH
multiposture,multiposture_4757,4.5531,0.589,18.6165,7.9351,17.0907,3.5998,HIGH
multiposture,multiposture_4758,3.5024,0.9368,18.3353,7.4559,16.9826,3.8568,HIGH
multiposture,multiposture_4759,3.4916,0.9272,18.3478,7.4888,17.2033,3.8405,HIGH
multiposture,multiposture_4760,3.595,0.8682,18.3377,7.2595,17.3278,3.7756,HIGH
multiposture,multiposture_4761,3.9387,0.778,18.0769,7.3976,17.1288,3.7657,HIGH
multiposture,multiposture_4762,3.8949,0.8111,17.9401,7.3336,17.1054,3.8179,HIGH
multiposture,multiposture_4763,3.9991,0.6304,17.9043,7.3653,17.0214,3.4592,HIGH
multiposture,multiposture_4764,4.4866,0.6957,17.8525,7.5711,17.092,3.8586,HIGH
multiposture,multiposture_4765,4.6196,0.6518,17.8282,7.5402,17.0184,3.8284,HIGH
multiposture,multiposture_4766,4.6533,0.8313,17.8714,7.3567,16.9128,4.2508,HIGH
multiposture,multiposture_4767,4.3366,0.9716,18.2009,7.6471,16.9704,4.41,HIGH
multiposture,multiposture_4768,4.3488,1.0018,18.179,7.8885,17.1673,4.4867,HIGH
multiposture,multiposture_4769,9.2057,1.3674,40.8106,13.7819,8.5588,1.6811,MEDIUM
multiposture,multiposture_4770,7.5902,0.8587,39.5085,14.678,8.152,1.9331,MEDIUM
multiposture,multiposture_4771,6.3889,0.1863,37.2495,14.0946,8.2018,2.7779,MEDIUM
multiposture,multiposture_4772,4.3825,0.5894,37.7339,12.9525,8.1816,3.427,MEDIUM
multiposture,multiposture_4773,3.8354,0.9861,37.4677,12.5663,8.3543,3.9919,MEDIUM
multiposture,multiposture_4774,3.9927,1.072,37.9031,12.5726,8.2681,4.243,MEDIUM
multiposture,multiposture_4775,3.3206,1.437,38.3251,11.9223,8.6113,4.7252,MEDIUM
multiposture,multiposture_4776,4.6416,0.8959,30.6855,11.8456,15.9776,4.5613,HIGH
multiposture,multiposture_4777,5.4255,0.919,31.9608,11.7729,15.2913,4.998,HIGH
multiposture,multiposture_4778,5.9627,0.7992,31.9742,11.8589,13.5083,4.8998,MEDIUM
multiposture,multiposture_4779,6.2389,0.7599,31.7268,11.907,12.3041,4.9577,MEDIUM
multiposture,multiposture_4780,6.3409,0.9712,32.0933,11.6264,10.5435,5.4146,MEDIUM
multiposture,multiposture_4781,5.3087,0.7393,34.3847,11.6593,14.2527,4.3113,MEDIUM
multiposture,multiposture_4782,5.3298,0.6798,35.3146,11.8587,13.4453,4.1857,MEDIUM
multiposture,multiposture_4783,5.2633,0.5956,35.384,11.333,13.3563,3.9187,MEDIUM
multiposture,multiposture_4784,6.1098,0.5597,35.5304,11.2886,12.0654,4.2347,MEDIUM
multiposture,multiposture_4785,6.1377,0.5849,35.7716,11.2993,11.9917,4.2897,MEDIUM
multiposture,multiposture_4786,6.5914,0.3932,35.1479,11.1777,12.1798,4.0528,MEDIUM
multiposture,multiposture_4787,2.5304,0.3006,34.2663,10.2764,11.8111,1.8795,MEDIUM
multiposture,multiposture_4788,7.4124,1.4152,20.2349,3.0657,11.5877,0.5872,MEDIUM
multiposture,multiposture_4789,7.5607,1.4217,20.0347,2.9843,11.5849,0.6518,MEDIUM
multiposture,multiposture_4790,7.3576,1.1636,20.2578,2.7001,11.3706,1.1241,MEDIUM
multiposture,multiposture_4791,6.4349,1.0533,20.1825,2.758,11.2612,0.9237,MEDIUM
multiposture,multiposture_4792,10.0815,1.8623,32.7248,13.8381,11.0375,8.8618,MEDIUM
multiposture,multiposture_4793,9.1522,2.3754,28.4594,11.9491,10.7788,9.6113,MEDIUM
office_posture,ap_1_250,115.3578,84.1194,40.5046,107.802,99.7911,85.0135,LOW
office_posture,ap_1_750,113.8041,83.9503,39.2549,107.0928,99.8662,85.7029,LOW
office_posture,ap_2_10187,146.933,57.8736,22.5955,48.0978,54.7513,48.0547,LOW
office_posture,ap_2_10437,147.2762,57.18,22.5462,47.2373,57.302,48.205,LOW
office_posture,ap_2_10687,138.2211,77.8909,25.923,92.7538,86.2683,60.9347,LOW
office_posture,ap_2_10937,154.725,88.4911,54.0649,100.602,99.3733,46.2709,LOW
office_posture,ap_2_11187,159.1011,93.6407,54.1425,115.7476,99.9961,46.1394,LOW
office_posture,ap_2_11437,158.3285,92.496,54.2121,112.9552,99.9897,46.2585,LOW
office_posture,ap_2_11687,147.1938,76.1749,33.9744,83.9574,59.5395,52.9147,LOW
office_posture,ap_2_11937,145.6164,51.5305,25.9607,35.7757,86.3317,52.8464,LOW
office_posture,ap_2_12187,121.8145,59.9284,13.5588,67.5617,30.2932,84.2704,LOW
office_posture,ap_2_12687,78.1295,63.2222,58.352,69.8415,12.1573,175.3144,LOW
office_posture,ap_2_12937,161.7164,75.1787,48.9148,69.8877,89.0333,45.6785,LOW
office_posture,ap_2_13187,172.4471,60.7589,62.1297,83.9836,5.8989,708.6546,LOW
office_posture,ap_2_13437,85.6494,65.0411,67.0378,76.7705,9.1768,180.2672,LOW
office_posture,ap_2_13687,118.9184,78.4867,24.6655,116.0524,99.9108,81.6026,LOW
office_posture,ap_2_13937,132.77,73.1122,28.9107,77.4076,53.2674,64.5337,LOW
office_posture,ap_2_14187,125.0853,84.9557,30.6067,108.6103,89.0042,69.195,LOW
office_posture,ap_2_14437,104.564,42.6612,28.7383,81.4981,20.7315,188.8018,LOW
office_posture,ap_2_14687,132.3016,72.6312,28.2663,76.1894,45.8337,64.7059,LOW
office_posture,ap_2_16187,77.5224,64.1649,58.8521,70.8879,11.5598,177.2686,LOW
office_posture,ap_2_16437,113.8879,71.7104,68.7095,78.1901,12.9989,85.4202,LOW
office_posture,ap_2_16687,118.5266,96.2045,33.6316,110.1036,91.9407,68.8305,HIGH
office_posture,ap_2_16937,155.2893,88.8335,53.4839,104.487,99.5788,46.9621,LOW
office_posture,ap_2_17187,92.9591,71.9128,70.1027,78.8133,12.7657,128.6135,LOW
office_posture,ap_2_17437,91.1621,73.5114,71.3029,79.6278,13.1216,129.8617,LOW
office_posture,ap_2_17687,118.5016,80.5574,24.7514,118.8662,99.998,81.6433,LOW
office_posture,ap_2_17937,133.2243,76.6993,24.3597,92.3085,86.3373,67.5993,LOW
office_posture,ap_2_18187,118.449,80.0246,24.2184,116.4811,99.9982,81.4421,LOW
office_posture,ap_2_18437,111.813,86.8778,28.2301,128.5597,99.9704,83.5839,LOW
office_posture,ap_2_18687,120.084,79.1005,23.9405,115.0254,99.9999,80.4806,LOW
office_posture,ap_2_18937,132.7636,76.273,23.3403,93.5545,89.0113,68.1777,LOW
office_posture,ap_2_19187,120.6141,78.5487,24.0632,113.4751,99.999,80.4573,LOW
office_posture,ap_2_19437,121.4141,77.7121,23.829,110.7919,99.9855,80.5168,LOW
office_posture,ap_2_19687,134.4268,75.4302,22.5261,91.7453,87.7985,67.0543,LOW
office_posture,ap_2_19937,119.89,78.3301,23.3937,113.0657,99.992,80.8915,LOW
office_posture,ap_2_20187,134.2034,76.3211,23.4107,93.3622,89.0427,67.1258,LOW
office_posture,ap_2_20437,135.9342,74.7724,23.6372,88.4043,84.6826,64.9174,LOW
office_posture,ap_2_20687,91.9894,72.6392,69.2026,79.4603,12.1009,128.2206,LOW
office_posture,ap_2_20937,92.7354,72.5397,68.4854,79.4954,11.7737,127.0501,LOW
office_posture,ap_2_21187,120.2967,61.6912,9.3645,75.4411,52.2747,84.4901,LOW
office_posture,ap_2_21437,133.6827,77.8065,24.6777,95.8276,87.4428,67.1108,LOW
office_posture,ap_2_21687,87.476,57.0881,9.8906,153.9447,99.5924,159.3785,LOW
office_posture,ap_2_21937,69.3803,67.9132,74.3926,85.1122,10.4607,287.1819,LOW
office_posture,ap_2_22187,114.5731,69.2364,3.4983,101.4927,87.9214,88.154,LOW
office_posture,ap_2_22437,82.9908,51.8414,21.9863,2.3929,1.5155,148.8146,LOW
office_posture,ap_2_22687,146.5136,86.0766,51.1992,102.8727,99.503,63.9271,LOW
office_posture,ap_2_22937,116.1511,41.8027,19.2388,41.2017,27.2109,110.0757,LOW
office_posture,ap_2_23187,115.1298,36.6672,25.985,64.9649,15.7987,146.8478,LOW
office_posture,ap_2_23437,165.1002,84.4337,59.3093,91.1894,96.2468,30.864,LOW
office_posture,ap_2_23687,169.1176,92.7979,57.3104,115.9606,99.9719,31.6796,LOW
office_posture,ap_2_23937,91.8166,72.0465,70.5914,79.4567,12.9848,128.5762,LOW
office_posture,ap_2_24187,158.3426,85.3857,52.6284,99.7381,99.4726,46.9005,LOW
office_posture,ap_2_24437,139.7482,67.1896,11.3244,63.3307,16.082,69.3395,LOW
office_posture,ap_2_24687,139.0616,66.1526,0.0463,65.2505,1.6636,66.814,LOW
office_posture,ap_2_24937,77.9082,70.0647,68.239,71.6969,16.4701,122.1873,LOW
office_posture,ap_2_25187,156.0771,88.407,53.7277,105.2019,99.5577,46.7484,LOW
office_posture,ap_2_25437,143.842,87.0596,52.1258,102.2816,99.3662,64.1796,LOW
office_posture,ap_2_25687,148.6142,91.7598,51.4754,116.9286,99.9838,64.7155,LOW
office_posture,ap_2_25937,122.6656,73.3788,25.7471,75.8659,10.7909,77.201,HIGH
office_posture,ap_2_26187,155.5815,87.1026,53.6374,101.5096,99.3869,46.9457,HIGH
office_posture,ap_2_26437,143.1819,87.8505,52.8762,104.2232,99.4604,64.2617,HIGH
office_posture,ap_2_27687,161.9344,84.5957,42.5412,105.6868,99.9996,65.6137,LOW
office_posture,ap_2_27937,149.1554,30.2522,77.9336,137.5735,2.6802,1197.9273,LOW
office_posture,ap_2_4437,130.3299,72.5392,3.1263,69.8229,14.7366,60.3689,HIGH
office_posture,ap_2_4687,139.935,83.5234,25.3077,81.9,5.9138,42.9783,HIGH
office_posture,ap_2_4937,139.3776,63.4779,21.1176,59.2196,13.8005,50.7083,LOW
office_posture,ap_2_7937,102.0014,22.1679,22.1949,38.5523,0.6855,157.4761,HIGH
office_posture,ap_2_8187,138.7238,72.4801,47.6863,63.3233,36.6876,61.6695,LOW
office_posture,ap_2_8437,153.0282,65.9523,45.4325,49.5157,45.3965,64.7436,HIGH
office_posture,ap_2_8937,142.9621,50.8978,13.8751,38.8345,64.6284,55.4141,LOW
office_posture,ap_2_9187,142.617,73.3646,26.4821,78.61,32.5558,55.1185,LOW
office_posture,ap_2_9437,141.9648,73.2234,24.8299,78.5975,36.6711,54.7439,LOW
office_posture,ap_2_9687,142.3377,73.3469,25.5955,78.895,35.201,55.1533,LOW
office_posture,ap_2_9937,146.6031,57.8171,22.4551,48.5654,52.8445,49.0254,LOW
office_posture,ap_3_1000,149.3342,82.6895,44.4879,93.288,95.665,63.097,HIGH
office_posture,ap_3_1240,136.1345,73.5827,29.4797,78.6909,99.8756,68.6422,HIGH
office_posture,ap_3_1490,123.153,72.239,30.216,72.4637,87.9528,79.4156,HIGH
office_posture,ap_3_1740,113.2987,74.7009,31.2091,81.0935,99.5866,89.4412,HIGH
office_posture,ap_3_18260,96.6945,40.0967,51.014,157.749,56.4664,166.1759,HIGH
office_posture,ap_3_18510,149.3215,86.6244,42.7822,96.4832,99.6054,64.8578,HIGH
office_posture,ap_3_18760,142.8975,86.1234,44.2666,97.5263,92.1872,71.5753,HIGH
office_posture,ap_3_19010,90.6098,70.9715,47.0615,13.5114,34.1644,115.7629,HIGH
office_posture,ap_3_19260,146.505,88.1649,44.4243,101.3804,98.4959,65.9322,HIGH
office_posture,ap_3_19510,89.5485,49.5327,13.762,19.6406,92.2111,152.8421,HIGH
office_posture,ap_3_19760,121.0553,73.468,42.9324,11.6633,62.4766,83.5697,HIGH
office_posture,ap_3_1990,123.8432,72.5012,30.4729,74.3365,91.1278,80.6355,HIGH
office_posture,ap_3_20005,164.1456,29.1502,45.2383,31.8411,44.0506,7.1062,HIGH
office_posture,ap_3_20206,110.0104,24.7416,33.4797,148.5406,96.2707,120.6718,HIGH
office_posture,ap_3_2240,135.5886,75.1071,29.7503,81.9461,99.7775,68.2695,HIGH
office_posture,ap_3_2490,135.3484,74.9417,29.716,82.0535,99.9058,68.74,HIGH
office_posture,ap_3_250,149.8879,81.5665,44.2631,91.7656,95.8223,63.4874,HIGH
office_posture,ap_3_2740,135.9309,74.7759,29.2775,81.9133,99.7777,67.8401,HIGH
office_posture,ap_3_2990,136.753,75.3541,29.7713,82.9199,99.7251,67.0559,HIGH
office_posture,ap_3_3240,136.1797,75.0631,30.1404,81.6574,99.7701,67.9082,HIGH
office_posture,ap_3_33933,169.6702,88.0645,88.4699,126.2103,63.5399,37.5327,HIGH
office_posture,ap_3_34183,154.033,87.214,81.0819,113.326,98.6473,56.1255,HIGH
office_posture,ap_3_34433,164.021,91.3466,88.2749,134.0268,70.7938,26.1584,HIGH
office_posture,ap_3_34683,157.8884,88.4598,84.96,113.4208,98.5075,58.6665,HIGH
office_posture,ap_3_3490,135.7104,74.8963,29.5517,81.7975,99.7703,68.3012,HIGH
office_posture,ap_3_3740,134.8561,74.272,28.3272,81.393,99.6582,68.4249,HIGH
office_posture,ap_3_3990,135.3902,74.8334,29.4546,81.882,99.8643,68.666,HIGH
office_posture,ap_3_4240,136.0527,75.1826,29.7006,82.6396,99.8671,67.9524,HIGH
office_posture,ap_3_4490,136.1134,74.2277,29.2276,80.5581,99.7223,68.3643,HIGH
office_posture,ap_3_4740,136.1482,74.2837,29.1103,80.974,99.6505,68.1578,HIGH
office_posture,ap_3_4990,134.2889,71.3344,24.9204,75.9342,97.8907,68.7959,HIGH
office_posture,ap_3_500,153.5187,84.1662,49.0856,92.8089,92.7085,61.8718,HIGH
office_posture,ap_3_5240,135.2142,73.1194,27.5801,79.3772,99.1133,68.5012,HIGH
office_posture,ap_3_5490,135.8625,74.6073,29.4537,81.7608,99.7896,68.3639,HIGH
office_posture,ap_3_55328,156.3564,69.2406,43.5045,65.404,62.7729,70.2547,HIGH
office_posture,ap_3_55578,115.1287,59.3489,3.2309,60.3017,5.1978,93.1062,HIGH
office_posture,ap_3_55828,142.369,71.9566,43.3428,73.5174,84.9414,75.5907,HIGH
office_posture,ap_3_56078,141.4731,71.4923,43.0288,73.5343,85.2358,75.6892,HIGH
office_posture,ap_3_56328,141.5227,69.5378,41.7025,72.9426,84.6768,75.4516,HIGH
office_posture,ap_3_56578,57.9872,70.659,19.5284,144.083,95.2387,209.4904,HIGH
office_posture,ap_3_56828,139.5208,76.2741,40.4739,86.2402,99.7085,72.7387,HIGH
office_posture,ap_3_57078,138.1982,76.7743,39.8714,87.1968,99.9597,72.776,HIGH
office_posture,ap_3_57328,136.5662,77.0481,39.3315,86.4698,99.9375,73.4633,HIGH
office_posture,ap_3_5740,142.429,72.3294,28.8844,74.2342,92.3302,61.8934,HIGH
office_posture,ap_3_57578,138.3615,76.174,39.2702,86.0734,99.9422,72.8941,HIGH
office_posture,ap_3_57828,138.1296,77.2691,39.6759,87.5436,99.9146,72.6778,HIGH
office_posture,ap_3_58078,136.2833,78.1983,39.7885,88.489,99.7787,73.2098,HIGH
office_posture,ap_3_58328,137.2087,78.2088,39.8294,88.1624,99.9207,72.8061,HIGH
office_posture,ap_3_58578,104.578,62.1026,19.6883,62.6248,11.5852,103.0623,HIGH
office_posture,ap_3_58828,103.033,62.7292,21.9132,63.6241,11.6673,104.8145,HIGH
office_posture,ap_3_59078,131.426,79.0036,41.451,89.7791,98.2703,76.7688,HIGH
office_posture,ap_3_59328,131.9743,78.0199,41.2711,89.1042,98.1448,76.4349,HIGH
office_posture,ap_3_59578,145.8468,76.9563,42.0538,85.2467,99.797,73.2822,HIGH
office_posture,ap_3_59828,143.0111,77.7049,42.5169,88.1789,98.2493,75.125,HIGH
office_posture,ap_3_5990,143.0429,72.6394,29.3747,74.5303,92.7751,61.4422,HIGH
office_posture,ap_3_60078,134.8411,77.8439,41.3968,88.2248,98.4866,75.442,HIGH
office_posture,ap_3_60328,151.5951,69.6733,38.1831,71.6511,99.103,68.4037,HIGH
office_posture,ap_3_60578,136.6228,78.9448,42.4844,79.7737,79.6865,77.1323,HIGH
office_posture,ap_3_61530,82.4889,148.7703,8.6499,105.3229,42.5094,434.359,HIGH
office_posture,ap_3_61780,105.786,141.9209,38.3152,117.8293,67.1198,211.4392,HIGH
office_posture,ap_3_62030,115.8147,70.3896,8.6878,104.1682,73.791,83.1274,HIGH
office_posture,ap_3_62280,105.6869,60.0292,43.4045,83.4024,22.8968,130.9553,HIGH
office_posture,ap_3_6240,143.1599,72.8406,29.3802,74.5689,92.2725,61.0211,HIGH
office_posture,ap_3_62530,102.9299,61.166,40.019,93.2475,34.0353,140.4155,HIGH
office_posture,ap_3_62780,82.6173,69.3667,66.7638,81.9244,5.9702,234.6994,HIGH
office_posture,ap_3_63030,132.4573,41.7364,4.6162,16.9331,89.8704,76.7487,HIGH
office_posture,ap_3_63280,15.1422,144.2536,30.9679,134.0278,93.9972,277.9854,HIGH
office_posture,ap_3_63530,54.6147,91.6741,29.1791,151.5846,99.749,181.2937,HIGH
office_posture,ap_3_63780,80.4718,84.5569,30.9398,168.3123,94.3821,125.4732,HIGH
office_posture,ap_3_64030,14.668,85.016,31.9746,168.8612,94.4026,256.7262,HIGH
office_posture,ap_3_64280,73.783,80.996,32.3152,161.969,95.4838,152.7227,HIGH
office_posture,ap_3_64334,120.983,33.3949,20.3063,95.9094,99.9995,102.9524,HIGH
office_posture,ap_3_64416,119.6317,10.8449,31.299,16.3292,93.7236,56.0201,HIGH
office_posture,ap_3_64666,156.6698,13.7619,24.141,58.3322,42.2824,103.6381,HIGH
office_posture,ap_3_6490,135.8602,74.9408,29.8311,82.2996,99.7806,68.3531,HIGH
office_posture,ap_3_64916,158.039,12.6436,20.2126,56.4159,38.6656,103.8167,HIGH
office_posture,ap_3_65166,142.799,71.1632,65.3716,49.3022,21.3992,80.6151,HIGH
office_posture,ap_3_65416,148.3944,56.8632,38.7959,45.387,99.9836,63.9171,HIGH
office_posture,ap_3_65666,115.6297,2.2858,8.7731,39.022,9.9879,136.5285,HIGH
office_posture,ap_3_65916,159.6052,64.1889,37.1029,64.4177,99.9578,68.5534,HIGH
office_posture,ap_3_66166,141.5093,53.0949,25.7955,46.4234,50.5589,66.6936,HIGH
office_posture,ap_3_66416,158.6145,65.05,37.4159,65.2002,99.9295,68.7251,HIGH
office_posture,ap_3_66666,143.4028,54.99,37.7848,39.6572,73.2969,67.8649,HIGH
office_posture,ap_3_66916,36.803,71.0842,37.2126,68.6045,97.1924,99.6834,HIGH
office_posture,ap_3_67166,152.022,74.8128,64.3295,69.1015,65.544,77.0999,HIGH
office_posture,ap_3_6740,135.8545,74.2821,29.4161,81.4261,99.7966,68.6425,HIGH
office_posture,ap_3_67416,172.9647,48.5407,38.1986,43.139,55.5927,56.7459,HIGH
office_posture,ap_3_67666,175.8446,64.6214,58.2493,62.2805,95.2857,59.9214,HIGH
office_posture,ap_3_67916,157.3515,46.8665,31.3403,42.9234,33.411,57.4749,HIGH
office_posture,ap_3_68166,173.9129,48.6514,38.6385,43.2351,55.4213,56.485,HIGH
office_posture,ap_3_68416,176.3274,47.2739,35.7504,42.4848,52.607,55.8939,HIGH
office_posture,ap_3_68666,176.9657,64.4482,60.6194,60.2542,82.2353,60.0504,HIGH
office_posture,ap_3_68916,9.2192,71.9007,38.6623,72.4941,96.6662,101.2348,HIGH
office_posture,ap_3_69166,114.0657,71.5615,38.4892,71.6552,99.863,89.3473,HIGH
office_posture,ap_3_69416,147.7288,65.2149,23.3139,63.2253,95.7785,66.749,HIGH
office_posture,ap_3_69666,114.9264,58.2873,10.5564,55.6493,64.2112,92.1544,HIGH
office_posture,ap_3_6990,137.1369,74.4414,29.7349,80.5826,99.7668,67.5288,HIGH
office_posture,ap_3_69916,136.5452,71.7964,34.972,67.4104,74.7298,73.4282,HIGH
office_posture,ap_3_70166,130.7203,0.9077,8.6153,44.7812,5.1483,177.684,HIGH
office_posture,ap_3_70416,108.0988,46.1973,11.4865,33.9569,56.4942,114.731,HIGH
office_posture,ap_3_70666,128.2503,43.8013,6.524,30.3921,60.007,82.8545,HIGH
office_posture,ap_3_70916,9.8767,71.8775,39.9712,69.2941,95.8708,99.5722,HIGH
office_posture,ap_3_71166,129.6247,75.7441,38.2382,75.7202,97.7381,82.3579,HIGH
office_posture,ap_3_71416,127.797,68.7793,29.3062,66.4774,97.2676,80.4222,HIGH
office_posture,ap_3_71666,20.5143,64.4214,37.253,61.9036,96.4896,94.7682,HIGH
office_posture,ap_3_71916,28.6467,64.6506,37.613,62.071,96.3111,94.0858,HIGH
office_posture,ap_3_72166,28.0751,64.6019,37.6592,62.4254,96.5001,94.2681,HIGH
office_posture,ap_3_7240,135.9338,74.733,29.4928,82.3356,99.874,68.3298,HIGH
office_posture,ap_3_72416,27.0564,65.1178,37.9336,63.6433,96.4977,94.8343,HIGH
office_posture,ap_3_72666,151.8309,75.8042,45.9006,78.6081,99.971,72.578,HIGH
office_posture,ap_3_72916,70.0029,71.4057,42.1863,70.164,94.2705,97.8406,HIGH
office_posture,ap_3_73166,150.8818,71.6498,41.6721,72.8941,99.7211,90.7545,HIGH
office_posture,ap_3_73416,165.204,70.9392,40.2977,70.9465,99.9066,90.0749,HIGH
office_posture,ap_3_73666,26.5415,69.4851,40.0111,67.2188,95.4122,97.0836,HIGH
office_posture,ap_3_73916,27.7168,65.5729,38.7483,63.6201,95.9876,95.2347,HIGH
office_posture,ap_3_74166,42.0284,66.2573,38.8542,63.7476,96.0257,95.0948,HIGH
office_posture,ap_3_74416,121.5092,67.1705,38.6379,67.6259,99.9883,88.5875,HIGH
office_posture,ap_3_74666,36.3621,65.7832,38.7487,63.7042,95.8288,95.1463,HIGH
office_posture,ap_3_7490,137.2481,74.8206,29.7182,81.6384,99.7083,66.9691,HIGH
office_posture,ap_3_74916,108.892,66.207,38.4936,66.169,99.9701,88.0937,HIGH
office_posture,ap_3_750,160.0918,84.7623,48.2958,90.84,99.8647,55.6479,HIGH
office_posture,ap_3_75166,112.8804,66.0324,38.3886,65.6593,99.9996,87.5891,HIGH
office_posture,ap_3_75416,29.9797,58.9623,38.0773,54.1152,93.1286,88.2346,HIGH
office_posture,ap_3_75666,38.8077,59.2636,38.5702,54.9371,93.3749,87.7174,HIGH
office_posture,ap_3_75916,81.5501,39.6464,13.1278,32.5196,38.9664,102.4483,HIGH
office_posture,ap_3_76166,140.8469,55.092,40.5374,32.9733,2.8299,65.6272,HIGH
office_posture,ap_3_76416,175.761,71.4837,37.8489,69.7202,99.2849,85.9326,HIGH
office_posture,ap_3_76666,115.9657,60.364,25.5757,55.3032,48.8777,88.6069,HIGH
office_posture,ap_3_76916,156.3432,51.261,23.5451,47.406,17.8823,66.3816,HIGH
office_posture,ap_3_77166,118.8686,58.8705,25.4223,56.8598,43.1874,86.502,HIGH
office_posture,ap_3_7740,130.2366,74.9749,29.7334,86.6219,99.2389,73.234,HIGH
office_posture,ap_3_77416,117.1325,54.2315,25.0783,48.7043,38.8615,84.9375,HIGH
office_posture,ap_3_77666,139.5764,67.3778,23.3097,65.4645,97.7941,68.8574,HIGH
office_posture,ap_3_77916,166.7517,49.5501,30.4269,46.5822,28.7713,63.6727,HIGH
office_posture,ap_3_78166,153.2549,50.2613,28.3191,44.6001,13.4249,63.5494,HIGH
office_posture,ap_3_78574,106.6659,71.0605,16.8087,70.0188,6.689,97.1535,HIGH
office_posture,ap_3_78824,121.3552,55.2204,12.1937,57.6537,13.8384,86.4492,HIGH
office_posture,ap_3_79694,121.0919,34.9634,2.6277,9.5822,90.6798,125.4238,HIGH
office_posture,ap_3_7990,159.6197,88.7958,51.8473,96.7178,98.8062,55.052,HIGH
office_posture,ap_3_79944,105.3636,66.4041,3.5973,147.528,99.1837,107.985,HIGH
office_posture,ap_3_80194,64.3856,88.5634,37.3478,173.9524,86.5983,171.9224,HIGH
office_posture,ap_3_80444,106.1462,67.6347,36.8798,76.4589,32.1622,103.6296,HIGH
office_posture,ap_3_80694,138.1689,9.2097,6.7943,81.3153,21.2568,125.5218,HIGH
office_posture,ap_3_80944,123.0909,6.581,35.5725,86.7301,94.4476,183.2292,HIGH
office_posture,ap_3_81194,130.2267,36.6841,7.5849,3.3128,65.866,81.6311,HIGH
office_posture,ap_3_81444,109.0178,13.8929,8.0619,32.7047,50.9057,82.1624,HIGH
office_posture,ap_3_81694,134.4182,175.9242,143.4517,152.4729,93.9858,46.8881,HIGH
office_posture,ap_3_81918,114.0454,66.4031,8.8157,69.7908,2.4134,91.3876,HIGH
office_posture,ap_3_82139,136.4092,23.6928,39.1849,72.7886,28.6978,152.9737,HIGH
office_posture,ap_3_82389,118.8868,1.693,36.4974,112.6255,99.966,171.6024,HIGH
office_posture,ap_3_8240,158.9542,88.8731,51.5213,96.9633,99.0041,55.0009,HIGH
office_posture,ap_3_82639,84.426,21.7055,41.9118,125.933,99.2495,557.8983,HIGH
office_posture,ap_3_82889,79.1688,6.3444,37.5262,121.857,98.4922,493.3981,HIGH
office_posture,ap_3_83139,88.8475,13.2813,40.3054,119.2325,99.6962,340.223,HIGH
office_posture,ap_3_83389,134.1087,59.6185,14.7973,69.2863,4.8668,68.8554,HIGH
office_posture,ap_3_83639,114.8387,13.9154,10.6192,71.5331,6.6806,165.7887,HIGH
office_posture,ap_3_83889,65.5065,66.1732,0.5592,79.855,75.1066,158.342,HIGH
office_posture,ap_3_84139,111.8778,21.9221,22.2109,107.6087,88.7127,231.5876,HIGH
office_posture,ap_3_84389,113.7285,176.779,146.4394,167.4631,99.7764,35.1485,HIGH
office_posture,ap_3_84639,90.186,40.79,29.1188,13.1842,18.9073,176.2534,HIGH
office_posture,ap_3_84889,133.6052,25.7651,33.8243,75.3021,29.9968,210.1675,HIGH
office_posture,ap_3_8490,158.7156,89.246,51.6929,97.5447,99.1125,54.8,HIGH
office_posture,ap_3_85139,123.8641,51.392,1.9754,49.0098,7.5135,84.7194,HIGH
office_posture,ap_3_85389,135.0822,73.3918,55.3901,21.5627,15.1996,72.6505,HIGH
office_posture,ap_3_85639,94.1906,19.5489,14.4821,56.3748,12.735,115.3105,HIGH
office_posture,ap_3_85889,112.2733,47.0843,1.3733,0.1291,19.0861,107.8336,HIGH
office_posture,ap_3_86139,134.6288,10.4754,7.5945,63.6916,19.9084,103.066,HIGH
office_posture,ap_3_86389,139.8067,39.1576,37.7795,94.6101,69.9649,243.6106,HIGH
office_posture,ap_3_86639,103.8365,47.9129,3.9876,72.7201,63.7433,137.972,HIGH
office_posture,ap_3_86889,118.3178,30.7867,32.0083,1.8871,18.5528,120.4027,HIGH
office_posture,ap_3_87139,107.0962,53.5348,0.8149,10.6855,99.9962,114.0868,HIGH
office_posture,ap_3_87389,109.4703,64.6811,8.9008,93.7108,99.3144,99.8002,HIGH
office_posture,ap_3_8740,158.5939,88.1651,50.613,96.2391,99.1799,55.3327,HIGH
office_posture,ap_3_87639,103.9427,6.2948,38.0703,68.4616,47.9131,252.2644,HIGH
office_posture,ap_3_87889,120.7258,7.3563,3.8488,69.0895,9.4249,149.463,HIGH
office_posture,ap_3_8990,143.1911,73.7592,30.3799,76.1796,93.4409,60.9068,HIGH
office_posture,ap_3_9240,127.3495,74.3453,33.8017,75.6339,93.5301,78.3227,HIGH
office_posture,ap_3_9490,159.9881,87.7667,51.6015,95.7641,98.87,55.8174,HIGH
office_posture,ap_3_9740,137.2646,75.3013,31.692,82.4182,99.9836,68.3932,HIGH
office_posture,ap_3_9990,120.1156,16.2811,24.9674,80.5722,99.783,130.9011,HIGH
office_posture,ap_4_11490,112.2785,88.4605,24.1375,134.7434,99.035,74.7023,HIGH
office_posture,ap_4_11740,137.2866,68.009,25.0353,69.263,94.8309,68.9688,HIGH
office_posture,ap_4_14240,128.0171,76.4615,21.3952,125.4882,98.8947,71.6206,LOW
office_posture,ap_4_14490,116.0269,79.2005,23.2182,138.5284,97.7733,80.0759,HIGH
office_posture,ap_4_14740,98.4646,73.2483,4.7469,138.4315,99.9232,108.268,HIGH
office_posture,ap_4_14990,136.1447,74.1706,17.8653,94.6898,92.7442,61.4218,HIGH
office_posture,ap_4_1500,130.469,46.8208,26.161,74.3179,57.1147,77.3285,HIGH
office_posture,ap_4_15240,120.3899,72.7623,18.9039,101.9855,99.9996,81.0822,HIGH
office_posture,ap_4_15490,121.4654,75.5255,21.456,104.1686,99.992,81.3027,HIGH
office_posture,ap_4_15740,120.2356,75.7335,20.6656,107.7011,99.9958,81.8485,HIGH
office_posture,ap_4_15990,118.9697,75.3447,20.5202,107.6428,99.9932,83.1354,HIGH
office_posture,ap_4_16240,119.3512,74.8159,20.3388,105.7429,99.9935,82.9583,HIGH
office_posture,ap_4_16490,119.2472,75.2933,20.0987,108.7403,99.9996,82.5741,HIGH
office_posture,ap_4_16740,119.8348,75.7515,20.6925,109.2178,99.9998,81.8072,HIGH
office_posture,ap_4_16990,118.5147,76.42,21.2097,111.5581,99.9852,82.7846,HIGH
office_posture,ap_4_17240,118.0605,75.7954,20.0082,111.0895,99.9939,83.0576,HIGH
office_posture,ap_4_17490,119.0947,74.0113,18.9472,108.0401,99.9678,83.027,HIGH
office_posture,ap_4_1750,120.0037,49.7944,17.1116,67.1953,60.2207,93.0129,HIGH
office_posture,ap_4_17740,119.6732,77.5101,22.0929,114.9687,99.9994,81.0823,HIGH
office_posture,ap_4_17990,119.2665,76.7959,21.272,112.1276,99.9994,82.1205,HIGH
office_posture,ap_4_18240,119.3673,75.3027,20.5484,107.3018,99.9991,82.6745,HIGH
office_posture,ap_4_18490,118.523,76.8159,22.0253,120.1931,98.7766,82.4975,HIGH
office_posture,ap_4_18740,119.2171,76.8611,20.5314,112.8263,99.9719,81.6002,HIGH
office_posture,ap_4_18990,119.1715,76.8177,21.4244,112.0396,99.9946,82.1842,HIGH
office_posture,ap_4_19240,118.5645,75.8708,20.7583,109.2561,99.9939,83.3196,HIGH
office_posture,ap_4_19490,118.7566,77.6483,21.5942,114.7867,99.9994,82.1398,HIGH
office_posture,ap_4_19740,118.3047,77.1354,20.2019,113.768,99.9264,82.471,HIGH
office_posture,ap_4_19990,117.0471,83.5631,24.1425,111.8774,99.9292,78.5271,HIGH
office_posture,ap_4_20240,117.5309,83.493,22.0599,113.3382,99.8698,76.0274,HIGH
office_posture,ap_4_20490,114.3854,85.6701,22.6926,120.3587,100.0,76.6797,HIGH
office_posture,ap_4_20740,115.0223,83.6969,21.2914,116.2271,99.9518,77.9812,HIGH
office_posture,ap_4_20990,117.6465,82.9933,21.7836,112.7085,99.8717,75.8071,HIGH
office_posture,ap_4_21240,118.0343,82.8182,21.7581,111.8908,99.8342,75.7963,HIGH
office_posture,ap_4_21490,117.7438,82.7431,21.627,112.1406,99.8679,76.174,HIGH
office_posture,ap_4_21740,117.3372,82.7836,21.2777,111.9574,99.7903,76.8604,HIGH
office_posture,ap_4_21990,118.6165,77.0827,22.2532,109.5323,99.9999,82.5031,HIGH
office_posture,ap_4_22240,118.0499,75.2735,19.6992,104.7005,99.8761,83.6172,HIGH
office_posture,ap_4_22490,123.3605,76.4064,20.331,109.5969,100.0,76.6181,HIGH
office_posture,ap_4_2250,118.6404,51.0536,17.0385,68.752,59.7607,94.4239,HIGH
office_posture,ap_4_22740,127.1946,74.7008,23.5307,96.0325,95.7191,68.2441,HIGH
office_posture,ap_4_22990,124.6581,76.4387,22.0345,108.7478,99.9848,76.6388,HIGH
office_posture,ap_4_23240,121.4763,73.9072,16.1154,102.6217,99.0593,79.2755,HIGH
office_posture,ap_4_23490,121.8018,76.0882,24.1769,111.4109,99.7711,74.6974,HIGH
office_posture,ap_4_23740,120.7513,72.7432,20.3487,100.1509,99.9995,82.6159,HIGH
office_posture,ap_4_23990,119.4599,71.8578,18.9958,96.3827,99.9702,84.2412,HIGH
office_posture,ap_4_24240,118.5552,74.2547,20.1104,104.0076,99.9747,82.6379,HIGH
office_posture,ap_4_24490,121.6863,73.5967,20.4668,99.6005,99.9943,81.6394,HIGH
office_posture,ap_4_24740,117.3463,71.3108,14.2398,94.6753,98.7001,85.792,HIGH
office_posture,ap_4_24990,128.2304,73.5698,24.0682,100.6978,99.8399,70.2403,HIGH
office_posture,ap_4_25240,129.2797,70.263,21.9128,91.4888,99.9648,71.2467,HIGH
office_posture,ap_4_25490,131.0738,72.9055,21.8092,91.4659,97.4265,66.7743,HIGH
office_posture,ap_4_25740,130.044,72.8854,20.7824,95.6792,99.1416,67.0625,HIGH
office_posture,ap_4_25990,122.5802,71.3753,20.6492,95.5415,99.9999,82.2295,HIGH
office_posture,ap_4_26240,119.3863,74.1022,19.9891,102.6435,99.9994,83.2378,HIGH
office_posture,ap_4_26490,108.1298,70.8014,3.3852,96.5856,92.2659,95.6993,HIGH
office_posture,ap_4_26740,128.3999,76.3499,21.1252,118.9387,99.4733,72.1081,HIGH
office_posture,ap_4_26990,106.3399,71.8358,0.0515,99.8605,88.6265,97.1555,HIGH
office_posture,ap_4_27240,107.4665,71.7628,1.5481,108.2977,90.3897,95.9463,HIGH
office_posture,ap_4_27490,106.4482,72.2602,1.2521,109.4661,90.1271,96.8726,HIGH
office_posture,ap_4_2750,118.8533,51.1769,15.3999,68.0207,61.6526,93.64,HIGH
office_posture,ap_4_27740,128.6644,71.7966,23.373,92.7463,99.4982,69.4679,HIGH
office_posture,ap_4_27990,118.9288,77.0548,22.3159,113.0796,99.9994,82.2234,HIGH
office_posture,ap_4_28240,119.6966,76.3724,21.7759,111.0758,99.9936,81.5811,HIGH
office_posture,ap_4_28490,120.0512,74.7681,20.8247,104.9274,99.9827,82.513,HIGH
office_posture,ap_4_28740,115.9772,71.8706,14.5185,98.4073,98.5419,86.6837,HIGH
office_posture,ap_4_28990,128.4292,74.046,22.0464,96.543,97.0168,67.549,HIGH
office_posture,ap_4_29240,132.497,74.2984,22.5691,93.1353,88.8325,62.9046,HIGH
office_posture,ap_4_29490,128.7266,73.4267,23.8612,96.2246,98.9169,68.0962,HIGH
office_posture,ap_4_29740,129.4059,73.4492,23.6058,92.953,95.7984,67.0968,HIGH
office_posture,ap_4_29990,118.7309,80.041,27.0703,112.2393,99.9354,82.4769,HIGH
office_posture,ap_4_30240,102.128,71.5362,6.2617,109.2979,98.3078,102.7384,HIGH
office_posture,ap_4_30490,108.8916,71.057,3.8386,98.5735,90.8288,94.6477,HIGH
office_posture,ap_4_30740,109.4082,71.6591,6.8861,99.3608,93.4639,93.6372,HIGH
office_posture,ap_4_30990,109.8646,70.8738,5.1843,97.8593,91.8971,93.5766,HIGH
office_posture,ap_4_31240,106.8158,72.2662,13.8862,108.7968,99.9952,96.256,HIGH
office_posture,ap_4_31490,110.8307,70.8054,6.7638,96.0961,93.3058,92.5154,HIGH
office_posture,ap_4_31740,110.0974,70.7778,5.6326,95.8031,92.6326,93.3931,HIGH
office_posture,ap_4_31990,116.4437,72.5511,15.6334,97.2123,98.8833,86.1218,HIGH
office_posture,ap_4_32240,110.249,71.802,6.8933,99.3236,92.7588,92.5209,HIGH
office_posture,ap_4_32490,110.9427,71.6042,6.5907,99.0555,92.2688,91.8301,HIGH
office_posture,ap_4_3250,97.4979,40.3208,69.4427,62.5656,7.9331,199.1298,HIGH
office_posture,ap_4_32740,113.7983,73.847,15.0342,102.5063,98.5249,87.8012,HIGH
office_posture,ap_4_32990,106.2908,73.7707,14.5964,111.6353,99.9943,95.9478,HIGH
office_posture,ap_4_33240,106.9603,86.3471,20.8141,136.303,98.8337,83.0595,HIGH
office_posture,ap_4_33490,115.6141,80.576,17.2131,109.6175,99.0295,78.6221,HIGH
office_posture,ap_4_33740,113.7476,82.5937,16.7588,114.1111,98.8522,78.8491,HIGH
office_posture,ap_4_33990,115.6788,85.2492,21.3003,117.1503,99.5389,74.2367,HIGH
office_posture,ap_4_34240,115.5461,84.2762,22.6911,116.7749,99.8661,78.207,HIGH
office_posture,ap_4_34490,122.3977,76.4651,21.034,106.2508,99.5475,79.4293,HIGH
office_posture,ap_4_34740,122.1283,75.0037,20.0953,101.3142,99.5456,80.6357,HIGH
office_posture,ap_4_34990,122.08,75.446,20.4372,102.7718,99.5654,80.3458,HIGH
office_posture,ap_4_35240,121.0834,75.6731,22.2842,106.0987,99.9999,81.6095,HIGH
office_posture,ap_4_35490,122.2354,75.6528,20.8586,102.3899,99.7365,80.3053,HIGH
office_posture,ap_4_35740,120.1794,75.7281,21.3633,104.2298,99.9946,82.2153,HIGH
office_posture,ap_4_35990,120.5517,75.6337,21.8608,103.8279,99.9934,82.1715,HIGH
office_posture,ap_4_36240,120.9737,75.6847,21.7442,104.422,99.9996,81.5089,HIGH
office_posture,ap_4_36490,111.5038,79.3071,16.9879,125.286,99.9613,86.6787,HIGH
office_posture,ap_4_36740,120.7075,77.0044,17.8226,107.2336,99.5421,80.4936,HIGH
office_posture,ap_4_36990,108.4379,71.9393,4.9812,101.362,89.9961,94.5974,HIGH
office_posture,ap_4_37240,99.9343,72.5554,5.7171,114.7142,98.0401,105.4284,HIGH
office_posture,ap_4_37490,89.23,71.6968,7.7884,143.4862,99.5971,121.7753,HIGH
office_posture,ap_4_37740,108.9289,72.3463,7.1445,101.8343,93.0669,93.7365,HIGH
office_posture,ap_4_37990,112.9427,74.0123,14.8028,104.095,98.0603,88.5447,HIGH
office_posture,ap_4_38240,91.9714,71.6344,7.7288,136.4736,99.8122,117.0324,HIGH
office_posture,ap_4_38490,101.9755,71.6259,6.9223,110.8028,98.7891,102.9772,HIGH
office_posture,ap_4_38740,51.5109,70.7039,18.4366,114.8581,98.2439,126.6621,HIGH
office_posture,ap_4_38990,50.3955,70.9887,19.1478,114.0182,97.9608,126.8045,HIGH
office_posture,ap_4_39240,107.4468,72.4228,19.0346,118.461,98.6045,95.4444,HIGH
office_posture,ap_4_39490,109.0403,70.9303,19.3716,110.0954,98.117,94.5372,HIGH
office_posture,ap_4_39740,108.3862,70.5232,18.5753,109.3043,98.2384,95.2182,HIGH
office_posture,ap_4_39990,111.288,71.5159,19.1431,116.1923,98.0156,92.3674,HIGH
office_posture,ap_4_40240,118.4995,83.5734,22.6769,113.7399,99.9034,75.9114,HIGH
office_posture,ap_4_40490,118.2972,83.7531,22.8926,113.1579,99.8389,75.7387,HIGH
office_posture,ap_4_40740,120.5899,82.9994,23.2434,110.0286,99.9538,73.3641,HIGH
office_posture,ap_4_40990,133.0401,82.2922,27.4391,144.4908,94.4883,66.313,HIGH
office_posture,ap_4_41240,95.3551,83.2128,3.8307,143.7843,99.4707,101.0397,HIGH
office_posture,ap_4_41490,115.6934,81.8773,22.805,148.7374,97.401,79.6926,HIGH
office_posture,ap_4_41740,113.5735,80.1554,19.3266,146.4297,98.0051,82.8479,HIGH
office_posture,ap_4_41990,120.7225,90.7843,23.9653,143.9773,98.1159,51.5363,HIGH
office_posture,ap_4_42240,112.3262,103.1864,24.0099,153.7353,99.3212,45.4936,HIGH
office_posture,ap_4_42490,115.4675,103.5895,27.9407,153.4529,98.3319,51.965,HIGH
office_posture,ap_4_42740,114.844,103.2827,27.3105,153.9599,98.3331,51.586,HIGH
office_posture,ap_4_42990,105.3292,99.8114,24.8667,174.0149,93.9724,49.8613,HIGH
office_posture,ap_4_43240,109.57,91.1673,24.6071,172.0022,91.9347,62.265,HIGH
office_posture,ap_4_43490,89.6517,84.8649,31.3811,111.4049,98.7343,104.4813,HIGH
office_posture,ap_4_43740,67.9377,78.2621,26.6477,120.728,96.5736,115.5707,HIGH
office_posture,ap_4_43990,117.2059,89.7412,17.6664,135.5262,99.8587,67.6628,HIGH
office_posture,ap_4_44240,103.989,94.1341,18.269,154.462,99.1214,78.0,HIGH
office_posture,ap_4_44490,98.9915,94.6393,18.3809,161.3897,96.9178,81.8163,HIGH
office_posture,ap_4_44740,98.3416,94.031,17.4237,161.863,97.2417,82.3523,HIGH
office_posture,ap_4_44990,99.8612,93.6604,17.5671,160.1623,97.4755,81.1767,HIGH
office_posture,ap_4_45240,121.8444,99.5354,21.8368,145.0009,99.9552,58.3758,HIGH
office_posture,ap_4_45490,101.8048,96.2132,22.3377,176.2695,92.9305,74.3453,HIGH
office_posture,ap_4_45740,96.0021,78.7938,6.0678,171.784,97.6642,105.8382,HIGH
office_posture,ap_4_45990,76.2278,89.2517,4.8419,161.0909,99.9921,117.6661,HIGH
office_posture,ap_4_46490,88.6147,84.1319,0.6724,170.7946,98.8394,108.2928,HIGH
office_posture,ap_4_46740,22.4937,103.2394,21.5114,158.3312,98.7809,145.3285,HIGH
office_posture,ap_4_46990,107.6279,101.4291,20.7229,156.3176,98.6992,55.9206,HIGH
office_posture,ap_4_48240,84.4341,83.8286,3.7734,173.9233,98.081,114.8539,HIGH
office_posture,ap_4_49490,138.0384,79.4513,28.6061,81.4095,53.0203,67.4297,HIGH
office_posture,ap_4_49740,123.5379,90.2163,21.8916,126.235,99.4989,21.7219,HIGH
office_posture,ap_4_49990,89.2004,90.0373,12.1218,175.3547,99.303,101.7234,HIGH
office_posture,ap_4_5000,151.8935,74.341,37.5714,79.2641,58.3782,58.8384,HIGH
office_posture,ap_4_50740,106.9988,104.3454,21.3961,156.522,99.3737,35.5943,HIGH
office_posture,ap_4_51240,117.5914,84.47,32.7813,173.537,85.5557,74.9153,HIGH
office_posture,ap_4_51740,124.8071,86.7199,28.0972,117.014,94.2607,64.5643,HIGH
office_posture,ap_4_5346,118.4996,43.5303,19.5248,37.9575,28.3526,85.201,HIGH
office_posture,ap_4_5596,154.2159,66.7385,32.3601,64.4859,30.1102,71.5311,HIGH
office_posture,ap_4_56490,112.0619,77.2609,4.8202,172.9337,98.5539,89.0742,HIGH
office_posture,ap_4_57240,130.3946,96.8438,28.3149,138.1571,99.99,49.4621,HIGH
office_posture,ap_4_5740,122.4873,66.3787,14.5471,101.7137,64.1428,79.1974,HIGH
office_posture,ap_4_57990,130.4015,93.7967,25.7722,142.6158,99.7742,50.3433,HIGH
office_posture,ap_4_59490,126.8779,86.9922,27.2026,126.7994,98.6786,65.0524,HIGH
office_posture,ap_4_5990,144.1423,58.5387,21.0958,49.8275,13.1602,52.1545,LOW
office_posture,ap_4_60740,110.4387,83.6743,6.0571,167.2296,99.7873,82.3141,HIGH
office_posture,ap_4_61740,136.0117,79.6819,22.4998,138.4336,98.2925,62.158,HIGH
office_posture,ap_4_61990,128.0495,71.7894,4.7421,122.7853,98.9103,71.5091,HIGH
office_posture,ap_4_6240,117.2503,77.0349,23.4125,149.3817,95.395,81.3699,HIGH
office_posture,ap_4_62740,129.6522,75.369,24.5842,86.3302,82.1595,73.4368,HIGH
office_posture,ap_4_62990,123.3708,90.1822,26.9725,144.627,98.3394,60.9387,HIGH
office_posture,ap_4_63490,126.8349,88.0885,22.1658,127.912,99.8329,60.6846,HIGH
office_posture,ap_4_64490,127.1408,84.6172,28.185,116.4078,97.0426,64.7768,HIGH
office_posture,ap_4_65240,144.3887,71.7634,22.8885,72.2934,99.6311,66.5677,HIGH
office_posture,ap_4_65490,74.6339,77.3637,18.4137,172.9927,93.9599,140.9455,HIGH
office_posture,ap_4_65740,100.4682,84.78,21.7263,157.9569,97.1969,93.1116,HIGH
office_posture,ap_4_65990,100.7031,78.0046,3.5756,121.2521,91.2644,99.6385,HIGH
office_posture,ap_4_66490,98.6615,76.3726,3.0611,126.1985,94.3955,104.2975,HIGH
office_posture,ap_4_66740,128.6441,101.4247,33.91,134.7232,98.1934,3.4385,HIGH
office_posture,ap_4_66990,104.7475,96.0578,25.7942,152.989,97.7972,67.4959,HIGH
office_posture,ap_4_67240,106.6061,106.9403,22.6729,158.3567,99.6054,40.4486,HIGH
office_posture,ap_4_6740,63.7637,83.5041,28.0239,128.2013,97.749,119.3398,HIGH
office_posture,ap_4_68990,132.9893,77.7827,22.5129,99.9799,87.832,58.2053,HIGH
office_posture,ap_4_69240,131.4934,74.2446,22.3887,118.3382,99.6285,66.2674,HIGH
office_posture,ap_4_69490,120.4146,82.2265,25.8761,173.5281,87.14,70.9293,HIGH
office_posture,ap_4_6990,71.9182,88.8182,28.6956,132.4391,98.723,115.6976,HIGH
office_posture,ap_4_70240,123.0879,82.7907,23.6963,131.287,99.9897,66.1163,HIGH
office_posture,ap_4_71490,95.3758,78.256,3.5898,170.4374,99.7647,107.288,HIGH
office_posture,ap_4_7240,142.229,74.4786,24.1374,86.493,77.4284,53.0999,HIGH
office_posture,ap_4_72490,92.8574,80.9011,10.7352,157.7627,92.8652,116.3085,HIGH
office_posture,ap_4_72740,106.6855,94.2444,20.2491,175.3179,94.6536,69.5274,HIGH
office_posture,ap_4_75740,116.1058,89.8355,23.9063,142.3117,98.3157,68.2418,HIGH
office_posture,ap_4_77990,97.945,73.8536,2.7659,127.3915,98.8808,106.4215,HIGH
office_posture,ap_4_78240,162.1721,47.5217,24.7209,21.379,67.3772,54.6684,HIGH
office_posture,ap_4_78490,120.0194,91.6325,27.2758,124.8626,99.9472,68.6406,HIGH
office_posture,ap_4_7990,132.7184,76.7494,21.8823,99.9266,92.8821,67.2277,LOW
office_posture,ap_4_80490,145.5331,61.5768,13.9495,61.2593,14.8557,55.9378,HIGH
office_posture,ap_4_80740,124.255,81.5326,27.2832,108.7409,95.4376,66.8087,HIGH
office_posture,ap_4_80990,134.2549,76.5264,26.4136,92.1465,81.2409,54.9418,HIGH
office_posture,ap_4_81240,107.1498,75.7702,6.5784,109.7892,92.5384,93.3611,HIGH
office_posture,ap_4_81490,126.5601,79.4418,24.1471,100.4566,86.8377,63.0701,HIGH
office_posture,ap_4_81740,128.6591,74.4254,20.8958,90.3266,81.3058,65.2453,HIGH
office_posture,ap_4_81990,113.9315,75.7198,9.1153,111.5026,97.0386,85.3613,HIGH
office_posture,ap_4_82240,126.4446,78.0001,15.4662,106.5804,93.9075,74.7371,HIGH
office_posture,ap_4_82990,107.8631,74.4718,1.946,121.579,95.7295,90.7628,HIGH
office_posture,ap_4_83240,130.2076,68.1257,22.3241,89.3628,99.9952,81.1631,HIGH
office_posture,ap_4_83740,118.4415,64.0457,13.6949,78.4236,98.3655,87.8814,HIGH
office_posture,ap_4_84490,123.3827,56.9488,2.7778,67.2736,71.8858,83.4444,HIGH
office_posture,ap_4_84740,89.3033,58.6967,1.2773,148.0623,98.1034,128.7707,HIGH
office_posture,ap_4_84990,120.7251,59.6522,4.7793,62.3083,79.0542,85.9139,HIGH
office_posture,ap_4_86240,138.501,51.783,4.4072,45.8721,47.724,68.1616,HIGH
office_posture,ap_4_86490,125.1128,63.0114,10.5298,74.1497,91.1232,83.7391,HIGH
office_posture,ap_4_87240,118.3775,62.1142,7.3177,73.5504,99.239,87.4779,HIGH
office_posture,ap_4_87740,114.8092,28.9716,3.5152,5.4935,90.2064,72.5709,HIGH
office_posture,ap_4_87990,77.1969,59.3767,4.6801,138.0617,94.1447,128.4193,HIGH
office_posture,ap_4_88240,95.2194,30.3581,50.743,157.8891,63.0799,529.0028,HIGH
office_posture,ap_4_88490,177.8638,65.4103,48.0206,130.9865,93.8039,414.1714,HIGH
office_posture,ap_4_88990,123.7824,62.8621,8.4603,76.5012,87.0954,83.0096,HIGH
office_posture,ap_4_89240,77.4868,73.5525,7.0201,171.7998,96.7795,137.1677,HIGH
office_posture,ap_4_89490,108.5452,71.0241,6.675,101.416,93.279,95.0455,HIGH
office_posture,ap_4_8990,115.502,79.0359,25.4709,147.9847,95.2839,80.7686,HIGH
office_posture,ap_4_90490,139.8073,42.7159,7.8765,22.4602,89.8337,63.7821,HIGH
office_posture,ap_4_90740,77.4091,60.8553,6.5591,147.0661,94.618,128.7506,HIGH
office_posture,ap_4_91240,85.8941,68.5338,3.0136,169.1357,99.5702,128.6081,HIGH
office_posture,ap_4_91740,97.6795,71.0118,9.5222,151.7038,99.059,109.7579,HIGH
office_posture,ap_4_92490,117.5055,44.3193,20.4374,13.9936,78.098,97.0228,HIGH
office_posture,ap_4_92990,83.23,38.2493,22.7578,51.9221,89.8692,182.0796,HIGH
office_posture,ap_4_93490,153.172,46.282,19.1434,38.8855,77.3067,13.5244,HIGH
office_posture,ap_4_93740,129.589,24.6458,33.901,99.4896,80.5862,141.8715,HIGH
office_posture,ap_4_93990,143.585,0.7239,35.4802,108.4298,85.2586,175.7173,HIGH
office_posture,ap_4_94240,102.8836,40.0347,9.1086,13.3057,95.5367,87.9097,HIGH
office_posture,ap_4_94490,89.1212,46.6718,7.4261,5.5007,98.3732,96.0317,HIGH
office_posture,ap_4_94740,121.7013,22.4176,32.0526,51.3131,73.4039,120.0416,HIGH
office_posture,ap_4_9490,126.2809,92.7362,28.1257,127.7385,98.912,49.0605,HIGH
office_posture,ap_4_94990,111.9762,0.9077,32.232,91.837,99.3679,169.6734,HIGH
office_posture,ap_4_9740,112.4626,85.8188,19.7075,127.9657,99.8069,74.9255,HIGH
office_posture,ap_4_9990,121.3443,74.3909,17.4553,124.6989,99.4704,77.9187,LOW
office_posture,gc_1_0,38.7726,179.6401,67.252,151.2041,64.3119,70.951,HIGH
office_posture,gc_1_100,35.1712,178.5517,73.6335,152.0354,55.4166,72.1281,HIGH
office_posture,gc_1_200,3.8598,116.0897,67.0244,153.824,82.4497,196.4741,LOW
office_posture,gc_1_50,9.8213,109.2222,79.082,177.1722,26.5071,251.222,LOW
office_posture,gc_2_0,169.7491,68.7936,40.5686,49.749,77.2593,70.8318,HIGH
office_posture,gc_2_2668,163.2275,59.5698,63.3527,108.866,82.4782,55.0734,HIGH
office_posture,gc_2_30,87.5434,42.8307,36.6447,47.7389,5.1572,133.2502,HIGH
office_posture,gc_2_420,171.0003,33.3052,46.061,70.7755,52.9349,15.8258,HIGH
office_posture,gc_2_4526,177.1272,45.9393,57.0063,109.1345,96.2724,57.3148,HIGH
office_posture,gc_2_4556,132.8902,8.3517,51.0497,88.3518,89.8569,32.6035,HIGH
office_posture,gc_2_4586,159.3889,45.6128,50.4598,91.5953,50.9323,77.8284,HIGH
office_posture,gc_2_4616,115.5725,15.8644,41.6699,47.1654,37.4548,76.5878,HIGH
office_posture,gc_2_4646,105.9889,8.5075,38.9426,55.5457,92.4516,94.3225,HIGH
office_posture,gc_2_4706,44.8353,86.7717,77.4542,91.4476,10.67,245.6097,HIGH
office_posture,gc_2_4736,161.4568,70.1479,70.0896,109.9178,48.4522,310.6389,HIGH
office_posture,gc_2_480,171.511,37.2478,40.742,91.7825,66.357,22.382,HIGH
office_posture,gc_2_4916,179.6601,92.9032,75.7278,107.4823,96.473,115.2875,HIGH
office_posture,gc_2_4946,157.4505,44.0479,45.0667,82.1152,24.6261,114.1052,HIGH
office_posture,gc_2_4976,123.82,10.5614,38.4245,58.4133,90.8173,115.9717,HIGH
office_posture,gc_2_5006,144.4837,31.1162,37.458,76.0487,8.1851,121.6056,HIGH
office_posture,gc_2_5036,140.1592,2.5368,41.9751,85.3366,91.6788,53.8596,HIGH
office_posture,gc_2_5066,147.3712,33.9454,67.6672,88.5741,15.2944,115.056,HIGH
office_posture,gc_2_5096,148.8032,38.8029,59.7283,94.8967,60.2788,68.5523,HIGH
office_posture,gc_2_510,171.0221,40.2266,41.3627,140.0314,69.3136,21.9225,HIGH
office_posture,gc_2_5126,156.8036,7.0365,41.9225,68.3736,49.5375,56.7405,HIGH
office_posture,gc_2_540,178.9254,73.501,43.6813,107.6405,79.5397,27.8412,HIGH
office_posture,gc_2_570,174.1594,102.8387,70.0158,122.0471,85.7643,92.4028,HIGH
office_posture,gc_2_5845,112.6331,20.7507,40.7884,97.7953,98.1136,92.2274,LOW
office_posture,gc_2_5875,123.9601,33.2892,43.064,98.0088,99.9268,87.6558,LOW
office_posture,gc_2_60,151.9075,55.5814,23.2244,39.5129,57.6838,59.8006,HIGH
office_posture,gc_2_6265,131.5956,41.3478,42.7439,117.9803,99.3171,17.1451,LOW
office_posture,gc_2_6594,168.9521,42.2443,24.5833,34.5099,64.067,47.2262,HIGH
office_posture,gc_3_0,166.4994,85.3586,69.4534,100.6736,98.88,138.2076,HIGH
office_posture,gc_3_150,108.9312,64.3333,30.7582,7.6187,21.098,93.823,HIGH
office_posture,gc_3_180,163.1315,65.7316,33.1234,47.5937,56.7973,76.2886,HIGH
office_posture,gd_10_0,151.6615,94.1964,48.1166,103.3499,74.2501,45.2968,HIGH
office_posture,gd_10_10320,179.5744,72.3241,43.4697,67.0152,64.9966,85.4605,HIGH
office_posture,gd_10_13680,113.7141,87.9799,45.3698,96.2066,99.7461,86.9884,HIGH
office_posture,gd_10_14400,14.9337,106.8958,9.5339,160.4918,97.8382,211.2001,HIGH
office_posture,gd_10_14880,105.0679,142.14,10.373,173.1242,99.6196,46.8715,HIGH
office_posture,gd_10_15120,133.9047,112.8121,70.0286,104.0205,53.5998,61.6687,HIGH
office_posture,gd_10_16800,156.8868,94.7247,51.203,106.3655,99.464,61.6027,HIGH
office_posture,gd_10_18720,154.4459,95.6538,50.109,114.565,99.7357,50.9734,HIGH
office_posture,gd_10_21120,0.7184,106.4608,50.4977,132.5034,97.0124,442.5218,HIGH
office_posture,gd_10_2160,130.5775,106.1736,65.8461,124.5725,74.4449,58.6288,HIGH
office_posture,gd_10_21840,93.6522,86.8509,2.1267,122.4519,94.0382,99.2054,HIGH
office_posture,gd_10_23040,90.2057,160.7108,114.8687,140.6823,36.9519,53.7611,HIGH
office_posture,gd_10_23280,94.4611,131.2971,24.1851,175.7496,99.52,88.3746,HIGH
office_posture,gd_10_2400,64.6703,105.6507,65.541,124.8524,68.8694,99.4507,HIGH
office_posture,gd_10_24480,62.4042,81.1928,78.989,78.8779,15.7436,168.3102,HIGH
office_posture,gd_10_29280,115.5395,29.4148,17.8667,76.929,14.0702,198.4763,HIGH
office_posture,gd_10_30240,113.2137,106.7883,39.905,179.048,81.9303,42.6307,HIGH
office_posture,gd_10_30480,150.6435,101.4047,73.2849,117.7383,88.6478,70.2887,HIGH
office_posture,gd_10_32160,142.6143,86.5698,74.9512,75.2954,87.1596,59.8692,HIGH
office_posture,gd_10_33360,151.2876,79.2641,58.7863,65.78,59.0384,42.6325,HIGH
office_posture,gd_10_33840,94.8689,101.6151,10.2871,171.171,99.9996,73.0257,HIGH
office_posture,gd_10_34080,139.9773,98.9618,47.6507,160.7333,86.4421,46.2236,HIGH
office_posture,gd_10_35760,93.5441,87.8013,15.0731,169.0544,94.0734,97.8997,HIGH
office_posture,gd_10_36720,88.2986,90.3841,2.4159,178.2074,99.3687,102.1555,HIGH
office_posture,gd_10_37200,128.0243,106.0277,62.0941,164.0771,73.7903,49.5217,HIGH
office_posture,gd_10_37440,154.8039,119.3647,84.9697,118.1736,99.8576,51.6935,HIGH
office_posture,gd_10_37680,136.8513,28.3163,25.3748,25.1909,93.4687,65.8733,HIGH
office_posture,gd_10_37920,149.6064,113.7602,70.9975,116.863,86.1047,103.2158,HIGH
office_posture,gd_10_38160,176.9224,85.7121,73.9091,86.8173,13.0184,916.7186,HIGH
office_posture,gd_10_38400,115.6144,149.2484,70.5229,154.5761,63.9353,103.5816,HIGH
office_posture,gd_10_39360,139.8197,135.1062,83.4089,130.0582,99.9584,59.0067,HIGH
office_posture,gd_10_39600,150.1377,124.1187,77.6172,124.642,99.9847,58.3181,HIGH
office_posture,gd_10_39840,109.0427,20.7021,29.1665,119.2066,99.9899,367.5543,HIGH
office_posture,gd_10_40080,136.8054,95.6921,45.636,109.4668,97.3473,49.9739,HIGH
office_posture,gd_10_40320,157.5164,84.1636,51.4048,81.4611,0.3489,27.6375,HIGH
office_posture,gd_10_4080,139.0498,93.9433,46.522,116.4072,99.9415,60.0203,LOW
office_posture,gd_10_41040,132.2979,103.2406,58.3969,173.5756,46.5428,42.807,HIGH
office_posture,gd_10_41520,128.197,79.8113,18.5057,75.1768,4.2452,47.3561,HIGH
office_posture,gd_10_41760,163.6852,88.7807,56.5423,99.4753,99.9901,85.9765,HIGH
office_posture,gd_10_42000,133.6316,108.5795,60.0389,128.2918,74.3213,29.2073,HIGH
office_posture,gd_10_46320,141.994,85.3339,34.1632,118.9736,99.6087,62.1516,HIGH
office_posture,gd_10_55680,104.7557,32.6175,13.636,40.9471,99.7948,114.8525,HIGH
office_posture,gd_10_56640,137.0628,3.6492,71.9624,60.9891,99.677,178.6936,HIGH
office_posture,gd_10_56880,33.2283,88.6339,34.6575,115.252,93.6183,419.8224,HIGH
office_posture,gd_10_66480,98.0564,20.4877,16.9563,112.4405,89.5492,1281.2444,HIGH
office_posture,gd_10_66960,51.8511,81.0522,31.955,174.899,79.2377,117.8807,HIGH
office_posture,gd_10_67200,148.446,10.9019,42.8264,48.6689,87.2081,63.6874,HIGH
office_posture,gd_10_67440,14.0775,140.4038,3.1698,88.5849,2.4082,928.043,HIGH
office_posture,gd_10_69600,160.1985,93.4985,44.2446,114.6584,99.9888,44.4243,HIGH
office_posture,gd_10_70320,124.5758,97.1989,34.0199,105.0187,76.1715,64.3743,HIGH
office_posture,gd_10_71040,146.4024,94.3712,37.8919,113.2059,97.8568,65.1432,HIGH
office_posture,gd_10_74880,138.3621,100.8725,47.6419,143.1021,93.5938,53.214,HIGH
office_posture,gd_10_75120,134.1835,99.2391,46.8923,129.1665,94.6064,57.8913,HIGH
office_posture,gd_10_960,132.2348,87.3294,28.6771,102.1351,100.0,63.2306,HIGH
office_posture,gd_1_0,118.6168,87.4049,46.0263,102.4048,99.9819,88.7848,LOW
office_posture,gd_2_0,129.8298,85.7976,44.9976,103.7258,99.4869,84.0253,LOW
office_posture,gd_2_240,127.0929,85.6835,43.5575,105.3133,99.7892,84.6747,LOW
office_posture,gd_3_0,107.1042,83.9395,43.6757,106.9824,93.519,93.7072,LOW
office_posture,gd_3_240,122.7411,85.6719,43.0263,106.4862,99.8315,85.5604,LOW
office_posture,gd_3_480,121.5889,86.1018,43.5165,106.5937,99.762,85.2957,LOW
office_posture,gd_4_0,155.3911,101.3475,48.965,123.2046,99.9765,40.5243,HIGH
office_posture,gd_4_2160,167.4901,91.7272,67.0152,101.5797,99.3488,65.8086,HIGH
office_posture,gd_4_2400,27.7748,75.4644,60.3612,121.7999,68.8048,455.1463,HIGH
office_posture,gd_4_2880,26.5085,139.8535,12.2105,136.5866,87.3825,125.3839,HIGH
office_posture,gd_4_3120,89.0413,166.4655,31.266,120.5843,81.1713,187.0883,HIGH
office_posture,gd_4_4080,152.5203,97.7078,52.6279,121.7977,99.1545,51.3332,LOW
office_posture,gd_4_4560,123.6696,95.8937,52.1186,173.0123,72.8736,60.7176,HIGH
office_posture,gd_4_480,39.6945,75.6186,37.6961,124.9115,99.8358,348.7106,HIGH
office_posture,gd_5_0,155.4005,89.1739,45.4984,100.7655,80.6993,45.4292,HIGH
office_posture,gd_5_10080,142.4111,97.5694,47.0951,130.1974,97.216,54.3655,LOW
office_posture,gd_5_10320,129.5989,92.1056,32.9271,121.5234,99.9074,62.6434,LOW
office_posture,gd_5_10560,144.3834,98.8808,50.4258,130.7364,95.826,53.0719,LOW
office_posture,gd_5_10800,133.0603,91.7268,32.3488,120.998,99.9408,61.0791,LOW
office_posture,gd_5_11040,123.5387,102.6508,50.5501,151.9293,90.9051,72.7223,LOW
office_posture,gd_5_11280,144.0069,95.4648,52.0273,124.8728,94.1358,61.2486,LOW
office_posture,gd_5_1200,102.0751,90.2771,68.8465,91.4647,23.3901,90.4987,LOW
office_posture,gd_5_12000,144.4951,96.1209,52.7753,127.1572,93.9716,60.8851,LOW
office_posture,gd_5_12240,122.0019,83.1912,15.5282,115.1706,99.0343,72.3166,HIGH
office_posture,gd_5_12480,124.9689,89.8004,26.3315,166.6831,92.0815,65.1847,HIGH
office_posture,gd_5_12720,125.7568,92.1441,30.7906,163.1565,90.6041,66.3956,HIGH
office_posture,gd_5_12960,126.8448,92.2835,30.2288,162.6991,91.1804,65.7148,HIGH
office_posture,gd_5_13200,144.7834,85.8146,21.6925,98.8184,85.9908,51.1381,HIGH
office_posture,gd_5_13440,132.3115,85.8609,26.6209,98.1188,94.5228,67.2701,HIGH
office_posture,gd_5_13680,138.5084,87.2777,30.6776,99.0032,95.1157,64.8833,HIGH
office_posture,gd_5_13920,121.0439,87.7455,28.1041,107.2371,94.0413,73.6827,HIGH
office_posture,gd_5_14160,160.2092,100.4608,56.5852,113.5859,99.629,53.3078,HIGH
office_posture,gd_5_1440,119.136,92.9163,54.5832,139.7316,65.3934,76.1183,LOW
office_posture,gd_5_14400,164.0356,85.1679,67.955,78.2448,3.0945,65.1953,LOW
office_posture,gd_5_14640,164.5358,86.7351,69.0698,81.4647,30.9291,65.0419,LOW
office_posture,gd_5_14880,167.2804,102.851,68.4258,125.1991,85.5003,44.5353,LOW
office_posture,gd_5_15120,157.2465,95.2831,50.2158,118.3937,99.3798,51.2179,LOW
office_posture,gd_5_15360,123.1523,65.6961,44.5067,46.2348,88.854,81.3021,LOW
office_posture,gd_5_15600,155.0943,102.7597,68.3389,127.2509,76.4324,47.9115,LOW
office_posture,gd_5_15840,154.8389,93.206,50.5014,105.5451,88.6219,48.2116,LOW
office_posture,gd_5_16080,155.2401,94.8345,51.086,118.4273,98.9546,52.8656,LOW
office_posture,gd_5_16560,154.4825,95.7583,52.7027,118.7586,98.4998,53.6052,LOW
office_posture,gd_5_1680,120.8032,91.7191,54.0511,141.5565,62.8799,75.8731,LOW
office_posture,gd_5_16800,154.5103,95.194,51.3521,118.4095,98.9745,52.6614,LOW
office_posture,gd_5_17040,147.5501,99.7951,52.6361,135.3053,95.9054,57.69,HIGH
office_posture,gd_5_1920,71.6539,87.0974,51.8379,113.532,59.5558,116.3543,LOW
office_posture,gd_5_2160,108.4423,95.1566,51.7747,154.4499,70.8756,81.5218,LOW
office_posture,gd_5_240,162.8768,100.6488,59.1016,118.178,96.5765,44.0402,HIGH
office_posture,gd_5_2400,134.5129,91.4999,51.4816,99.9514,77.259,69.5872,LOW
office_posture,gd_5_2640,152.6273,99.7461,71.075,111.1674,99.2797,61.8527,LOW
office_posture,gd_5_2880,110.8041,93.695,72.1363,101.7376,29.2793,84.7035,LOW
office_posture,gd_5_3120,138.3683,90.5222,48.7876,126.2453,80.3324,59.1011,LOW
office_posture,gd_5_3360,154.2165,93.0617,52.398,113.9201,96.9084,55.3589,LOW
office_posture,gd_5_3600,143.4168,95.9955,61.1417,106.5779,99.9634,83.5308,LOW
office_posture,gd_5_3840,99.887,89.8914,68.5299,90.6489,23.0225,92.55,LOW
office_posture,gd_5_4080,115.0869,88.8355,41.1904,151.1637,79.4291,80.0532,LOW
office_posture,gd_5_4320,154.5055,93.4206,52.7516,112.634,97.5812,56.2344,LOW
office_posture,gd_5_4560,152.7232,94.7617,53.4088,115.4247,97.171,55.5502,LOW
office_posture,gd_5_480,137.6104,99.7816,51.2457,148.7915,85.648,57.1683,HIGH
office_posture,gd_5_4800,119.3937,93.6051,53.0336,111.8887,96.9843,83.0663,LOW
office_posture,gd_5_5040,124.4436,104.2175,63.0514,109.3717,92.5063,90.7259,HIGH
office_posture,gd_5_5280,66.2305,94.2256,53.9036,113.4832,96.9981,104.0328,LOW
office_posture,gd_5_5520,154.1756,95.2217,52.6859,118.8369,97.9658,54.1759,LOW
office_posture,gd_5_5760,117.8197,93.2004,49.1838,151.6533,74.6906,79.1735,LOW
office_posture,gd_5_6000,139.7213,91.3837,48.5785,147.8607,72.3777,60.3086,LOW
office_posture,gd_5_6240,154.5692,95.5402,52.4527,118.6542,99.0091,52.964,LOW
office_posture,gd_5_6480,154.4119,95.9842,52.3109,118.4749,98.9436,52.5446,LOW
office_posture,gd_5_6720,154.9055,94.7777,50.6807,117.7755,98.6832,53.1667,LOW
office_posture,gd_5_6960,114.4095,94.2924,51.6648,113.9445,98.4654,85.7111,LOW
office_posture,gd_5_720,110.5666,92.7267,50.9267,153.677,67.3091,81.691,LOW
office_posture,gd_5_7200,153.5431,94.1295,50.4632,114.6933,98.7987,54.8805,LOW
office_posture,gd_5_7440,153.5261,93.7027,50.4905,113.9732,98.875,55.809,LOW
office_posture,gd_5_7680,154.8899,95.3453,52.4943,116.9508,98.5923,53.698,LOW
office_posture,gd_5_7920,154.69,91.8155,51.6735,100.7446,89.0691,49.4752,LOW
office_posture,gd_5_8160,140.7783,103.3073,41.8031,135.1907,99.4265,57.9898,HIGH
office_posture,gd_5_8400,70.0952,114.7339,31.2024,167.1438,97.8571,88.003,HIGH
office_posture,gd_5_8640,39.0831,107.4413,51.8829,171.9389,75.0887,118.0798,HIGH
office_posture,gd_5_8880,90.1741,100.1562,1.5895,117.0666,77.2448,87.7994,HIGH
office_posture,gd_5_9120,136.2278,106.5784,33.7761,141.1534,98.3469,49.9709,HIGH
office_posture,gd_5_960,101.9971,91.1845,69.4319,95.2014,23.2134,89.7517,LOW
office_posture,gd_5_9600,97.2106,85.6641,23.9071,110.8947,60.7991,93.7703,HIGH
office_posture,gd_5_9840,150.7465,103.4531,57.3781,133.264,93.3671,47.2338,LOW
office_posture,gd_6_0,156.0602,80.5591,51.5514,77.5532,92.3834,75.8814,HIGH
office_posture,gd_6_10320,129.8759,98.2356,57.2368,114.4724,97.3684,75.5702,HIGH
office_posture,gd_6_10560,143.4924,30.4418,45.3878,87.0989,8.6475,390.2349,HIGH
office_posture,gd_6_10800,160.9414,92.9804,66.8737,106.3212,98.7003,63.4412,HIGH
office_posture,gd_6_11040,128.9749,90.8511,51.4612,105.3657,99.5467,78.4415,HIGH
office_posture,gd_6_11280,158.7528,88.2904,46.851,110.9434,99.4087,53.3091,LOW
office_posture,gd_6_11520,145.4035,85.4269,40.116,103.4774,99.8175,61.5129,LOW
office_posture,gd_6_11760,151.3768,88.4505,46.1051,109.7063,99.8022,59.2889,LOW
office_posture,gd_6_2160,140.4062,75.1268,60.6374,58.3471,93.9829,65.1605,HIGH
office_posture,gd_6_240,159.3662,80.0891,50.4964,76.9705,94.0777,72.1931,HIGH
office_posture,gd_6_2400,129.9304,89.2723,65.3826,94.7977,30.9664,67.3172,HIGH
office_posture,gd_6_2640,145.9454,91.3781,43.411,121.7316,98.2913,63.4263,HIGH
office_posture,gd_6_3120,133.9948,88.6519,62.9093,106.4388,34.0018,63.7034,HIGH
office_posture,gd_6_3600,158.5998,99.9452,58.2366,119.6103,98.6088,48.2245,HIGH
office_posture,gd_6_5040,146.0466,87.0148,45.4397,103.3267,99.042,63.8659,LOW
office_posture,gd_6_5760,154.9138,99.8964,68.3977,120.0634,87.769,53.2712,HIGH
office_posture,gd_6_6000,144.6688,91.7549,67.317,108.9501,51.1263,58.9495,HIGH
office_posture,gd_6_6240,65.636,82.1133,5.9402,93.2568,65.8594,152.736,HIGH
office_posture,gd_6_6480,138.204,94.1602,70.2198,113.5007,47.5852,61.4524,HIGH
office_posture,gd_6_720,133.4959,62.438,36.2281,46.1123,69.121,71.5579,HIGH
office_posture,gd_6_7680,145.1907,86.2563,51.7056,86.3993,64.1443,70.9866,HIGH
office_posture,gd_6_8400,124.0156,94.537,52.703,116.3123,99.6208,80.0858,LOW
office_posture,gd_6_8640,157.9888,83.705,48.9702,93.4692,93.841,64.9974,HIGH
office_posture,gd_6_8880,177.0143,77.9729,59.5171,71.4545,60.7032,61.3042,HIGH
office_posture,gd_6_9120,115.1275,63.4946,14.9557,60.4643,1.6357,91.1668,HIGH
office_posture,gd_6_9360,107.557,48.4995,6.8091,8.7313,84.0623,140.312,LOW
office_posture,gd_6_9600,126.3084,88.7829,62.1665,120.4673,31.5716,66.6438,LOW
office_posture,gd_6_9840,142.7076,97.3423,51.87,135.0446,91.3404,54.2078,HIGH
office_posture,gd_7_0,132.5615,96.2558,37.1255,123.7007,99.8108,58.5754,HIGH
office_posture,gd_7_240,133.7537,99.6151,39.866,128.0829,99.6845,54.1407,HIGH
office_posture,gd_7_480,141.3488,95.9153,46.8715,119.6526,96.5307,60.8751,HIGH
office_posture,gd_7_720,145.6001,96.9336,47.3525,116.4201,99.9633,56.8663,HIGH
office_posture,gd_8_0,97.9928,68.2073,10.0958,124.669,92.7592,116.3089,HIGH
office_posture,gd_8_1200,149.9729,80.0132,33.5837,90.7023,94.506,52.8984,HIGH
office_posture,gd_8_720,103.8955,48.5093,11.2648,89.296,65.9647,145.2464,HIGH
office_posture,gd_8_960,151.3941,75.907,31.1642,80.0331,93.4407,53.7099,HIGH
office_posture,gd_9_0,137.374,112.6043,54.3296,135.0491,99.7349,27.99,HIGH
office_posture,gd_9_480,130.109,113.6948,58.6642,136.0364,98.9112,40.6504,HIGH
office_posture,gs_1_1020,130.9023,91.6832,3.1243,96.6464,60.631,64.2702,HIGH
office_posture,gs_1_10601,70.1275,78.3257,28.5187,89.5884,99.8068,113.3602,HIGH
office_posture,gs_1_11085,133.8658,53.3622,7.0111,44.31,33.8117,73.7826,LOW
office_posture,gs_1_11265,149.5297,50.8314,30.4035,28.2512,99.5468,46.4691,LOW
office_posture,gs_1_11986,120.4309,72.4543,40.6968,53.1993,78.1646,86.7312,HIGH
office_posture,gs_1_12197,33.0843,79.7523,23.0811,159.1354,92.8136,140.3372,HIGH
office_posture,gs_1_12255,40.3006,65.5523,21.7134,65.9395,71.142,159.715,HIGH
office_posture,gs_1_12286,138.2645,58.1393,27.0047,42.4621,64.6984,68.41,HIGH
office_posture,gs_1_12346,147.1468,85.6528,45.2768,101.3023,99.9673,66.7612,HIGH
office_posture,gs_1_1288,145.1014,79.3981,31.7645,93.0349,99.8911,60.2908,LOW
office_posture,gs_1_12886,33.5586,78.3926,31.4991,95.4696,94.4242,115.978,HIGH
office_posture,gs_1_12915,47.3717,80.7948,9.8156,108.8029,89.4963,128.1518,HIGH
office_posture,gs_1_12975,98.3326,64.1187,7.0004,74.5019,58.3573,115.4858,HIGH
office_posture,gs_1_13995,143.5348,81.3558,32.1619,102.0077,99.7535,66.9739,HIGH
office_posture,gs_1_14356,60.7269,71.6681,12.5524,81.5497,85.4046,128.6322,HIGH
office_posture,gs_1_1468,48.7538,80.3115,29.4783,94.5578,99.7674,112.1518,HIGH
office_posture,gs_1_14896,156.3689,81.6023,35.8182,90.3342,91.0079,49.2841,HIGH
office_posture,gs_1_15016,135.6882,40.251,13.9216,7.3172,36.1921,71.4667,HIGH
office_posture,gs_1_1528,156.4099,62.4497,30.5749,44.3881,91.8164,66.3056,HIGH
office_posture,gs_1_15737,136.5551,88.8601,60.6652,82.8193,36.2043,51.566,HIGH
office_posture,gs_1_17657,66.4624,82.5684,26.4931,98.8118,98.9254,114.6829,HIGH
office_posture,gs_1_17986,71.7491,56.291,29.6469,21.425,44.5858,133.6827,HIGH
office_posture,gs_1_18467,71.0421,82.8605,31.6285,99.7333,99.9658,112.0621,HIGH
office_posture,gs_1_18678,148.3542,46.2088,14.9083,31.6675,76.0738,48.0376,HIGH
office_posture,gs_1_18707,144.0462,101.9699,63.5227,114.2315,99.884,58.6796,HIGH
office_posture,gs_1_18738,121.3309,53.3419,33.5676,30.529,99.9484,87.473,HIGH
office_posture,gs_1_18767,132.1966,87.7222,35.4741,108.8011,99.9843,63.2651,HIGH
office_posture,gs_1_18798,139.6816,90.4756,37.4265,116.0297,99.955,52.8268,HIGH
office_posture,gs_1_19818,105.4001,72.6998,3.683,122.9336,91.1911,96.8541,HIGH
office_posture,gs_1_19967,107.9094,76.2142,6.2522,150.4305,99.2732,93.0518,HIGH
office_posture,gs_1_20238,79.6941,80.8294,6.1655,163.0518,99.4827,99.1015,HIGH
office_posture,gs_1_20267,103.3425,64.5606,2.8407,30.5563,99.4244,118.2048,HIGH
office_posture,gs_1_20327,58.4711,96.9408,2.0777,152.5845,99.675,152.5699,HIGH
office_posture,gs_1_20358,79.2106,73.8954,1.8309,30.1184,19.7996,141.174,HIGH
office_posture,gs_1_20478,99.6847,39.5136,6.0237,3.6702,99.9174,106.8951,HIGH
office_posture,gs_1_20507,37.2611,69.0731,0.7371,130.1725,96.7529,211.0521,HIGH
office_posture,gs_1_2068,66.3701,68.401,7.2909,77.7546,96.7025,138.5416,HIGH
office_posture,gs_1_20807,138.6753,84.9012,34.959,109.2628,96.1313,63.6962,HIGH
office_posture,gs_1_20987,130.923,70.2148,32.1178,34.5305,80.8204,75.5406,HIGH
office_posture,gs_1_22999,146.4753,87.5813,36.7612,114.8449,99.9702,56.2047,HIGH
office_posture,gs_1_23688,136.4458,84.4898,35.5515,110.9543,97.2843,64.8213,HIGH
office_posture,gs_1_23748,132.5961,87.1876,34.1814,105.5042,99.7653,64.3462,HIGH
office_posture,gs_1_24078,77.9288,83.0352,28.8472,99.081,99.3158,110.0521,HIGH
office_posture,gs_1_24349,115.1204,80.7303,34.7849,82.7919,91.0415,92.1826,HIGH
office_posture,gs_1_24409,135.0704,82.9872,32.8311,93.6467,99.8402,64.698,HIGH
office_posture,gs_1_25520,137.1136,89.9384,38.6645,118.2936,99.2862,59.3669,HIGH
office_posture,gs_1_25551,102.0994,91.723,20.366,139.8821,99.9305,83.766,HIGH
office_posture,gs_1_25791,145.1818,9.0691,39.2628,25.1474,82.5121,94.0095,HIGH
office_posture,gs_1_26152,143.6783,45.0923,14.3216,17.3939,98.7075,57.5672,HIGH
office_posture,gs_1_26512,56.5078,87.164,27.6777,73.4495,24.9947,125.8473,HIGH
office_posture,gs_1_26572,128.3849,42.2371,16.2025,15.1618,69.9389,82.2782,HIGH
office_posture,gs_1_26601,107.5316,75.9288,10.014,112.5669,83.942,91.9941,HIGH
office_posture,gs_1_2668,97.9989,39.9357,21.5636,6.0521,7.7209,115.1737,LOW
office_posture,gs_1_26752,138.7958,91.2833,39.3066,113.7168,100.0,56.9981,HIGH
office_posture,gs_1_27501,101.2475,57.5731,1.6173,86.7363,97.4541,120.8277,HIGH
office_posture,gs_1_2757,110.5705,61.2399,27.9428,27.849,65.4351,97.4213,HIGH
office_posture,gs_1_28372,115.0553,63.113,3.4657,109.1441,95.7965,91.6961,HIGH
office_posture,gs_1_28641,127.3748,83.8149,17.4394,100.6942,87.4178,65.586,HIGH
office_posture,gs_1_29093,128.5211,71.1609,25.7043,39.6162,87.4775,75.7559,HIGH
office_posture,gs_1_300,144.1961,85.4259,36.794,104.1462,99.6174,57.4458,LOW
office_posture,gs_1_30444,48.564,42.2363,30.5679,123.2771,90.1203,300.4275,HIGH
office_posture,gs_1_30475,134.8929,9.5786,45.1033,116.3942,97.6206,139.4165,HIGH
office_posture,gs_1_30504,174.1135,70.5884,60.1946,116.6491,99.9798,83.271,HIGH
office_posture,gs_1_30535,171.5358,91.3161,69.3164,121.8334,99.988,95.393,HIGH
office_posture,gs_1_30564,167.4921,53.7458,48.8429,108.2066,89.5469,90.6625,HIGH
office_posture,gs_1_30595,124.7227,18.0351,44.6067,162.4271,83.494,117.1719,HIGH
office_posture,gs_1_30624,174.577,66.8468,62.5049,112.3586,99.9399,44.6738,HIGH
office_posture,gs_1_30655,175.9701,98.7855,105.057,132.2587,100.0,65.4754,HIGH
office_posture,gs_1_30835,171.3022,50.7516,44.3732,100.8436,81.5958,109.8403,HIGH
office_posture,gs_1_30864,50.06,72.2469,7.6921,134.0214,95.2835,249.1518,HIGH
office_posture,gs_1_30895,60.9179,71.4129,25.418,72.264,96.9738,122.9867,HIGH
office_posture,gs_1_30955,116.9331,73.1343,30.5198,74.1711,98.1946,88.4719,HIGH
office_posture,gs_1_31075,140.5322,74.4659,44.4432,69.5765,80.4426,71.8996,HIGH
office_posture,gs_1_31104,75.0154,60.8137,19.9527,98.4164,90.522,200.7486,HIGH
office_posture,gs_1_31195,115.0364,42.2786,23.5647,23.8223,4.1121,113.718,HIGH
office_posture,gs_1_31404,115.8123,140.4671,25.2452,92.6896,27.3244,1070.1404,HIGH
office_posture,gs_1_31584,148.711,88.4009,52.3276,96.3177,99.949,68.414,HIGH
office_posture,gs_1_31764,136.8903,88.4366,51.9454,100.8327,92.1197,76.1075,HIGH
office_posture,gs_1_31855,152.1161,77.0968,46.9322,71.8006,62.9719,59.4753,HIGH
office_posture,gs_1_32184,160.3984,76.5794,46.5842,72.1736,66.3392,49.3291,HIGH
office_posture,gs_1_32275,143.6872,69.3015,40.3756,64.6168,31.4424,73.7339,HIGH
office_posture,gs_1_32395,157.6007,77.0061,45.581,71.7578,60.4855,51.3305,HIGH
office_posture,gs_1_32424,148.1379,61.6224,21.2923,55.72,16.529,55.3896,HIGH
office_posture,gs_1_32695,157.2354,84.7126,46.8009,85.2157,99.9982,59.2286,HIGH
office_posture,gs_1_32755,132.3664,63.2524,9.1481,58.8882,0.4488,68.8151,HIGH
office_posture,gs_1_33565,155.5839,79.1567,44.5309,76.9684,99.3843,69.2752,HIGH
office_posture,gs_1_33866,144.0197,81.4651,40.3999,83.5642,97.662,67.0672,HIGH
office_posture,gs_1_34137,148.4373,77.815,46.1613,72.4773,99.5237,88.3193,HIGH
office_posture,gs_1_34226,130.3876,60.5179,24.6532,47.9373,96.5111,77.1177,HIGH
office_posture,gs_1_34286,156.5694,88.3137,57.3376,95.4555,99.8596,67.9498,HIGH
office_posture,gs_1_34797,155.716,86.9266,55.1736,94.2811,99.9065,68.075,HIGH
office_posture,gs_1_34857,153.9206,86.7829,53.4548,94.529,99.9341,67.452,HIGH
office_posture,gs_1_34977,166.0746,73.851,48.6273,59.9481,51.7447,52.9205,HIGH
office_posture,gs_1_35066,110.9757,52.1187,16.5926,49.3438,14.7802,107.8518,HIGH
office_posture,gs_1_35126,119.6446,76.1251,52.9412,64.5466,48.8635,85.7555,HIGH
office_posture,gs_1_35157,151.0806,83.1575,49.5746,91.5058,99.9623,69.892,HIGH
office_posture,gs_1_35186,116.5741,73.8343,51.8727,53.6624,36.4851,86.9023,HIGH
office_posture,gs_1_35576,136.7597,101.6565,52.8647,166.962,79.747,41.0732,HIGH
office_posture,gs_1_35605,151.338,68.6298,33.6439,58.0443,0.5588,54.6594,HIGH
office_posture,gs_1_35636,133.0616,82.5151,30.848,108.8769,99.9999,69.356,HIGH
office_posture,gs_1_35665,95.7694,83.4114,26.375,179.7958,90.4495,100.5365,HIGH
office_posture,gs_1_35756,126.5512,17.1459,29.0081,24.0429,99.9404,130.2121,HIGH
office_posture,gs_1_35785,91.1914,21.6614,35.928,108.9166,99.9939,634.7838,HIGH
office_posture,gs_1_36266,132.2879,69.4882,10.8961,78.4904,87.0715,68.5805,HIGH
office_posture,gs_1_36477,135.5051,65.1698,30.3924,54.5195,7.3151,73.9257,HIGH
office_posture,gs_1_37198,52.0603,88.0935,39.6172,102.5072,99.9473,108.1687,HIGH
office_posture,gs_1_37828,142.7954,66.7465,27.7962,59.1967,8.1101,72.1461,HIGH
office_posture,gs_1_37857,49.6733,79.1953,9.0829,174.6904,98.4666,169.2389,HIGH
office_posture,gs_1_37888,49.2659,75.5568,13.6799,153.508,92.6279,178.621,HIGH
office_posture,gs_1_38308,131.7289,91.484,44.4232,102.3285,100.0,58.874,HIGH
office_posture,gs_1_3838,132.3467,86.4717,34.3329,106.9224,99.9422,66.6098,HIGH
office_posture,gs_1_38428,144.8971,100.3991,63.4722,109.4749,99.8536,58.9506,HIGH
office_posture,gs_1_3869,62.8983,68.8722,3.7263,81.0247,94.6342,147.3423,LOW
office_posture,gs_1_38728,120.5603,96.3288,61.9953,119.9154,66.1694,77.6791,HIGH
office_posture,gs_1_38908,170.6482,97.6894,40.2752,108.0072,77.9559,37.6379,HIGH
office_posture,gs_1_39237,89.8534,81.1297,26.7474,143.8245,95.486,107.787,HIGH
office_posture,gs_1_39357,145.4789,98.8763,58.1268,113.5298,99.8885,57.2713,HIGH
office_posture,gs_1_39448,134.3895,90.2053,37.3931,114.2669,99.8952,57.803,HIGH
office_posture,gs_1_39477,136.1357,86.8526,35.4731,107.6663,99.8931,60.138,HIGH
office_posture,gs_1_39837,68.7915,93.0572,42.9412,104.5776,99.9729,105.139,HIGH
office_posture,gs_1_40228,144.9067,78.4154,30.4681,89.1655,99.6708,62.3997,HIGH
office_posture,gs_1_40349,131.7894,85.4428,34.9575,115.2634,98.6209,64.1083,HIGH
office_posture,gs_1_41220,138.4279,82.9954,45.5261,85.1247,99.9782,87.2785,HIGH
office_posture,gs_1_41280,134.1723,67.59,29.1626,58.8287,2.956,75.2381,HIGH
office_posture,gs_1_5516,137.1742,84.1191,36.9723,98.6552,99.786,65.2514,HIGH
office_posture,gs_1_5698,140.7524,84.7766,38.6098,100.8033,99.897,63.3331,HIGH
office_posture,gs_1_6359,148.9065,41.4335,10.0438,23.0413,87.8551,47.4318,HIGH
office_posture,gs_1_6659,128.1389,66.5001,10.7297,49.1919,68.982,68.6598,HIGH
office_posture,gs_1_6748,159.0437,79.6589,46.5123,84.7005,99.2645,84.8047,HIGH
office_posture,gs_1_720,139.2405,72.2502,14.6616,89.8883,92.5546,65.3086,HIGH
office_posture,gs_1_7381,144.6686,84.6199,32.9076,104.3622,99.9446,55.0577,HIGH
office_posture,gs_1_7442,118.8261,51.9906,29.578,26.8664,99.7163,87.1384,HIGH
office_posture,gs_1_8640,72.4376,85.4385,34.5387,104.6172,99.9978,107.3214,HIGH
office_posture,gs_1_8669,134.1984,86.8832,36.6169,110.3565,99.9777,62.8673,HIGH
office_posture,gs_1_8729,135.0497,87.5197,37.1338,107.9201,99.9791,63.4416,HIGH
office_posture,gs_1_8760,77.22,84.7928,28.7176,106.4511,99.6871,108.3284,HIGH
office_posture,gs_1_8789,137.0244,90.0696,41.2016,117.3211,94.5302,56.5891,HIGH
office_posture,gs_1_8820,138.3295,88.883,42.2614,116.0403,92.4868,56.5938,HIGH
office_posture,gs_1_9000,124.8778,72.8026,36.9849,80.9435,93.4298,86.239,HIGH
office_posture,gs_1_9029,99.7832,59.3578,22.4021,77.1717,66.2083,123.5664,HIGH
office_posture,gs_1_9060,103.5509,42.7354,38.0809,68.7922,51.7268,140.9927,HIGH
office_posture,gs_1_9120,132.2562,87.8792,55.5867,103.5498,88.0326,79.733,HIGH
office_posture,gs_1_9149,126.1905,53.0317,35.407,81.9685,64.8265,80.7859,HIGH
office_posture,gs_1_9209,113.3134,39.3289,40.5515,70.0618,43.7708,114.9555,HIGH
office_posture,gs_1_9329,123.9978,41.3226,38.0649,52.3057,16.7945,90.0886,HIGH
office_posture,k_1_0,132.666,103.9406,59.3467,121.417,99.9955,60.1726,HIGH
office_posture,k_1_10751,121.0506,104.6576,61.6931,121.5407,99.9972,76.4833,HIGH
office_posture,k_1_10801,101.5205,112.8009,60.8905,125.2898,99.9147,76.6999,HIGH
office_posture,k_1_10851,167.7833,108.0222,76.2829,122.0767,93.8905,90.1785,HIGH
office_posture,k_1_11051,4.9593,114.5658,64.9034,124.2727,99.7774,102.619,HIGH
office_posture,k_1_11351,128.8642,107.8223,67.6746,122.604,99.9675,70.5877,HIGH
office_posture,k_1_11851,133.7834,104.8491,66.4658,122.4019,98.0959,67.7447,HIGH
office_posture,k_1_11901,128.1848,106.2642,65.3731,124.0375,99.1447,69.7874,HIGH
office_posture,k_1_1200,126.8197,102.6281,56.52,116.7138,95.9266,68.609,HIGH
office_posture,k_1_12101,155.751,94.4523,77.3557,92.8043,24.7389,64.932,HIGH
office_posture,k_1_12751,157.9349,100.6558,83.2717,106.3245,98.5455,61.8804,HIGH
office_posture,k_1_1500,133.5387,102.6078,51.2958,120.1264,94.7125,58.5378,HIGH
office_posture,k_1_1550,139.9737,102.8789,56.5586,121.0601,98.2836,50.7168,HIGH
office_posture,k_1_16701,157.9628,101.7105,83.8257,109.8426,99.4976,61.5123,HIGH
office_posture,k_1_18951,143.216,107.8681,79.7594,122.5802,85.9307,63.6629,HIGH
office_posture,k_1_19501,160.3428,101.4976,85.695,106.1619,98.5779,60.0671,HIGH
office_posture,k_1_19551,118.9061,105.6632,61.3782,129.2791,99.3042,74.9472,HIGH
office_posture,k_1_23351,141.4789,93.0779,74.9167,85.9269,91.0449,67.5893,HIGH
office_posture,k_1_2350,113.3021,104.9411,51.7099,137.5756,99.3766,74.4926,HIGH
office_posture,k_1_23701,131.277,105.0996,72.3518,121.7304,91.5754,72.6111,HIGH
office_posture,k_1_23751,74.5396,103.8164,31.0444,131.3376,98.3748,98.1971,HIGH
office_posture,k_1_23801,138.6074,124.4026,79.913,115.1004,99.8211,109.0142,HIGH
office_posture,k_1_23851,28.3323,145.5725,77.5642,175.5758,30.5196,464.9008,HIGH
office_posture,k_1_23901,131.3148,93.0304,43.8684,137.0872,92.9684,64.1227,HIGH
office_posture,k_1_23951,111.9117,93.824,49.0615,168.3859,66.8775,73.9295,HIGH
office_posture,k_1_250,75.0216,101.7267,59.9448,127.2356,98.6795,98.1733,HIGH
office_posture,k_1_2850,120.3119,105.514,49.3776,142.9904,98.7827,64.7115,HIGH
office_posture,k_1_2950,121.9336,105.0392,47.7703,139.3459,99.6413,63.8511,HIGH
office_posture,k_1_300,129.0522,103.6944,57.6462,130.3375,97.7058,62.8609,HIGH
office_posture,k_1_3000,105.3009,118.8524,54.6402,132.2879,98.06,54.5605,HIGH
office_posture,k_1_3050,148.4538,95.4114,75.3664,90.2952,15.7963,45.3816,HIGH
office_posture,k_1_3150,28.3672,107.8819,53.3905,141.1841,96.4414,106.9151,HIGH
office_posture,k_1_3250,98.8483,104.7109,43.6754,148.8995,99.7617,84.4074,HIGH
office_posture,k_1_3350,129.6505,105.6225,53.0859,128.277,99.103,59.3957,HIGH
office_posture,k_1_3400,21.6105,103.3972,50.7721,131.2119,99.8972,104.6734,HIGH
office_posture,k_1_3450,111.4279,104.197,53.7704,150.5884,83.131,67.7794,HIGH
office_posture,k_1_3500,144.1527,103.6769,69.7904,119.949,97.8981,85.1785,HIGH
office_posture,k_1_3550,156.9859,100.1643,80.087,108.7621,99.4997,64.4738,HIGH
office_posture,k_1_3750,156.5295,101.2289,81.1065,107.7279,99.0908,60.6914,HIGH
office_posture,k_1_3800,141.9487,101.0086,69.0513,113.2854,99.8969,80.4377,HIGH
office_posture,k_1_3850,148.0596,91.6241,70.8946,89.3148,16.9432,68.772,HIGH
office_posture,k_1_4400,154.9492,97.9029,82.3989,95.8943,27.0416,65.2264,HIGH
office_posture,k_1_5000,145.2452,93.5697,71.407,94.2655,41.9635,66.9211,HIGH
office_posture,k_1_650,117.4264,108.3635,51.6559,133.0311,99.9717,66.3896,HIGH
office_posture,k_1_6701,158.8878,101.7493,85.2662,108.0344,98.9775,59.3888,HIGH
office_posture,k_1_700,20.722,112.4684,58.4993,139.912,95.7868,121.0332,HIGH
office_posture,k_1_750,62.7395,105.0534,65.8613,128.5299,98.5663,97.1573,HIGH
office_posture,k_1_7551,154.2058,96.0963,75.125,95.2981,84.3496,66.5956,HIGH
office_posture,k_1_9401,156.325,93.9203,77.0863,92.2551,12.2394,69.0273,HIGH
office_posture,mc_1_11250,171.8502,114.0717,85.0125,116.6021,99.6761,36.1213,HIGH
office_posture,mc_1_12150,162.9964,103.3674,89.1922,113.377,98.9933,45.4736,LOW
office_posture,mc_1_12550,154.1487,113.3371,87.8765,111.6883,98.1078,32.3373,HIGH
office_posture,mc_1_12600,154.0296,110.0488,87.2084,108.4078,97.7659,3.4365,HIGH
office_posture,mc_1_13700,153.5535,110.9985,85.562,110.5962,98.7854,24.4862,HIGH
office_posture,mc_1_13900,170.1845,119.7454,85.4066,107.7885,61.3804,30.9328,HIGH
office_posture,mc_1_14050,163.8799,115.0899,88.2466,116.324,99.6201,33.3363,HIGH
office_posture,mc_1_16950,153.9648,112.4029,89.0319,113.6918,99.0149,4.3552,HIGH
office_posture,mc_1_17600,70.9677,176.5674,84.7478,171.7427,28.1468,183.3325,HIGH
office_posture,mc_1_17650,141.03,116.9934,86.8129,118.3491,99.8152,24.3262,HIGH
office_posture,mc_1_17700,159.4677,116.1459,87.256,118.1699,99.6858,13.6431,HIGH
office_posture,mc_1_17800,163.7313,117.6465,92.3744,119.204,99.056,18.601,HIGH
office_posture,mc_1_18000,136.6523,126.0016,86.3933,127.6329,90.8192,50.774,HIGH
office_posture,mc_1_18650,176.8072,111.9574,89.8974,113.0019,97.7172,34.8161,HIGH
office_posture,mc_1_18850,154.9271,95.3553,83.7257,93.5329,0.1715,2.3939,HIGH
office_posture,mc_1_19100,173.6142,106.9458,92.5714,113.6893,98.2392,35.0263,HIGH
office_posture,mc_1_19150,153.6797,104.9361,93.3615,105.5683,23.2085,68.0522,HIGH
office_posture,mc_1_19450,175.635,100.8876,85.2287,107.9947,65.4758,48.3497,HIGH
office_posture,mc_1_19500,166.1934,116.7508,80.2479,107.2875,68.4557,34.4997,HIGH
office_posture,mc_1_2950,173.7705,108.3872,90.9981,114.2544,98.9515,39.5078,HIGH
office_posture,mc_1_3350,163.8361,104.802,96.3292,116.7517,98.0212,5.0081,HIGH
office_posture,mc_1_3400,171.1872,109.7504,92.5703,115.3804,98.8272,31.6651,HIGH
office_posture,mc_1_3450,169.4005,98.6989,94.0464,117.6771,98.7654,10.3273,HIGH
office_posture,mc_1_3550,135.6019,133.0691,91.1668,122.3366,99.8049,106.4335,HIGH
office_posture,mc_1_4000,125.9323,139.755,91.2389,152.7207,79.0612,424.6035,HIGH
office_posture,mc_1_4050,138.3675,129.8798,86.4581,118.0767,99.4584,193.0815,HIGH
office_posture,mc_1_4750,149.6601,115.2597,90.5545,116.0371,99.5806,30.7215,HIGH
office_posture,mc_1_5450,166.5648,110.3507,84.5405,113.5821,99.4468,21.3112,HIGH
office_posture,mc_1_7450,174.5438,113.5268,87.7689,113.7726,98.9326,19.8847,HIGH
office_posture,ms_1_10052,49.7767,133.3552,59.9671,172.6656,95.2017,124.2823,HIGH
office_posture,ms_1_11002,152.2138,103.3434,77.6382,118.6494,99.839,57.242,HIGH
office_posture,ms_1_12702,154.43,103.8529,80.8429,120.9093,99.1105,51.223,HIGH
office_posture,ms_1_12752,160.8776,105.7022,90.1568,120.5489,99.5767,53.0926,HIGH
office_posture,ms_1_14552,127.255,102.2419,66.7505,141.016,76.5167,70.8347,HIGH
office_posture,ms_1_16152,146.3695,107.7,81.4476,136.3635,95.7509,57.7709,HIGH
office_posture,ms_1_16202,151.0709,105.9996,81.2348,128.6265,97.5543,56.2309,HIGH
office_posture,ms_1_17152,83.8606,112.1121,34.3541,139.1241,97.356,77.3095,HIGH
office_posture,ms_1_17502,146.6885,98.7148,74.8935,96.3584,23.2435,39.7162,HIGH
office_posture,ms_1_17902,152.201,106.2275,81.7649,118.9771,98.4921,59.3468,HIGH
office_posture,ms_1_20505,140.9809,108.1137,78.3572,127.9659,97.4138,65.5677,HIGH
office_posture,ms_1_300,137.6343,102.9854,74.1813,115.1443,87.7219,71.2094,LOW
office_posture,ms_1_5652,118.5583,96.0355,40.9353,104.1669,44.6008,73.896,HIGH
office_posture,ms_1_6202,130.1361,108.7442,66.2051,135.425,97.1519,69.571,HIGH
office_posture,ms_1_8052,121.3919,82.4714,27.9442,84.6538,32.606,74.039,HIGH
office_posture,ms_1_8802,58.5575,104.2246,62.5317,143.3523,91.2768,101.3987,HIGH
office_posture,ms_1_9802,98.1058,127.0285,42.8175,173.1149,92.4906,38.6824,HIGH
office_posture,ms_1_9852,114.0362,120.9632,48.2072,173.8631,82.5488,26.9446,HIGH
office_posture,ms_2_1110,106.6346,14.8664,28.2283,92.4301,99.6055,259.7981,HIGH
office_posture,ms_2_11250,88.4042,77.4781,33.33,100.8514,48.6547,126.8503,HIGH
office_posture,ms_2_12150,31.5515,88.2924,24.7756,133.226,96.8135,397.6242,HIGH
office_posture,ms_2_12540,113.6021,10.2668,26.2153,107.6728,98.6825,198.1122,HIGH
office_posture,ms_2_13020,95.9722,24.5952,20.913,73.4371,67.8832,188.8213,LOW
office_posture,ms_2_1410,91.6626,75.7039,29.9452,106.8585,57.3812,119.1623,HIGH
office_posture,ms_2_14310,75.3754,54.8352,11.7471,117.5395,88.1388,212.3578,LOW
office_posture,ms_2_2070,106.5844,66.6493,24.0074,79.4428,45.1135,104.3295,HIGH
office_posture,ms_2_2430,62.4711,84.212,41.8554,165.0067,69.297,180.3356,HIGH
office_posture,ms_2_300,81.2186,61.4569,10.7737,109.1963,88.3247,204.4601,HIGH
office_posture,ms_2_3540,93.4815,60.9319,22.6669,89.568,65.8915,115.4174,LOW
office_posture,ms_2_4080,102.4428,28.2351,29.9934,105.1509,98.9945,208.5462,LOW
office_posture,ms_2_4620,113.8624,57.0328,23.3025,67.172,38.9337,98.8634,HIGH
office_posture,ms_2_6720,39.9263,77.2505,24.2655,97.205,51.3251,106.8951,HIGH
office_posture,ms_2_8880,97.3958,67.587,34.7372,74.7586,32.381,115.812,HIGH
office_posture,ms_3_0,50.9063,103.1886,41.7794,161.8783,68.8733,128.4128,HIGH
office_posture,ms_3_11195,148.6509,102.7699,70.7134,123.4728,98.4619,56.4916,HIGH
office_posture,ms_3_17193,157.3503,100.6018,77.6687,113.4551,99.9075,62.8377,HIGH
office_posture,ms_3_23791,154.3228,93.2887,76.0796,96.3907,22.0933,70.2023,HIGH
office_posture,ms_3_50182,166.219,99.3832,84.2651,119.4495,60.3208,80.5617,HIGH
office_posture,ms_3_56380,155.1526,98.7768,77.2829,113.9738,96.8064,68.3402,HIGH
office_posture,ms_3_65177,68.6767,104.5592,5.5683,158.233,87.6112,99.8457,HIGH
office_posture,ms_3_66776,52.0031,109.4285,31.2072,174.349,96.6097,106.3974,HIGH
office_posture,ms_3_70375,39.1216,96.2921,35.0187,149.8068,74.2138,181.4659,HIGH
office_posture,ms_3_7596,49.477,102.7167,68.1594,125.0313,99.3473,103.2202,HIGH
office_posture,ms_3_80771,110.2256,101.0738,65.6749,137.352,89.3398,85.6593,HIGH
office_posture,ms_3_83570,100.2293,116.2761,48.911,140.2309,99.9915,57.9044,HIGH
office_posture,ms_3_87969,84.9643,100.5935,49.9262,158.3874,88.7671,95.2065,HIGH
office_posture,ms_3_94567,136.5854,89.5701,65.3121,87.7368,13.5878,79.0723,HIGH
office_posture,nl_1_0,173.5696,102.5921,95.0244,104.5643,86.0609,90.1589,LOW
office_posture,nl_1_120,161.2742,104.7591,91.6316,103.795,8.6409,53.509,HIGH
office_posture,nl_1_181,170.1525,103.632,95.1714,99.2809,60.4909,64.1772,HIGH
office_posture,nl_1_271,172.4796,104.0881,96.1439,105.4986,98.0549,62.8811,LOW
office_posture,nl_1_30,169.9083,99.7255,90.0802,94.8279,21.3391,52.0566,HIGH
office_posture,nl_1_361,174.4143,101.1677,94.5174,102.6642,41.9813,51.3547,LOW
office_posture,nl_2_10498,178.0745,119.2633,95.4631,178.1371,23.1514,64.0772,HIGH
office_posture,nl_2_11250,158.6822,103.8146,87.7504,90.4206,18.7859,41.2718,HIGH
office_posture,nl_2_13115,168.6633,101.4913,89.7002,96.5353,98.7404,21.387,HIGH
office_posture,nl_2_13235,47.6581,133.5594,95.5319,95.8693,7.9215,315.8863,HIGH
office_posture,nl_2_13385,156.9584,137.382,93.708,117.1507,82.0231,41.0413,HIGH
office_posture,nl_2_13566,133.9875,113.8063,90.4988,102.0457,0.1544,41.3145,HIGH
office_posture,nl_2_14649,155.4711,111.9644,88.3581,106.7294,26.7794,17.0717,HIGH
office_posture,nl_2_15070,147.9101,116.4788,90.2165,111.4103,89.7396,57.9871,HIGH
office_posture,nl_2_16213,153.6509,104.4221,95.1234,99.7089,87.6977,62.3049,HIGH
office_posture,nl_2_16754,36.7405,111.813,88.4541,113.5925,63.0973,98.2426,HIGH
office_posture,nl_2_17296,63.4449,106.6928,79.1382,65.1833,17.1446,98.8238,HIGH
office_posture,nl_2_17356,151.5989,104.9367,89.122,95.1609,98.3558,64.1524,HIGH
office_posture,nl_2_17386,35.9216,126.6322,92.9825,118.4677,79.6193,172.0575,HIGH
office_posture,nl_2_17416,159.3373,109.7112,92.0798,96.9255,21.2243,23.0562,HIGH
office_posture,nl_2_17476,165.7184,99.7533,85.108,94.1898,16.9267,43.257,HIGH
office_posture,nl_2_17657,157.8732,106.5591,93.8043,94.5298,2.9103,53.9709,HIGH
office_posture,nl_2_1895,167.4481,110.0774,90.1924,108.5643,98.9813,42.7574,HIGH
office_posture,nl_2_19010,166.9795,100.3946,87.6072,98.0135,38.1065,51.3717,HIGH
office_posture,nl_2_19492,159.7211,112.8382,92.4958,102.4282,88.4728,49.7746,HIGH
office_posture,nl_2_2226,166.1946,101.9392,70.3109,92.5747,5.4982,43.2673,HIGH
office_posture,nl_2_2256,151.9325,116.7134,91.0296,105.0346,6.1887,45.8572,HIGH
office_posture,nl_2_2286,25.8839,89.5999,106.8829,149.7107,3.7494,105.1536,HIGH
office_posture,nl_2_2436,141.9254,102.8055,91.1043,110.032,20.0783,83.7774,HIGH
office_posture,nl_2_271,175.3259,105.7241,97.0184,105.7991,61.7943,76.0469,HIGH
office_posture,nl_2_3128,138.867,134.3197,92.7559,124.0566,89.0884,26.2388,HIGH
office_posture,nl_2_3188,171.3076,104.0041,92.26,98.4364,16.8054,51.2778,HIGH
office_posture,nl_2_421,154.2458,107.876,90.653,135.4731,0.1348,34.8279,HIGH
office_posture,nl_2_4482,165.372,101.1838,89.3678,77.8542,0.9049,31.2562,HIGH
office_posture,nl_2_6257,153.7946,117.5176,91.8549,120.8155,33.4469,36.9641,HIGH
office_posture,nl_2_6798,164.6511,105.5938,91.6092,104.1078,83.1941,21.3197,HIGH
office_posture,nl_2_6888,157.9464,107.845,92.5377,98.6769,53.9742,41.1006,HIGH
office_posture,nl_2_7219,177.3805,109.3014,99.3292,113.6385,90.6048,78.8801,HIGH
office_posture,nl_2_7309,151.3414,104.028,83.5527,94.6399,91.6224,46.4648,HIGH
office_posture,nl_2_7791,121.5934,127.0167,90.5032,90.8543,2.6015,39.2482,HIGH
office_posture,nl_2_8182,169.7712,112.099,78.5945,102.6174,88.0588,52.4519,HIGH
office_posture,nl_2_8482,158.2527,102.8185,88.1799,99.8832,18.2499,59.6418,HIGH
office_posture,nl_2_9144,32.2971,146.5559,87.7385,165.4868,1.3067,189.96,HIGH
office_posture,nl_2_932,173.815,102.4475,94.67,99.6927,37.0356,44.1725,HIGH
office_posture,rt_1_10680,160.3025,94.593,88.7687,98.7942,7.0435,25.5264,HIGH
office_posture,rt_1_11250,158.6447,98.3092,91.2077,100.8019,9.9648,19.349,HIGH
office_posture,rt_1_12780,126.2907,124.1482,82.946,127.3748,85.5005,7.5737,HIGH
office_posture,rt_1_1410,147.7512,116.0802,90.0038,123.927,99.7471,9.4037,HIGH
office_posture,rt_1_14310,158.9261,92.9655,88.6618,99.2995,10.9116,21.7004,HIGH
office_posture,rt_1_16920,175.4126,88.2432,85.8009,97.1298,2.9206,51.9435,HIGH
office_posture,rt_1_16950,179.5787,99.8526,89.7688,103.048,20.5582,48.2652,HIGH
office_posture,rt_1_18270,104.623,153.8971,89.1995,140.2855,94.7187,98.2105,HIGH
office_posture,rt_1_1980,158.6551,90.5066,86.6485,94.9377,1.1077,28.4354,HIGH
office_posture,rt_1_20820,163.6235,86.1718,84.2955,96.3559,15.6658,8.6708,HIGH
office_posture,rt_1_21000,147.4636,105.5017,83.2716,114.8719,99.5498,14.7726,HIGH
office_posture,rt_1_21510,173.1363,85.2535,85.4443,95.5934,7.0868,5.1142,HIGH
office_posture,rt_1_21570,178.1404,88.767,91.1741,98.457,4.1102,40.9678,HIGH
office_posture,rt_1_2430,161.9301,90.0981,89.1511,98.801,11.2693,15.1736,HIGH
office_posture,rt_1_3420,167.6196,109.94,86.8663,114.346,99.5699,39.2472,HIGH
office_posture,rt_1_3540,174.2417,86.8571,81.3568,91.5549,1.6106,59.1423,HIGH
office_posture,rt_1_390,148.2979,113.9846,90.5847,128.4631,98.6518,12.2802,HIGH
office_posture,rt_1_570,156.6524,117.2849,102.5185,130.5692,99.9971,28.316,HIGH
office_posture,rt_1_5910,173.6356,89.4457,82.453,91.1841,3.2715,61.1419,HIGH
office_posture,rt_1_6900,176.8109,84.7175,79.9371,89.5622,2.2992,59.7231,HIGH
office_posture,rt_1_7050,144.0696,116.9273,84.879,117.6979,99.9083,8.4243,HIGH
office_posture,rt_1_9030,171.6692,91.0151,85.4009,96.863,6.8889,53.7003,HIGH
office_posture,rt_1_9060,130.9984,56.3468,40.2086,170.177,78.4494,72.7783,HIGH
office_posture,vr_1_1020,114.2333,79.5979,41.4437,82.104,98.7103,93.0926,HIGH
office_posture,vr_1_10292,109.2918,70.535,28.7057,63.2355,93.0464,94.3241,HIGH
office_posture,vr_1_1051,146.9988,79.1302,42.7595,78.4243,99.8461,69.7315,HIGH
office_posture,vr_1_10561,167.3659,68.644,42.9488,60.5446,28.901,73.8894,HIGH
office_posture,vr_1_10592,166.6112,66.869,37.2247,57.9369,60.0927,56.6188,HIGH
office_posture,vr_1_10621,151.4179,76.728,53.3503,70.8606,99.7438,70.5125,HIGH
office_posture,vr_1_10681,167.9509,77.5902,51.0486,73.7469,99.8706,72.9567,HIGH
office_posture,vr_1_10712,174.2347,76.9724,52.6656,71.4384,99.7876,73.4476,HIGH
office_posture,vr_1_10741,172.524,75.2252,49.6201,73.0089,99.789,71.5639,HIGH
office_posture,vr_1_10772,161.8363,67.6894,36.8762,60.764,41.9194,55.6868,HIGH
office_posture,vr_1_10801,149.4497,76.6291,38.5807,74.3443,99.921,68.101,HIGH
office_posture,vr_1_10832,141.382,71.1729,58.0222,51.1061,98.2351,67.8852,HIGH
office_posture,vr_1_10861,158.5085,73.3838,40.8046,66.2717,70.5064,57.2137,HIGH
office_posture,vr_1_10921,145.9268,79.8582,43.2531,80.9319,97.8639,70.533,HIGH
office_posture,vr_1_1111,149.382,77.6489,41.0859,75.9246,99.8931,70.2818,HIGH
office_posture,vr_1_11281,151.6398,66.2661,38.5054,57.7643,52.4176,73.2878,HIGH
office_posture,vr_1_11492,118.1368,69.031,31.5518,60.2049,97.2501,91.6778,HIGH
office_posture,vr_1_11581,106.384,75.5955,40.391,73.6145,99.5073,96.1443,HIGH
office_posture,vr_1_11612,140.1598,82.8112,51.0622,82.3161,90.0032,78.5167,HIGH
office_posture,vr_1_11641,136.911,80.9653,47.3121,80.8161,89.0894,76.7103,HIGH
office_posture,vr_1_11732,146.2997,78.6239,45.4045,76.8162,91.8348,76.3397,HIGH
office_posture,vr_1_11761,136.0309,86.7461,52.3514,91.6427,94.8509,74.5868,HIGH
office_posture,vr_1_11792,149.7971,79.0172,41.3421,81.2607,97.9163,71.2439,HIGH
office_posture,vr_1_11821,154.5262,77.7468,41.7251,77.3036,97.9687,70.3407,HIGH
office_posture,vr_1_11852,46.6687,65.3154,49.2649,64.0721,14.1747,133.9696,HIGH
office_posture,vr_1_11881,168.9707,91.9937,57.4275,109.8151,99.8155,49.9733,HIGH
office_posture,vr_1_11912,159.9123,76.8159,47.5132,71.29,42.354,53.1392,HIGH
office_posture,vr_1_11941,159.6954,78.6208,45.0656,82.3225,99.589,68.2095,HIGH
office_posture,vr_1_11972,152.8711,76.833,43.9803,76.5483,99.5988,71.8568,HIGH
office_posture,vr_1_1200,148.2083,77.4514,40.9564,75.7924,99.8086,71.2736,HIGH
office_posture,vr_1_12001,156.2145,74.8702,43.8888,73.8163,67.2972,62.9127,HIGH
office_posture,vr_1_12061,155.761,83.0972,52.6306,80.9552,67.5686,59.7911,HIGH
office_posture,vr_1_12092,144.1005,81.3573,43.9541,85.5692,99.6728,70.8886,HIGH
office_posture,vr_1_12121,148.5275,89.1136,48.2389,96.575,99.9766,65.1199,HIGH
office_posture,vr_1_12152,141.4281,80.2473,43.759,83.0153,99.9779,71.8521,HIGH
office_posture,vr_1_12181,150.0968,78.5085,44.1044,78.4835,99.9987,69.0549,HIGH
office_posture,vr_1_12241,152.0337,75.3078,40.0648,75.9133,99.9893,69.8594,HIGH
office_posture,vr_1_12272,153.0861,82.5581,45.5182,85.4546,99.5768,67.1404,HIGH
office_posture,vr_1_12361,154.91,72.7685,44.9883,65.6106,29.6894,56.6355,HIGH
office_posture,vr_1_12452,160.3962,68.7032,41.017,61.0526,17.6053,55.1076,HIGH
office_posture,vr_1_12481,159.0095,70.0816,43.4841,60.8571,9.3317,52.4799,HIGH
office_posture,vr_1_12512,158.0096,70.9999,43.0082,64.9914,18.4299,55.205,HIGH
office_posture,vr_1_12541,153.1545,78.9727,42.9869,81.2261,99.8051,68.4782,HIGH
office_posture,vr_1_12572,151.9776,74.6718,42.815,71.2451,70.7664,63.1448,HIGH
office_posture,vr_1_1620,129.0765,65.6998,23.3389,57.1347,16.533,81.1528,HIGH
office_posture,vr_1_1800,149.1178,70.7089,40.3118,66.5335,99.8042,87.1451,HIGH
office_posture,vr_1_1860,163.1214,88.1525,62.7421,89.7359,80.8058,79.7246,HIGH
office_posture,vr_1_1891,159.2203,89.8518,63.6964,91.3829,84.6581,81.9304,HIGH
office_posture,vr_1_1920,135.6956,74.3314,37.0714,71.3737,99.9924,86.7357,HIGH
office_posture,vr_1_1980,143.9536,69.2078,23.7829,63.1662,87.0562,72.3298,HIGH
office_posture,vr_1_2011,150.1876,67.1313,37.3126,59.1262,72.759,74.4057,HIGH
office_posture,vr_1_2040,144.996,78.6745,45.9176,76.1148,89.6195,75.5434,HIGH
office_posture,vr_1_2071,171.2137,78.353,56.0153,76.79,99.6498,67.4972,HIGH
office_posture,vr_1_2100,158.0488,69.0011,41.0848,66.0294,78.042,68.6144,HIGH
office_posture,vr_1_2131,142.8979,67.0533,53.0953,46.3776,98.6832,68.2524,HIGH
office_posture,vr_1_2160,154.4274,70.5298,41.0195,64.2193,81.6568,72.8453,HIGH
office_posture,vr_1_2191,161.941,68.0903,42.318,60.9309,37.7273,59.3465,HIGH
office_posture,vr_1_2220,143.735,70.5838,45.9332,64.9984,44.9061,78.2052,HIGH
office_posture,vr_1_2251,146.9024,73.1858,40.2931,76.345,99.9479,87.8405,HIGH
office_posture,vr_1_2340,148.0499,70.2967,45.7988,65.4493,49.2887,77.1833,HIGH
office_posture,vr_1_2400,145.9932,69.027,44.6812,62.3154,35.5685,77.1719,HIGH
office_posture,vr_1_2460,145.6885,70.5147,46.2137,64.991,44.9974,77.7901,HIGH
office_posture,vr_1_271,153.8698,66.5461,39.1706,58.8884,34.0265,75.082,HIGH
office_posture,vr_1_2760,148.4881,68.5988,43.8017,61.4419,36.9641,76.7105,HIGH
office_posture,vr_1_300,155.2482,67.06,41.1591,59.7759,33.0667,74.8896,HIGH
office_posture,vr_1_31,153.9351,77.6734,42.8409,76.1057,99.5304,64.6523,HIGH
office_posture,vr_1_3120,151.1829,76.0431,40.5139,76.6336,80.0692,73.2333,HIGH
office_posture,vr_1_3151,151.2008,73.7489,40.0081,71.3454,74.2251,73.3921,HIGH
office_posture,vr_1_3240,152.7009,74.9619,39.8666,73.8932,80.7205,71.9228,HIGH
office_posture,vr_1_3691,131.4333,73.0443,42.6514,68.1735,99.8439,91.5285,HIGH
office_posture,vr_1_4080,114.0599,70.2081,22.6845,58.6508,18.8193,90.881,HIGH
office_posture,vr_1_4531,157.5679,69.6725,42.2297,61.1098,30.1509,74.3503,HIGH
office_posture,vr_1_4560,157.3332,69.6209,42.8518,60.9991,26.7179,74.1432,HIGH
office_posture,vr_1_4620,152.4203,77.1828,43.4372,74.6036,99.4089,89.0323,HIGH
office_posture,vr_1_4711,152.6523,77.4386,43.3722,75.4026,99.674,88.456,HIGH
office_posture,vr_1_60,167.8977,113.1842,103.114,108.852,68.9667,62.6792,HIGH
office_posture,vr_1_6511,158.2313,66.6246,40.6414,58.5195,21.4804,71.4339,HIGH
office_posture,vr_1_6900,150.9416,69.8588,43.5184,63.2822,51.5534,76.7754,HIGH
office_posture,vr_1_7020,148.0914,69.4107,45.3318,63.2459,37.8115,76.6807,HIGH
office_posture,vr_1_7111,154.9127,78.6686,46.5007,81.4384,99.529,71.0124,HIGH
office_posture,vr_1_7500,145.4735,68.7713,43.1984,60.9469,30.9554,78.0009,HIGH
office_posture,vr_1_7560,137.6232,73.2227,45.3699,69.3512,99.8964,89.9188,HIGH
office_posture,vr_1_7620,147.8229,78.3297,39.5757,91.6631,99.7925,67.772,HIGH
office_posture,vr_1_7651,150.6863,80.2083,37.9576,96.3223,99.8864,64.9848,HIGH
office_posture,vr_1_7680,160.3724,75.8983,42.8363,75.5202,82.2771,55.8825,HIGH
office_posture,vr_1_7711,152.6371,78.307,40.3012,87.994,98.6038,67.3858,HIGH
office_posture,vr_1_7740,142.8412,76.2586,41.8385,79.5502,99.9901,64.336,HIGH
office_posture,vr_1_7771,145.4848,81.284,39.3682,96.6011,99.9437,66.841,HIGH
office_posture,vr_1_8011,148.7704,80.3065,36.4746,90.3846,99.9607,66.2339,HIGH
office_posture,vr_1_8071,141.1094,67.9162,44.2821,58.9372,12.7813,76.624,HIGH
office_posture,vr_1_8280,159.1548,63.344,38.9493,53.5829,7.47,56.5907,HIGH
office_posture,vr_1_8311,159.4802,69.9956,38.9485,65.5969,99.7164,67.4762,HIGH
office_posture,vr_1_8731,159.794,63.6956,38.5358,52.9114,5.5182,56.3763,HIGH
office_posture,vr_1_8791,148.6475,65.3829,39.1148,57.2341,23.7539,75.8715,HIGH
office_posture,vr_1_91,157.0183,76.2186,39.6417,76.3747,99.9934,65.2214,HIGH
office_posture,vr_1_9301,148.4633,67.5302,36.9587,64.8394,99.7395,87.5957,HIGH
office_posture,vr_1_9452,125.0819,63.8916,30.3184,58.3304,96.6519,88.2104,HIGH
office_posture,vr_1_991,153.6574,76.435,35.9887,74.5522,99.9705,70.0208,HIGH
office_posture,vr_1_9992,156.6643,65.0237,40.1589,55.7194,16.4063,73.9261,HIGH
