neck_flexion,trunk_flexion,elbow_flexion_angle,upper_arm_angle_from_vertical,head_tilt_angle,left_shoulder_elev,right_shoulder_elev,shoulder_symmetry,alignment_deviation,forward_head_posture,wrist_deviation_angle,knee_angle,stance_stability,weight_shift_offset,hand_reach_ratio,finger_spread_ratio,stance_width_ratio,movement_velocity,wrist_movement_velocity,video,frame,task_label,risk_level
90.0,90.0,162.39744300563643,48.274828190623936,90.0,2.184253191072047,2.184253191072047,4.368506382144094,21.411710781433637,11.8329620037982,35.18033059467139,172.9289991718294,3.60491798494849,8.826367557048798,0.6246393476769525,0.0,0.2039362991627431,0.0,0.0,assembly_worker_9s-oFRJJhh8.mp4,585,Inspection,HIGH
82.64785843657603,90.0,170.63665827455117,17.878547517456948,35.63729029020405,9.279922580907417,9.279922580907417,18.559845161814835,32.271643462388674,58.68332928064054,98.51520579222318,165.88245964214585,63.34261111533112,44.53161619603634,1.2926642473141279,0.0,1.233565953054178,0.0,0.0,assembly_worker_E943iVhG9dc.mp4,37,Inspection,HIGH
90.0,90.0,141.75949397162825,18.986414680440895,90.0,8.820129152435188,8.820129152435188,17.640258304870375,24.66820385749708,33.96733207225326,32.77307929125229,126.09406115306433,37.58922162457217,33.676980435848236,0.9626696070635293,0.0,1.8960406917265131,274.72784801203755,345.25976924573047,assembly_worker_E943iVhG9dc.mp4,74,Inspection,HIGH
90.0,90.0,170.91912376575047,74.2807390761972,90.0,0.1738012481171884,0.1738012481171884,0.3476024962343768,34.743535377317144,23.647428876192333,6.638384690701047,165.83318430242858,16.94120492643166,13.206589221954346,0.7447551092819367,0.0,3.288869611881468,202.5735128563083,282.90280183714526,assembly_worker_E943iVhG9dc.mp4,111,Inspection,HIGH
90.0,90.0,140.3381260809457,3.696418599158279,90.0,1.8258035597716797,1.8258035597716797,3.6516071195433595,31.062704445325963,30.996684841741303,46.64170748191823,172.3371939000588,3.8151037005592934,12.850561738014221,0.7526761819059627,0.0,0.3063479746946787,61.03910838286824,163.51889340826295,assembly_worker_E943iVhG9dc.mp4,148,Inspection,HIGH
90.0,90.0,107.68670387024272,9.22854959830231,90.0,3.1347971463962487,3.1347971463962487,6.2695942927924975,33.01205535207025,35.39230477537277,26.597404208705875,175.02731946326153,0.7690012131837551,12.302443385124207,0.6359591244345021,0.0,0.05751089695898508,19.96048447933249,46.38346383657877,assembly_worker_E943iVhG9dc.mp4,185,Inspection,HIGH
90.0,90.0,142.99904290283916,35.785041375815155,90.0,1.2854008099406733,1.2854008099406733,2.5708016198813466,47.03759798810463,36.24939335032882,51.13580723034609,174.3758893513256,4.762738484258827,12.20228523015976,0.8462115804003445,0.0,0.279768256070602,37.444258826483676,62.89653498271962,assembly_worker_E943iVhG9dc.mp4,222,Inspection,HIGH
90.0,90.0,152.74502932602547,12.355345642498166,90.0,0.20845567198107023,0.20845567198107023,0.41691134396214047,29.67842443031621,24.931693834354824,50.389683683861406,171.87375821658225,0.9959391358099386,13.85408490896225,0.7561016805457962,0.0,0.04279366790494683,52.72645098117478,77.361791589572,assembly_worker_E943iVhG9dc.mp4,259,Inspection,HIGH
90.0,90.0,152.04140866069497,35.33721808727398,90.0,0.41314257640394925,0.41314257640394925,0.8262851528078985,47.62989836997008,41.1434839942688,26.7041905735979,172.94203020456928,18.66493507665524,13.486126065254211,0.758585667846537,0.0,1.5161474583954848,61.56342663441031,94.54721278327429,assembly_worker_E943iVhG9dc.mp4,296,Inspection,HIGH
90.0,90.0,137.20505977254126,5.42247999196182,90.0,1.0253645154028372,1.0253645154028372,2.0507290308056745,29.60708076811966,32.00737159173109,41.782579780697795,163.990362495211,9.106568549222425,15.202534198760986,0.8873827639176306,0.0,0.8589778204366532,61.30356426287185,100.40379178935605,assembly_worker_E943iVhG9dc.mp4,333,Inspection,HIGH
90.0,90.0,153.3348396039056,39.819067365750904,90.0,4.099977450297414,4.099977450297414,8.199954900594827,35.613300470763946,31.790534288570267,43.4249004637186,165.7795460363849,8.03965116801845,14.533908665180206,0.7339552187934363,0.0,0.39211689630841173,65.76940298393252,150.4298606753588,assembly_worker_E943iVhG9dc.mp4,370,Inspection,HIGH
90.0,90.0,114.65224573251862,34.00665938985263,90.0,8.107897005879268,8.107897005879268,16.215794011758536,46.06122908462048,36.29503919652754,21.63701918820257,158.0867662612517,18.75434537847492,13.452768325805664,1.1537651128994528,0.0,0.8093226183543719,92.48685053967417,207.11522458631683,assembly_worker_E943iVhG9dc.mp4,407,Inspection,HIGH
90.0,90.0,139.33905238244213,2.1679627443766085,90.0,1.7253203468521345,1.7253203468521345,3.450640693704269,31.170686182592622,41.218085651231505,51.50701512691896,163.86498184131182,0.19412873019567772,16.54697060585022,0.7975678788191546,0.0,0.027095699221343705,69.70769960614392,109.97353089706101,assembly_worker_E943iVhG9dc.mp4,444,Inspection,HIGH
90.0,90.0,138.061330669668,6.263598751859572,90.0,0.675692714898462,0.675692714898462,1.351385429796924,15.616152768054764,39.24694976895896,41.7977319179356,169.6687191202324,8.241617216781473,16.580648720264435,0.9972989834701728,0.0,0.3925662846363626,34.56420569696541,26.032479813314097,assembly_worker_E943iVhG9dc.mp4,481,Inspection,HIGH
90.0,90.0,151.39802282793536,11.428779306442475,86.88490153286914,1.9781646503810295,1.9781646503810295,3.956329300762059,9.217728111876031,41.2016537755164,49.96924352166983,161.10636972853632,8.63186512414602,13.889844715595245,1.0135087627217045,0.0,0.47280275220826845,14.45866588471769,19.51288264840383,assembly_worker_E943iVhG9dc.mp4,518,Inspection,HIGH
90.0,90.0,141.78431892131218,8.65050802564955,90.0,1.137074531707699,1.137074531707699,2.274149063415398,5.724348160268373,39.25155864962397,51.53545824989767,173.09550346144238,2.062162289687417,14.301759004592896,0.8886745270546362,0.0,0.24816119648428409,31.791067883532143,63.31455035055808,assembly_worker_E943iVhG9dc.mp4,555,Inspection,HIGH
90.0,90.0,133.61480675912054,6.857556190798885,90.0,1.0353728208978288,1.0353728208978288,2.0707456417956576,11.892005914697538,36.8936624025616,36.75725056842475,174.95486281162775,7.099387800973029,14.277403056621552,0.7966457573845982,0.0,0.8808637552999764,14.935537308835636,33.4653887672253,assembly_worker_E943iVhG9dc.mp4,592,Inspection,HIGH
90.0,90.0,125.38775910159104,3.4405888466781036,90.0,1.211367681006603,1.211367681006603,2.422735362013206,9.34000461919044,39.00367122197494,37.962025217157105,172.58184043777786,2.47957824863371,14.955462515354156,0.7409935469600336,0.0,0.17985057898623544,16.03652618650878,22.449908147882887,assembly_worker_E943iVhG9dc.mp4,629,Inspection,HIGH
90.0,90.0,129.5841758090631,2.297390329238364,90.0,1.2414689283686942,1.2414689283686942,2.4829378567373883,10.342848169223522,38.07694889687699,38.971375450636,168.41399870039237,0.5228451583141592,14.926934242248535,0.8289722204108839,0.0,0.05719331593304977,4.373794285063232,8.827510946138599,assembly_worker_E943iVhG9dc.mp4,666,Inspection,HIGH
90.0,90.0,139.86866005026306,8.131761393336523,90.0,2.7843879523353166,2.7843879523353166,5.568775904670633,19.073897905923598,35.745718251866556,43.09988967685871,168.0825466793156,6.873676011732079,15.400038659572601,0.737205350078247,0.0,0.36334878696634254,12.595770229336097,23.511205966372447,assembly_worker_E943iVhG9dc.mp4,703,Inspection,HIGH
90.0,90.0,134.5429189387155,6.5857974936011985,90.0,1.6622563500748704,1.6622563500748704,3.3245127001497408,9.989694317988855,38.945405219264075,37.957121445209,165.54495441101994,3.9594327758025982,14.62453305721283,0.8746806178868195,0.0,0.34772644710756656,11.600916743454214,23.186788705138213,assembly_worker_E943iVhG9dc.mp4,740,Inspection,HIGH
90.0,90.0,141.76356710463207,14.594569310488426,90.0,2.2813674716840096,2.2813674716840096,4.562734943368019,18.609705553598058,39.64338099766844,37.168997794269266,169.22449928343684,1.3854617491834542,14.379358291625977,0.8260427583020495,0.0,0.13225754593131936,17.41441375289034,27.153673928921563,assembly_worker_E943iVhG9dc.mp4,777,Inspection,HIGH
90.0,90.0,143.94068662632424,16.962696150099614,90.0,2.400056838504633,2.400056838504633,4.800113677009266,24.018986015782033,36.71477532222086,36.97799047637169,167.3779739782512,0.007329719259004652,14.123271405696869,0.8077711094447902,0.0,0.0004994661680034566,7.8847416814237,12.442602282512322,assembly_worker_E943iVhG9dc.mp4,814,Inspection,HIGH
90.0,90.0,129.94311904687854,8.600008664564086,90.0,2.1019060770617943,2.1019060770617943,4.203812154123589,18.23815364235603,38.151492361322816,31.343110382399736,170.29980269986666,2.2339814549676085,13.659626245498657,0.8018590835660108,0.0,0.21243480349872826,10.629392593824138,16.343858745571087,assembly_worker_E943iVhG9dc.mp4,851,Inspection,HIGH
90.0,90.0,143.9417964596065,10.245306555582086,90.0,3.0363548351511724,3.0363548351511724,6.072709670302345,16.053199231161933,37.58499939770122,53.14463553829576,174.8416319006314,0.2629265715179024,13.50192129611969,0.8127953051918871,0.0,0.015833861272873687,13.895479981978298,38.102166708375734,assembly_worker_E943iVhG9dc.mp4,888,Inspection,HIGH
90.0,90.0,143.7973501832484,10.56209865063756,90.0,2.0377147781756375,2.0377147781756375,4.075429556351275,16.111207758714315,37.601836153019505,54.59308436304779,176.2571887351371,0.6602131413334423,12.603269517421722,0.8624018314208194,0.0,0.05261323684556413,7.849162730187273,6.869606349189978,assembly_worker_E943iVhG9dc.mp4,925,Inspection,HIGH
90.0,90.0,70.5557504513011,18.183960488632508,90.0,6.53508722731722,6.53508722731722,13.07017445463444,51.579923205646836,55.03302513675013,37.6282100373953,118.41544969800862,1.3149035839304313,31.05386197566986,0.5751699034504252,0.0,0.7796621456585263,0.0,0.0,assembly_worker_LcKpP5Y7LKY.mp4,90,Seated Work,HIGH
90.0,90.0,71.20794998615486,19.30321081469009,90.0,13.147182092747748,13.147182092747748,26.294364185495496,26.52092617908227,45.42728333824519,38.09526082855798,105.04647559980855,3.133761709669338,8.11336636543274,0.41463805671420956,0.0,5.898672154346346,124.79718974955414,93.78085191537022,assembly_worker_LcKpP5Y7LKY.mp4,180,Assembly Work,HIGH
90.0,90.0,74.76206347741031,28.90450390226312,90.0,18.554500698404492,18.554500698404492,37.109001396808985,20.53973108416179,50.725117709057685,44.14244042487348,108.57592835578346,5.611799702469863,8.384352922439575,0.349219027838968,0.0,0.9300660761947125,29.45094329402224,15.623526079184646,assembly_worker_LcKpP5Y7LKY.mp4,225,Seated Work,HIGH
90.0,90.0,66.72874064567716,29.611668777742025,90.0,22.697382414191654,22.697382414191654,45.39476482838331,29.272736132983663,49.88272539346168,67.0427637396528,122.50977618262185,6.124324758095025,14.418584108352661,0.5538042833073424,0.0,0.2248757610366745,108.8441060569789,108.47909918963973,assembly_worker_LcKpP5Y7LKY.mp4,270,Seated Work,HIGH
90.0,90.0,59.82265912907931,13.843949767357792,90.0,8.858350600876909,8.858350600876909,17.716701201753818,17.603264591417883,19.772678096977568,49.17228041835775,92.40060696002153,13.414500564913212,6.140455603599548,0.3532960623611764,0.0,1.0160462523007292,147.9877967800253,149.39719928393603,assembly_worker_LcKpP5Y7LKY.mp4,315,Lifting/Carrying,HIGH
90.0,90.0,126.81214232090583,10.274405944687734,90.0,12.668801306144717,12.668801306144717,25.337602612289434,29.343223273671683,66.95598639959157,26.537736376301016,91.65001349247422,36.38817966745177,18.50479543209076,0.6854807906079565,0.0,5.214373340314143,208.4359746438295,242.2139314245388,assembly_worker_LcKpP5Y7LKY.mp4,360,Lifting/Carrying,HIGH
90.0,90.0,20.63710541773337,20.327679543710538,90.0,6.7305989492849845,6.7305989492849845,13.461197898569969,16.56393296700212,38.58131420751004,97.64918545901301,155.41333411368993,18.809306412118843,15.416878461837769,0.4526498220743122,0.0,1.1751010873038377,107.48145392739188,116.91452072740442,assembly_worker_LcKpP5Y7LKY.mp4,405,Assembly Work,HIGH
90.0,90.0,86.50353085417485,8.1910231451355,90.0,9.498933539396214,9.498933539396214,18.997867078792428,30.65381644271031,44.987748845725484,16.338008322281834,147.8818042228591,29.507883912136872,27.15000808238983,0.4931622311524334,0.0,1.6222525361921052,134.69028292668537,141.69744129363838,assembly_worker_LcKpP5Y7LKY.mp4,450,Assembly Work,HIGH
90.0,90.0,76.05669943574844,15.773769925676099,90.0,7.866299718694206,7.866299718694206,15.732599437388412,14.045188842562073,37.36641756820947,159.2738338021508,114.75825169623482,56.93339251627763,15.948718786239624,0.42115822641399675,0.0,7.0069622383139984,236.04725036557474,236.66905664337628,assembly_worker_LcKpP5Y7LKY.mp4,495,Assembly Work,HIGH
90.0,90.0,100.94078815158517,10.307830409025184,90.0,3.031265243387212,3.031265243387212,6.062530486774424,0.44713869322980687,43.90404812606344,169.8599337623817,152.8212120980636,27.057392860981256,5.555620789527893,0.7159990900105002,0.0,0.9979309333551085,142.34549988242824,139.92300768125662,assembly_worker_LcKpP5Y7LKY.mp4,540,Inspection,HIGH
90.0,90.0,151.74249389430557,14.439543237479802,90.0,11.29993410892682,11.29993410892682,22.59986821785364,23.286756893246455,37.930682051220394,80.70264124558884,178.9318354487258,44.73854839908879,8.346673846244812,0.8091949512911351,0.0,1.1891672155343382,116.15836217163672,119.21464210766598,assembly_worker_LcKpP5Y7LKY.mp4,630,Inspection,HIGH
82.48449825928151,90.0,131.58090120663118,33.418394867112525,90.0,4.949296524955207,4.949296524955207,9.898593049910414,50.3617080884567,62.796593539968896,11.757804438577985,110.63190557277005,32.04074203153537,20.29666006565094,0.7346216818540636,0.0,6.202466718512167,195.50811571174347,248.718294223403,assembly_worker_LcKpP5Y7LKY.mp4,675,Inspection,HIGH
90.0,90.0,155.94531872045798,7.452046037922759,90.0,5.124364153755432,5.124364153755432,10.248728307510865,20.480553717144538,6.341288986221345,121.50672731571038,162.57971850582686,34.19150994905829,0.21668821573257446,0.8764075821717393,0.0,1.1763889437409998,319.07606955617064,370.55430808325275,assembly_worker_LcKpP5Y7LKY.mp4,765,Inspection,HIGH
90.0,90.0,171.62029165571346,56.24576300626529,63.50818277713703,4.165999294335247,4.165999294335247,8.331998588670494,79.57568846557626,34.55044328078327,28.80023328773428,127.1100826078816,2.1896413809636734,18.362781405448914,1.1430868350970878,0.0,2.036468788759914,167.87451539635973,197.7152218993328,assembly_worker_LcKpP5Y7LKY.mp4,855,Inspection,HIGH
90.0,90.0,173.07586701208152,57.155086278159985,90.0,0.6814723262551273,0.6814723262551273,1.3629446525102547,68.46238600875498,49.95228525123669,25.920780735855622,172.45207959557786,205.5358492287744,18.3779239654541,2.059564188411317,0.0,5.431351834133377,72.66385946001333,72.44457789401778,assembly_worker_LcKpP5Y7LKY.mp4,900,Inspection,HIGH
90.0,90.0,127.10970936450576,57.39306681475115,90.0,4.798539739151899,4.798539739151899,9.597079478303797,82.94200881407563,39.664621225851164,20.283357449967404,169.20922748285193,6.54177602214121,9.080314636230469,0.6980289715717144,0.0,1.8802698801979552,150.20287497062873,170.760003317278,assembly_worker_LcKpP5Y7LKY.mp4,945,Inspection,HIGH
90.0,90.0,128.40451197563948,57.32157666096103,87.5667498310256,67.5068414954614,67.5068414954614,135.0136829909228,5.035041076389903,197.90674897940795,83.59197599933174,140.00439355708744,47.692898483731334,15.895727276802063,3.5203353687844405,0.0,9.943187141957015,136.75070150357305,88.92166438207911,assembly_worker_LcKpP5Y7LKY.mp4,990,Inspection,HIGH
90.0,90.0,158.35998886444395,58.053375692486284,51.842735319753764,13.508623645771289,13.508623645771289,27.017247291542578,76.35195367313933,6.599859248750155,10.306613173742779,150.6523174626987,16.316591381530266,23.24020266532898,0.9806588261811164,0.0,1.3659840571226267,76.77285993828231,104.59504546184536,assembly_worker_LcKpP5Y7LKY.mp4,1035,Inspection,HIGH
90.0,90.0,107.49345867996482,26.191003189356376,57.243761855106655,11.64585939964469,11.64585939964469,23.29171879928938,71.72009161883966,16.69652772996501,157.66392231180657,177.7701629430595,17.52818129489242,25.852733850479126,0.23611202142769994,0.0,1.3426907262746377,43.930856588772464,80.12297972380861,assembly_worker_LcKpP5Y7LKY.mp4,1080,Inspection,HIGH
73.1691245068225,0.852293770790199,125.26338715558308,144.15926863859346,90.0,11.218034371481552,11.218034371481552,22.436068742963105,1.4874783909448697,27.941336202107387,21.81143561483936,90.46010468700342,4.563769624832585,45.72244919836521,0.205595836770127,0.0,0.725165723261533,0.0,0.0,Ergonomic Risks in Automotive Assembly Lines.mp4,360,Seated Work,HIGH
18.997458708660446,7.321609008143489,154.4067691548817,146.34332313855356,68.48811428614783,9.733777775011191,9.733777775011191,19.467555550022382,12.743869089826246,11.526567119852018,81.93655398305837,83.63518883181274,19.205750889039148,51.99744221754372,1.314143008440162,0.0,1.2602384822167532,147.89446818976182,233.18706139393282,Ergonomic Risks in Automotive Assembly Lines.mp4,405,Assembly Work,MEDIUM
25.03946264329623,74.82246417109974,136.85833729094867,19.93366627820237,25.54852476215954,9.648405719830262,9.648405719830262,19.296811439660523,96.51192177919579,33.60279063979207,94.73433819222458,126.07776204790342,161.21326436911554,9.426699578762054,1.8390211824592937,0.0,2.436411170439051,467.6966242937652,480.2070642471238,Ergonomic Risks in Automotive Assembly Lines.mp4,675,Assembly Work,HIGH
6.665924631768219,72.38297940792711,151.43781964614,14.15128398980641,30.867393112311014,6.7128539285161395,6.7128539285161395,13.425707857032279,95.31008021115905,7.802226074587157,96.32755553440475,157.98898378726665,205.26360249836787,9.521856904029846,2.2572872019315473,0.0,2.85008903325887,43.17397923125441,17.37370678925739,Ergonomic Risks in Automotive Assembly Lines.mp4,720,Assembly Work,HIGH
8.351009498337156,71.36264933285699,135.60490766962053,27.050029377018927,10.770248806000387,13.700666149155147,13.700666149155147,27.401332298310294,94.75602815807468,10.780635384689099,92.93428094813618,154.72915784088127,107.77594161257373,8.42278003692627,1.8605085307247793,0.0,3.7124449725537825,58.14141286506398,16.253304082005133,Ergonomic Risks in Automotive Assembly Lines.mp4,765,Assembly Work,HIGH
70.79656268036676,72.65371950215369,168.25325817986777,5.634059343815465,90.0,10.734612719958118,10.734612719958118,21.469225439916237,95.45202843772512,23.892331633209864,79.19428335578777,166.55177033114242,239.81571573708268,8.666956424713135,2.2949336615415765,0.0,20.251781368116855,58.87083710012635,37.770402093170425,Ergonomic Risks in Automotive Assembly Lines.mp4,810,Inspection,HIGH
90.0,90.0,164.6268769541856,6.203401752094307,8.8288924552666,1.0350125234734386,1.0350125234734386,2.0700250469468773,0.5489243901834067,14.89511677455789,92.95951318329935,171.630515708485,38.63433750045453,2.0915284752845764,1.0292639822822571,0.0,0.8336636379075648,612.6876387489898,551.4459543567812,Ergonomic Risks in Automotive Assembly Lines.mp4,1080,Inspection,HIGH
90.0,90.0,21.627158268466776,11.428199608952854,0.9048286951087655,1.90849831167486,1.90849831167486,3.81699662334972,8.950454343251844,11.169085474902115,102.19771448844776,174.87067189716905,43.9917209761855,1.0062187910079956,0.22125192299163077,0.0,0.9077750928229771,203.31112471522718,449.61496003312413,Ergonomic Risks in Automotive Assembly Lines.mp4,1125,Assembly Work,HIGH
90.0,90.0,175.75337397261794,2.097507852910079,7.955365026119889,0.4001933063461528,0.4001933063461528,0.8003866126923056,1.4669429305222246,12.508805762713305,91.71589314047026,176.0988717171555,43.85793736640441,0.3775596618652344,1.145558898244741,0.0,0.8644022876094654,270.68892681540245,611.515549183116,Ergonomic Risks in Automotive Assembly Lines.mp4,1170,Inspection,HIGH
90.0,90.0,110.65286847150307,149.6029535285133,11.105177687529345,2.8485244481771543,2.8485244481771543,5.697048896354309,5.922303001467723,3.1096038647517545,118.81759726824554,104.04170736756075,27.171302851550085,24.403780698776245,0.20033887570315764,0.0,1.1303378647017954,708.8425751192198,711.2349561792714,Ergonomic Risks in Automotive Assembly Lines.mp4,1215,Seated Work,HIGH
90.0,90.0,142.98003513846305,54.0506267352683,2.410487713432228,1.7984337854161783,1.7984337854161783,3.5968675708323565,4.928840842449707,12.51614777046588,2.8637630872486888,173.65353271517435,54.92846402922071,4.469330608844757,1.1528036155537553,0.0,1.5188640261143094,560.7119476730112,347.2873239038883,Ergonomic Risks in Automotive Assembly Lines.mp4,1260,Inspection,HIGH
90.0,90.0,62.511151362797506,32.89067922489134,0.5549577016836954,2.834068717341099,2.834068717341099,5.668137434682198,1.2153880663951908,14.195526821161502,90.82032037524738,174.43264708314297,44.628497727002795,4.07102108001709,0.5694602029055131,0.0,1.1914764417355572,118.04622733328875,276.4001682775221,Ergonomic Risks in Automotive Assembly Lines.mp4,1305,Assembly Work,HIGH
90.0,90.0,155.6171687078164,158.8116661852212,23.245208294972016,0.403200594338735,0.403200594338735,0.80640118867747,6.061492923472276,1.844268061853251,83.08828795286354,88.7339339010502,18.626613228108326,5.15616238117218,0.2644361701099341,0.0,3.20627351229273,464.2937893295126,217.39168944349302,Ergonomic Risks in Automotive Assembly Lines.mp4,1350,Lifting/Carrying,HIGH
90.0,90.0,63.58287528441935,16.917080664863064,9.492916308055818,0.029300815688564307,0.029300815688564307,0.058601631377128614,4.640119762620322,6.1376194261044965,99.50004405075917,175.68482186215033,40.18033690661516,5.824020504951477,0.4390305687313405,0.0,1.1892721707736826,425.049088233316,181.64970989005778,Ergonomic Risks in Automotive Assembly Lines.mp4,1395,Assembly Work,HIGH
90.0,90.0,107.73968337904645,59.615414050297304,2.117382146991084,4.294743250235853,4.294743250235853,8.589486500471706,10.668339961838177,16.746192654302067,96.38382010429818,174.21847513025466,54.617537001373165,3.5151436924934387,0.6448817879839183,0.0,1.1136818886834103,221.1771860187468,347.51246318652545,Ergonomic Risks in Automotive Assembly Lines.mp4,1440,Inspection,HIGH
90.0,90.0,36.84948867886531,25.719440944296913,3.4571395191178382,2.740422719906925,2.740422719906925,5.48084543981385,2.51363127601936,1.6500305422257593,59.23104716386807,171.30699997035788,47.45976382681342,5.256880819797516,0.6495493457646367,0.0,1.0773735744177522,339.0824534898392,319.7762430692835,Ergonomic Risks in Automotive Assembly Lines.mp4,1485,Assembly Work,HIGH
90.0,90.0,91.19458671693583,27.490338725080832,11.627859997511719,1.5565699985362054,1.5565699985362054,3.1131399970724107,14.456282242502477,3.2408782088711834,79.65882550268012,167.4245618701047,50.08684073068327,3.8374871015548706,0.7321388717022607,0.0,1.1270998261012466,123.13114942520897,154.88283127654745,Ergonomic Risks in Automotive Assembly Lines.mp4,1530,Assembly Work,HIGH
90.0,90.0,87.64085394890407,35.01463908699323,19.157630589726615,4.21567346076757,4.21567346076757,8.43134692153514,14.939764978992475,5.574410377686649,85.66866592630987,146.47690005893605,45.15216099760268,4.581430554389954,0.7008012982563943,0.0,0.9567502714952058,81.37918036349001,57.12737463209371,Ergonomic Risks in Automotive Assembly Lines.mp4,1575,Seated Work,HIGH
90.0,90.0,93.40580832474367,44.44483210810265,17.454490194730564,5.769604619785673,5.769604619785673,11.539209239571345,13.750062097033744,1.5661013612412646,41.03902378335839,95.33062903649505,26.71607338583808,4.695571959018707,1.0619527911184572,0.0,0.6251305786083776,121.61387876943627,194.0295539071504,Ergonomic Risks in Automotive Assembly Lines.mp4,1620,Lifting/Carrying,HIGH
90.0,90.0,59.47755196340795,28.787333667822423,15.529799668475633,4.369676490563402,4.369676490563402,8.739352981126803,11.972972494301514,2.7275227778032587,59.30978170484464,81.76680375826545,35.75942504271299,5.048033595085144,0.6326829683707729,0.0,0.8092195046403325,50.49112156175348,137.26156671646967,Ergonomic Risks in Automotive Assembly Lines.mp4,1665,Lifting/Carrying,HIGH
86.07709740675266,90.0,104.00899588675775,24.039098401524402,43.68238778953414,5.612424503883321,5.612424503883321,11.224849007766641,8.135999336779053,40.47233617701318,169.96989748523885,155.34348946415213,54.05488280564541,11.642390489578247,0.7638254998667179,0.0,7.48290604773022,194.51455665052785,169.5014597760685,Ergonomic Risks in Automotive Assembly Lines.mp4,1710,Inspection,HIGH
90.0,90.0,134.15999369610486,39.96131874762146,50.386044238707655,11.294284273084447,11.294284273084447,22.588568546168894,14.312318400930238,47.63661196954339,175.80132505148788,141.14787618844323,75.6483112459567,12.097269296646118,0.870331127450866,0.0,6.252494574953088,62.80958080212942,46.28502402548956,Ergonomic Risks in Automotive Assembly Lines.mp4,1755,Inspection,HIGH
87.352651154743,90.0,128.14927504571924,33.60884620123056,52.374441101619205,9.542327696187838,9.542327696187838,19.084655392375677,15.807394452275553,47.85641485498941,175.09901963185004,137.34999299765383,32.85398639066946,9.846419095993042,0.8254714204269374,0.0,13.206716773188367,38.22532713008624,13.828546172276262,Ergonomic Risks in Automotive Assembly Lines.mp4,1800,Inspection,HIGH
90.0,90.0,158.3681765709826,38.55561179682692,15.577924181916595,11.197082005014119,11.197082005014119,22.394164010028238,25.79161765022707,17.294089418760297,29.812564774548214,151.4725244530857,56.59646925848784,7.058906555175781,0.6938606121353867,0.0,1.7311704832146706,176.51913740585232,155.63524387373585,Ergonomic Risks in Automotive Assembly Lines.mp4,1845,Inspection,HIGH
90.0,90.0,165.081058850551,65.20299643454433,18.206194722485176,7.560354929022964,7.560354929022964,15.120709858045927,16.65664053004224,25.803861956468836,9.878062416177215,53.816996343364025,19.499212786940333,14.265154302120209,1.0269680161741865,0.0,0.9029570206083862,128.14971005841153,84.23003895966671,Ergonomic Risks in Automotive Assembly Lines.mp4,1890,Lifting/Carrying,HIGH
90.0,90.0,132.79291323740924,19.727262087435676,4.904293970633456,0.43229068546284327,0.43229068546284327,0.8645813709256865,1.5690296868081273,12.314513803569469,23.065651150124573,146.1530229225496,16.497462946039505,2.2843480110168457,0.8097463630031492,0.0,7.026452690955641,0.0,0.0,Ergonomic Risks in Manufacturing Assembly Lines.mp4,222,Inspection,HIGH
90.0,90.0,134.96966378926413,53.72062630116059,4.547622364370403,0.45578964862211574,0.45578964862211574,0.9115792972442315,3.886894951665572,14.645865669399189,46.22314593435903,123.22225598074354,11.016689215460108,2.2402122616767883,0.7327900523153746,0.0,2.4570002714729346,40.85507529037282,104.25523886363173,Ergonomic Risks in Manufacturing Assembly Lines.mp4,259,Inspection,HIGH
90.0,90.0,170.50684221040103,9.759434953903275,6.483843566643476,4.373851099044588,4.373851099044588,8.747702198089176,6.550251504956764,8.921788866041776,102.52517614007405,177.33444903982326,54.394123352231524,7.429826259613037,2.198245513558339,0.0,0.9614296925118633,170.5977332996693,309.1670159712197,Ergonomic Risks in Manufacturing Assembly Lines.mp4,296,Inspection,HIGH
90.0,90.0,170.19127001316588,7.18308566318103,11.33201906943343,6.851012659824332,6.851012659824332,13.702025319648664,6.172572683977707,29.47793061975363,84.52756014726717,169.41073949635748,105.97735456715216,8.02847146987915,2.3386758090488367,0.0,1.5978807281880185,109.07040631404902,136.1828113836981,Ergonomic Risks in Manufacturing Assembly Lines.mp4,333,Inspection,HIGH
90.0,90.0,166.70356327951646,9.399575454206722,4.7212811231927345,2.3792990939142133,2.3792990939142133,4.758598187828427,6.352702627215686,22.583533290125228,89.73583633096584,171.96080153828302,60.834852506801596,7.7330052852630615,1.8891856498784136,0.0,1.0263906316020524,39.145727028242064,31.26798540257804,Ergonomic Risks in Manufacturing Assembly Lines.mp4,370,Inspection,HIGH
90.0,90.0,122.25594867335053,59.330555818359045,90.0,2.677385806666637,2.677385806666637,5.354771613333274,4.737390941693859,22.834610816851246,27.0746071449991,169.10705240109453,23.013813874548855,17.091330885887146,0.5522723001461751,0.0,3.147734420188,375.40961427133664,345.0518110991612,Ergonomic Risks in Manufacturing Assembly Lines.mp4,518,Inspection,HIGH
90.0,90.0,122.3256848342288,56.03884668115131,39.39357189496883,2.1005093383322224,2.1005093383322224,4.201018676664445,1.0190961288905769,21.285958871057602,23.71316184690963,169.81105854363693,26.51326284028082,13.897702097892761,0.4932122726169646,0.0,74.63385786307187,26.367935551844628,40.29876816777411,Ergonomic Risks in Manufacturing Assembly Lines.mp4,555,Inspection,HIGH
90.0,90.0,100.95478640920996,52.48553765908287,23.232831132443952,0.826761374434182,0.826761374434182,1.653522748868364,0.5968324981658222,21.989199008480963,41.530751249868786,165.7009948204115,27.24189105429128,13.576151430606842,0.5003324573538248,0.0,29.558417458512707,21.16324416780854,19.76438624857594,Ergonomic Risks in Manufacturing Assembly Lines.mp4,592,Inspection,HIGH
90.0,90.0,113.22992932725302,55.26460009383898,82.62547824571054,3.34155105938621,3.34155105938621,6.68310211877242,4.111289728515444,27.441175379926737,32.03467076657866,161.45888252780145,18.33863225757824,16.39045625925064,0.4027176277949617,0.0,1.6041772314056433,44.39338340285401,75.1100566387816,Ergonomic Risks in Manufacturing Assembly Lines.mp4,629,Inspection,HIGH
63.24975649586354,90.0,158.86326599112078,50.09051978594557,90.0,10.083380050106024,10.083380050106024,20.16676010021205,73.52004325767342,28.776098928586674,97.42353803404247,157.65520047210816,45.94927315241017,13.588356971740723,0.9169582363525535,0.0,1.2000513358969442,374.3278540291301,55.011909476455074,Ergonomic Risks in Manufacturing Assembly Lines.mp4,703,Inspection,HIGH
90.0,90.0,141.37757807329692,17.772384151180223,90.0,6.857225851139866,6.857225851139866,13.714451702279732,30.001375193103875,31.810962658684023,92.96174763979138,168.53432532131,10.988652653259155,13.781124353408813,0.967868254459977,0.0,0.3682833395863924,422.08804761433396,351.73944503742973,Ergonomic Risks in Manufacturing Assembly Lines.mp4,777,Inspection,HIGH
90.0,90.0,124.20412452232185,19.403243450194694,90.0,2.0877917371863033,2.0877917371863033,4.175583474372607,17.504536428616387,25.93311141512405,151.7323384978223,169.17042749346777,20.668564216573042,5.6162238121032715,0.8208169292949933,0.0,0.6256866496905505,119.64422388140987,95.15490177278141,Ergonomic Risks in Manufacturing Assembly Lines.mp4,814,Inspection,HIGH
90.0,90.0,87.6935153099808,16.690938062604147,3.907055778934019,2.903824781106163,2.903824781106163,5.807649562212326,8.01487416096828,29.448314417397377,173.06066714580675,169.27178295462315,23.2178362638371,10.519972443580627,0.9234336001346337,0.0,0.5433050266658598,319.4160858390293,380.6591450913668,Ergonomic Risks in Manufacturing Assembly Lines.mp4,851,Assembly Work,HIGH
90.0,90.0,95.91781025943897,25.768309912955594,5.462029865594543,5.521065593693729,5.521065593693729,11.042131187387458,3.1887787205384543,49.897716779753075,128.34354075937824,120.19550724514238,49.43688720841911,20.40988802909851,0.4159141523505343,0.0,1.5867043700193706,143.69226806990255,218.4001480843952,Ergonomic Risks in Manufacturing Assembly Lines.mp4,888,Assembly Work,HIGH
90.0,90.0,138.63719327965046,24.561441251358872,18.93804222710005,5.100754406839552,5.100754406839552,10.201508813679103,0.28480065975789914,36.691380949457745,155.924247971687,112.69589871215544,44.81369571695124,18.293529748916626,1.0448167585608983,0.0,1.2558993145418267,132.7998010394139,265.01251664056474,Ergonomic Risks in Manufacturing Assembly Lines.mp4,925,Seated Work,HIGH
90.0,90.0,80.71643369900448,15.168872086043512,8.009652457897966,1.4201941726943108,1.4201941726943108,2.8403883453886216,2.8268739509921392,34.02466040476539,155.54756161295745,6.987041442964106,22.178081683449456,1.2551367282867432,0.6525019945056254,0.0,0.6206345681103966,211.29450093599064,161.99600308119187,Ergonomic Risks in Manufacturing Assembly Lines.mp4,962,Lifting/Carrying,HIGH
90.0,90.0,61.682756083601,16.576240525685577,0.2823013049138934,1.797639975344772,1.797639975344772,3.595279950689544,16.73151561386818,5.854001374640784,89.56059240327747,176.57414695518906,51.21007630298563,18.822450190782547,0.6981937261331467,0.0,1.1529213197822157,284.8484935427649,66.61377424781199,Ergonomic Risks in Manufacturing Assembly Lines.mp4,999,Assembly Work,HIGH
90.0,90.0,61.56158193415733,14.867099640493896,0.7756297156642113,1.261290465688739,1.261290465688739,2.522580931377478,7.5602664975218445,8.392283959212168,88.47054277684539,176.82170570804828,52.645665549535956,22.605450451374054,0.7061569786111892,0.0,1.024357145181299,31.444374103079788,11.027448265145457,Ergonomic Risks in Manufacturing Assembly Lines.mp4,1036,Assembly Work,HIGH
90.0,90.0,65.01911181213177,15.871281003149733,0.02636573218269487,1.0731774924329796,1.0731774924329796,2.146354984865959,6.688656886907032,7.225040822354321,92.05740767712447,176.36767957210208,47.04973381428436,22.470252215862274,0.6861696722841654,0.0,0.9660500695867565,8.907822347615697,6.853530096397607,Ergonomic Risks in Manufacturing Assembly Lines.mp4,1073,Assembly Work,HIGH
90.0,90.0,38.352892341443855,66.3836391783345,25.175117555491603,1.4335294142959543,1.4335294142959543,2.8670588285919085,6.817454476402653,20.229454978461344,91.55827594435924,173.93115001326538,51.009903823524446,10.092504322528839,0.32407029861068193,0.0,1.1332910709204054,187.79911333214065,354.8488416047091,Ergonomic Risks in Manufacturing Assembly Lines.mp4,1110,Assembly Work,HIGH
90.0,90.0,52.23532006380892,77.4722610482012,17.494082143817657,4.5525493253565505,4.5525493253565505,9.105098650713101,3.5194897627104296,6.458208065990179,117.42665382402335,170.52858691010948,58.27664934043103,3.5091176629066467,0.24059291820816736,0.0,1.4122928166224833,139.69978381640254,132.86607883022654,Ergonomic Risks in Manufacturing Assembly Lines.mp4,1147,Assembly Work,HIGH
90.0,90.0,88.96522522200664,60.89439606572522,10.701862459985936,4.0055364433525416,4.0055364433525416,8.011072886705083,7.268941586946441,0.5046685735493869,11.557917447403874,174.09251398357299,60.15608045107273,1.7079010605812073,0.6370812717034914,0.0,1.2315118531369096,101.92667824104267,168.8335271898206,Ergonomic Risks in Manufacturing Assembly Lines.mp4,1184,Assembly Work,HIGH
90.0,90.0,82.56784641652305,47.878615579789866,8.347904486069462,3.303799840316144,3.303799840316144,6.607599680632288,15.6440309865365,19.468646913879102,81.87122441534747,167.76874796989696,55.74397743618468,1.1552751064300537,0.5474478760180728,0.0,1.250758597008305,112.95199534448813,51.791076793849996,Ergonomic Risks in Manufacturing Assembly Lines.mp4,1221,Assembly Work,HIGH
90.0,90.0,65.46591373034153,45.229377593660274,3.829819466042797,3.3046342254007945,3.3046342254007945,6.609268450801589,16.950580061673513,14.591805477408313,91.13341853735379,174.1477520247871,58.23009771440234,2.1122202277183533,0.5392297263184047,0.0,1.235612808232948,43.3200589047795,16.507505332182134,Ergonomic Risks in Manufacturing Assembly Lines.mp4,1258,Assembly Work,HIGH
90.0,90.0,154.09090140136598,3.061124788508233,90.0,7.924434346028737,7.924434346028737,15.848868692057474,7.158294726867694,14.620824190152248,61.02977661288801,150.80286179632708,11.694582002120038,19.289281964302063,0.9104859107682363,0.0,2.8340408347972597,304.2080296101489,350.06840620315023,Ergonomic Risks in Manufacturing Assembly Lines.mp4,1295,Inspection,HIGH
90.0,90.0,131.02458616773603,7.084260355413568,22.72048574787544,3.7245034917985995,3.7245034917985995,7.449006983597199,3.3405965998961062,27.001556023102953,146.0596741876064,99.81997559116417,25.74216381984981,0.1889243721961975,0.9847741925497491,0.0,9.915176246820216,0.0,0.0,Ergonomic workplace analysis - Tutorial Video.mp4,148,Lifting/Carrying,HIGH
90.0,90.0,125.74166034904442,5.367402612663504,3.4435474786938083,2.9838234046234753,2.9838234046234753,5.967646809246951,3.5251664008591184,31.12051943252804,149.6257422635627,92.84722281721466,8.615194708539674,0.2058953046798706,0.9536114068958833,0.0,3.9753348445608343,95.18385776554277,98.39549082696868,Ergonomic workplace analysis - Tutorial Video.mp4,185,Lifting/Carrying,HIGH
90.0,90.0,90.08063273416258,26.168398586865315,22.428033440203688,0.5289212679164889,0.5289212679164889,1.0578425358329777,9.665024126313686,36.52750874242079,153.91223414729956,91.98719457196611,12.081019440947642,1.8416836857795715,0.6916248245671287,0.0,1.0373553767239794,91.15914546487306,59.15318239329115,Ergonomic workplace analysis - Tutorial Video.mp4,222,Lifting/Carrying,HIGH
90.0,90.0,75.84462776472186,11.528343290206966,90.0,2.607762204616222,2.607762204616222,5.215524409232444,4.303781141246583,21.28913950350185,143.71616799197744,83.98991762446354,17.342841483709478,2.0928576588630676,0.5946649101614726,0.0,0.8549177347811663,54.06577559425405,88.75557442291567,Ergonomic workplace analysis - Tutorial Video.mp4,259,Lifting/Carrying,HIGH
90.0,90.0,170.76096057536262,15.468079286972255,0.6726532708723648,1.493615900016395,1.493615900016395,2.98723180003279,3.1817335493275007,16.933118753360528,114.70711871095466,129.9764926671388,6.347202467845505,3.928622603416443,0.870832732356476,0.0,116.44030161438933,61.96348996670211,33.94328093244147,Ergonomic workplace analysis - Tutorial Video.mp4,296,Inspection,HIGH
90.0,90.0,96.9738358735587,53.86700417943702,90.0,0.026017112039508686,0.026017112039508686,0.05203422407901737,11.448043469558518,15.377232968085636,46.89316830585922,128.39812311152338,33.58207011553764,1.4659330248832703,0.5549390661093236,0.0,4.149050900329827,113.7890907551406,233.59204723864426,Ergonomic workplace analysis - Tutorial Video.mp4,333,Assembly Work,HIGH
90.0,90.0,166.8300036555695,154.75129681200738,9.864165001339368,0.7741094042255697,0.7741094042255697,1.5482188084511395,1.728266630387869,5.4331515796795635,77.84376436127249,164.06037530847053,25.748470547472223,6.107109785079956,1.0003212981632608,0.0,1.452684285318372,116.75899514869201,153.48695112170134,Ergonomic workplace analysis - Tutorial Video.mp4,370,Inspection,HIGH
90.0,90.0,157.85299073191817,135.21905138469413,90.0,2.74905325813456,2.74905325813456,5.49810651626912,4.115496081515357,2.498415330087138,67.36606065252131,166.08782871425632,3.5560657393362645,12.645795941352844,0.8044182076532792,0.0,0.5059055321279363,97.7419044783448,129.6466471184034,Ergonomic workplace analysis - Tutorial Video.mp4,407,Inspection,HIGH
90.0,90.0,159.4763093209234,131.14424255857932,90.0,4.553709754650287,4.553709754650287,9.107419509300573,2.806731015666669,2.953366835348571,61.66793323740799,169.82993002057748,8.996047609942147,14.95392620563507,0.7128685429368609,0.0,4.2566323461346665,36.31098322925724,31.597690636988684,Ergonomic workplace analysis - Tutorial Video.mp4,444,Inspection,HIGH
90.0,90.0,145.707456082894,149.77733046039953,4.756418077068485,2.2100683751121584,2.2100683751121584,4.420136750224317,4.011191007058063,2.6557996644743276,103.60061456586965,167.7325110981991,14.05126478925571,15.05143940448761,0.8892464284005985,0.0,0.5496675192818032,59.44934378266432,136.75618842116813,Ergonomic workplace analysis - Tutorial Video.mp4,481,Inspection,HIGH
90.0,90.0,94.98541027893083,7.175302178272159,15.262846551110576,6.375224604457257,6.375224604457257,12.750449208914514,17.048208595646866,37.55610670211819,144.6046358286706,153.61946714262,42.67227315559769,9.937825798988342,0.6747641078095616,0.0,5.205539310006001,161.18462303520218,247.7125430530926,Ergonomic workplace analysis - Tutorial Video.mp4,518,Assembly Work,HIGH
80.69923392384015,90.0,148.85949449911757,23.347338504852257,54.36129023160698,1.7860513288875528,1.7860513288875528,3.5721026577751056,28.20734620861337,51.56584281198722,97.79316699581076,166.50524671789566,14.169539059823085,3.4999459981918335,0.8637631287712157,0.0,0.949406141268234,102.63658222455526,116.65795205507379,Ergonomic workplace analysis - Tutorial Video.mp4,555,Inspection,HIGH
90.0,90.0,161.89898541526054,19.686248107292318,51.93632311086559,1.8784280276142045,1.8784280276142045,3.756856055228409,21.52372819875418,34.052415141060855,88.41476647716465,126.23679507978986,17.02849431748571,0.7951676845550537,0.9716690938897571,0.0,2.7053907793776686,56.46658347696396,35.86140164843089,Ergonomic workplace analysis - Tutorial Video.mp4,592,Inspection,HIGH
90.0,90.0,147.78320568880497,6.878335931450235,90.0,5.213589773543781,5.213589773543781,10.427179547087562,2.7110648147531373,23.071412660541853,129.09513024251493,102.41751057135815,55.14872778962507,2.699524164199829,1.2522192264514793,0.0,10.074337676106994,76.0149431769629,82.10553428816337,Ergonomic workplace analysis - Tutorial Video.mp4,629,Inspection,HIGH
90.0,90.0,108.43239529593073,30.36278846185511,90.0,4.317863976432884,4.317863976432884,8.635727952865768,14.94686097601826,32.981149683703954,174.75103675486605,98.89164346580823,19.38448669049334,1.9030511379241943,0.6770969577237322,0.0,1.8320815572441285,133.34744054645915,211.72750084712908,Ergonomic workplace analysis - Tutorial Video.mp4,666,Lifting/Carrying,HIGH
90.0,90.0,103.08067911882209,34.43332770151473,4.967873823382065,2.644486183579842,2.644486183579842,5.288972367159684,15.805049155443557,33.28753661513449,158.64735141733206,110.60847668887567,14.468532742366428,1.9962728023529053,0.8145555327307715,0.0,1.189440630695229,59.0741292633101,80.4048490521046,Ergonomic workplace analysis - Tutorial Video.mp4,703,Seated Work,HIGH
90.0,90.0,155.8856979673993,11.722917613383725,8.974058637702578,3.7039239326077054,3.7039239326077054,7.407847865215411,12.786692717101012,33.39402020170123,125.83721964572418,112.29020069689821,18.881187620406227,0.9942114353179932,1.1279094596753585,0.0,3.223742369591034,52.38601617704961,130.64506025769157,Ergonomic workplace analysis - Tutorial Video.mp4,740,Inspection,HIGH
90.0,90.0,133.91169901513055,8.414655825645323,21.231808486250696,2.7089880382003337,2.7089880382003337,5.4179760764006675,5.28407769657022,26.655212584926936,144.5029568104347,80.88349034488897,22.03325364789176,0.25147199630737305,0.9788625681957679,0.0,17.873374204557905,67.68172373993956,69.19042007165973,Ergonomic workplace analysis - Tutorial Video.mp4,2183,Lifting/Carrying,HIGH
90.0,90.0,133.900950971317,9.286072074430168,8.933823721344407,2.615835369828562,2.615835369828562,5.231670739657124,5.122854977874437,28.00961759292346,145.38512110303395,100.2871354069627,7.886379356953091,0.2054169774055481,0.9461644916563702,0.0,6.314999120654274,103.22659400980143,107.4777749483153,Ergonomic workplace analysis - Tutorial Video.mp4,2220,Inspection,HIGH
90.0,90.0,91.54724227644502,24.39232071398363,12.903972992348422,2.5356251788629574,2.5356251788629574,5.071250357725915,16.0302979517387,34.32003026122697,157.15492156246617,120.32137380958044,27.738607181861436,1.6754746437072754,0.6860564064273118,0.0,6.256354644141055,87.10343715115545,59.907840138744284,Ergonomic workplace analysis - Tutorial Video.mp4,2257,Assembly Work,HIGH
90.0,90.0,64.14955921047942,10.83301412292753,90.0,1.527615072716056,1.527615072716056,3.055230145432112,0.259963238519338,23.03107156570327,140.44800796157253,140.65870118576322,23.606914285938576,2.2183656692504883,0.5399810085822713,0.0,1.579279869517114,58.512069612161774,89.48536481551514,Ergonomic workplace analysis - Tutorial Video.mp4,2294,Assembly Work,HIGH
90.0,90.0,177.84300801811338,4.8404411502521425,53.82753943169563,0.3240547566194858,0.3240547566194858,0.6481095132389716,7.847423362895982,18.05579693417433,94.40948495690344,15.510230408738728,15.94384062615922,4.020650684833527,0.800801903630787,0.0,1.023565092749887,69.14574421376116,16.50380502346725,Ergonomic workplace analysis - Tutorial Video.mp4,2331,Lifting/Carrying,HIGH
90.0,90.0,95.57131951448775,49.47041758138506,90.0,1.9092500165320259,1.9092500165320259,3.8185000330640517,13.539034763236204,16.757880799432623,43.89909806688377,100.51457155282557,3.7442153308592103,1.2262925505638123,0.5664436281476708,0.0,0.9945748446729478,120.24308198748757,203.27471573136813,Ergonomic workplace analysis - Tutorial Video.mp4,2368,Seated Work,HIGH
90.0,90.0,168.00966360586824,154.28005668622228,9.489379769177047,0.07408040836033931,0.07408040836033931,0.14816081672067863,2.0530153844097567,7.792876233398862,76.2703930786736,156.89797453064392,20.24560668554231,6.137615442276001,0.9709403456626436,0.0,1.0857446652351155,115.1194841042341,158.31456459953117,Ergonomic workplace analysis - Tutorial Video.mp4,2405,Inspection,HIGH
90.0,90.0,162.1247398916418,139.18649780160484,90.0,1.5980684419376563,1.5980684419376563,3.1961368838753126,3.3804961086704965,1.969312880771713,67.06175790959485,168.91205038053226,4.437717582139472,12.618908286094666,0.7773581755103797,0.0,0.5202667681471431,96.85818629285674,127.14422141709517,Ergonomic workplace analysis - Tutorial Video.mp4,2442,Inspection,HIGH
90.0,90.0,133.67486389019956,148.04912345592703,45.5451074779183,25.140877511045588,25.140877511045588,50.281755022091176,69.38970788622785,27.67484987829719,129.9624578765512,151.74990644188574,18.41355031505916,42.30538308620453,1.4679250690429249,0.0,0.2474405124724764,0.0,0.0,Five Steps For Ergonomic Workstation Design.mp4,220,Inspection,HIGH
90.0,90.0,137.38865467838917,156.09528020392736,20.547252568871258,10.914966026063071,10.914966026063071,21.829932052126143,63.46187935902062,42.23376415758065,129.97553732178142,163.36993545953504,50.75958665926781,40.26486277580261,1.047567426295635,0.0,0.786037690892428,51.21669135525256,45.71993609982876,Five Steps For Ergonomic Workstation Design.mp4,264,Inspection,HIGH
90.0,90.0,170.50176558564186,33.48957340318185,75.70516822893278,9.497075756737072,9.497075756737072,18.994151513474144,61.216297792954165,20.400597495186453,62.34801286094225,173.26239160841948,47.116732694068844,32.08134472370148,0.7345495964895454,0.0,1.7618641386414553,221.18804405857253,197.30579041301962,Five Steps For Ergonomic Workstation Design.mp4,308,Inspection,HIGH
90.0,90.0,164.08179995311025,74.25386446522165,85.85773659883931,32.1117941586426,32.1117941586426,64.2235883172852,98.60238681401835,32.95111162134891,172.58262702395677,177.89499661305655,1.261124055350087,1.4048665761947632,1.333672621429693,0.0,0.42649196482397084,388.4454522847294,493.907415009911,Five Steps For Ergonomic Workstation Design.mp4,396,Inspection,HIGH
90.0,90.0,89.00569203072773,57.07301211354663,90.0,3.092570570678469,3.092570570678469,6.185141141356938,18.178187165132123,29.655144026716652,58.067320082816366,68.3641174780652,25.728988749543767,38.79789263010025,0.22776067820334006,0.0,1.0389085788896226,517.0931389551173,423.7968429258113,Five Steps For Ergonomic Workstation Design.mp4,704,Lifting/Carrying,HIGH
90.0,90.0,102.85709767931996,64.14457337146276,90.0,2.3039517377070733,2.3039517377070733,4.607903475414147,25.93950571057625,31.46328301606533,51.28747569212006,63.39597218373531,22.469235258027105,38.906390964984894,0.5481588708944752,0.0,1.2198943377017322,18.30821482749953,32.50676613393771,Five Steps For Ergonomic Workstation Design.mp4,748,Lifting/Carrying,HIGH
90.0,90.0,133.15688515754778,15.978506097940523,90.0,4.425615307182024,4.425615307182024,8.851230614364049,1.893083372575937,14.975746969690093,71.63428519385805,156.79733280081626,3.233037596347948,17.66207367181778,0.7592519117537859,0.0,0.17264293423184654,300.10465950557693,260.26560870665065,Five Steps For Ergonomic Workstation Design.mp4,836,Inspection,HIGH
90.0,90.0,137.1373012609011,7.181071531744795,40.47004039314452,9.826471866491941,9.826471866491941,19.652943732983882,9.992184828544922,31.700613055064746,39.9562297292194,159.16179585263285,10.037942133661351,13.207709789276123,0.8321039103038006,0.0,0.5123139386882882,128.95885381283043,154.83602337099092,Five Steps For Ergonomic Workstation Design.mp4,880,Inspection,HIGH
90.0,90.0,110.59894089733633,71.70985507778641,34.57638921514341,0.5960507336962876,0.5960507336962876,1.1921014673925752,14.922155996693236,9.278289071555003,68.62088304512048,178.14066261715482,28.687279622658814,25.353102385997772,0.4843477504528259,0.0,1.004080567736207,234.31051346020368,361.6473715613332,Five Steps For Ergonomic Workstation Design.mp4,924,Inspection,HIGH
90.0,90.0,147.70526795571078,55.09352979520384,90.0,7.207321262540265,7.207321262540265,14.41464252508053,21.170180521537016,10.227879819520677,38.320140461104565,136.15056117282586,7.40096383630857,36.871711164712906,0.8252904996984768,0.0,3.273809476463091,98.3281784169773,27.51412808730757,Five Steps For Ergonomic Workstation Design.mp4,968,Inspection,HIGH
90.0,90.0,102.48799591392202,37.608200400746625,41.02588051786953,6.693166237430534,6.693166237430534,13.386332474861067,31.359739082500404,27.294788681483944,129.90380368523824,177.7751363273456,164.27982345476423,25.22953450679779,0.5805753595117107,0.0,4.010252502787331,224.21039814642435,198.72534282952472,Five Steps For Ergonomic Workstation Design.mp4,1012,Inspection,HIGH
90.0,90.0,135.99629495356487,28.530370070105985,22.987200141823433,0.4884435437726386,0.4884435437726386,0.9768870875452772,18.14822679779074,5.95842651658011,105.27129883213539,172.65220265590298,15.049709567461694,27.26910412311554,0.393232682284122,0.0,1.5302299958046737,62.23454211429099,5.74992837862556,Five Steps For Ergonomic Workstation Design.mp4,1056,Inspection,HIGH
90.0,90.0,81.86703217490081,17.311416279187792,90.0,4.881022647948991,4.881022647948991,9.762045295897982,16.140059565655996,22.612834788694876,43.25503652306115,170.32826187576262,21.718131495311024,33.92312601208687,0.5816909504394094,0.0,1.0669477890404984,62.094424676161566,62.93761560583811,Five Steps For Ergonomic Workstation Design.mp4,1276,Assembly Work,HIGH
90.0,90.0,85.49829910708614,16.01326082943072,90.0,4.707565504335955,4.707565504335955,9.41513100867191,17.767499453018644,25.348779413347106,44.516251977099564,167.8951881408965,19.987650038849868,33.76888260245323,0.6136280856777149,0.0,0.9515403759336077,5.442617060908195,9.113207825258351,Five Steps For Ergonomic Workstation Design.mp4,1320,Assembly Work,HIGH
90.0,90.0,123.89618586439911,27.13750723603443,90.0,5.531846047582846,5.531846047582846,11.063692095165692,6.710071908429255,31.10976083308874,24.490726693414917,101.58785023905376,14.251264051114445,9.802654385566711,0.3869111493583186,0.0,1.0181770534342076,339.5636389759396,359.7759403126811,Five Steps For Ergonomic Workstation Design.mp4,1408,Seated Work,HIGH
90.0,90.0,103.9786840269257,17.358147361900336,90.0,5.813919867816617,5.813919867816617,11.627839735633234,8.765695723099725,29.548396661501975,25.284884605289736,87.00955209677664,14.892184132253968,10.533407330513,0.561747322183308,0.0,1.8729866949980132,13.229058063044034,24.79067321078764,Five Steps For Ergonomic Workstation Design.mp4,1452,Lifting/Carrying,HIGH
90.0,90.0,91.68615792348992,10.039406471292136,90.0,3.6283354089451962,3.6283354089451962,7.2566708178903925,16.17782510658451,27.49605976776392,23.84473239922362,75.45948566134965,3.0251658197490854,11.652973294258118,0.4615601706255162,0.0,0.1606053848328886,8.700091260344678,10.031525382196612,Five Steps For Ergonomic Workstation Design.mp4,1496,Lifting/Carrying,HIGH
90.0,90.0,82.91587309528195,11.006804816188335,90.0,3.8407282253862847,3.8407282253862847,7.681456450772569,17.076006077220224,25.470304543279216,20.024471613834386,80.36110303598127,13.244292236056133,11.575731635093689,0.42488689202942165,0.0,0.7501673792567028,6.554919310083496,5.747782910650877,Five Steps For Ergonomic Workstation Design.mp4,1540,Lifting/Carrying,HIGH
90.0,90.0,99.42432739329288,21.313076099973465,2.1009077757822654,0.8136744388817849,0.8136744388817849,1.6273488777635698,4.4259723269176074,6.294160369313687,177.6927282722504,146.78913560739835,55.00858495670349,13.132542371749878,0.7231929771407056,0.0,1.0635447342477296,231.38860129061283,180.94307547557318,Five Steps For Ergonomic Workstation Design.mp4,1892,Seated Work,HIGH
90.0,90.0,94.22414209463619,23.809726982939054,9.173522383021545,0.2424624291977121,0.2424624291977121,0.4849248583954242,5.253891522436695,30.432895031989293,117.61910570737649,157.92122561403406,21.80809150840604,12.316328287124634,1.1171918487192467,0.0,0.5937258575301074,50.603899859983244,48.366442051891475,Five Steps For Ergonomic Workstation Design.mp4,1936,Assembly Work,HIGH
90.0,90.0,163.98327725983242,19.975882582359294,6.14816028561614,2.086610104845946,2.086610104845946,4.173220209691892,5.483402452275881,3.4532182701817815,101.39873801563405,156.95551548756185,24.88348214169718,12.899965047836304,1.268816223609579,0.0,0.6282531315879688,56.65724521352258,61.93850161843214,Five Steps For Ergonomic Workstation Design.mp4,1980,Inspection,HIGH
90.0,90.0,60.54592700022885,28.53551969901692,6.997914376598599,7.704245148068329,7.704245148068329,15.408490296136659,10.725357787545056,6.341259390046039,122.01040730117927,102.96362305019574,11.540876640286506,12.71611750125885,0.6888477329232059,0.0,0.2656461362382801,67.48625931588123,158.07832029149273,Five Steps For Ergonomic Workstation Design.mp4,2024,Seated Work,HIGH
90.0,90.0,159.8511624805318,34.604760811100284,90.0,1.2263362302914158,1.2263362302914158,2.4526724605828316,6.737625724075315,20.02898593454053,35.246401669519784,160.57163934693648,12.557549947106054,13.994772732257843,0.9908619333124896,0.0,4.158884896116184,294.9923899151231,203.9020379282827,Five Steps For Ergonomic Workstation Design.mp4,2508,Inspection,HIGH
90.0,90.0,154.72322147963808,44.62528267289676,90.0,1.147500242136717,1.147500242136717,2.295000484273434,4.393704461132717,17.208227614323437,36.47251596269752,130.99671866228582,21.706165394480003,12.987343966960907,0.9699396363785773,0.0,1.7450733452504834,37.30215488029245,74.30185496204473,Five Steps For Ergonomic Workstation Design.mp4,2552,Inspection,HIGH
90.0,90.0,155.15650529174215,50.01488495750793,90.0,1.5001405995328314,1.5001405995328314,3.000281199065663,7.56393283996161,17.89588442303818,39.41677795594718,109.71625315697116,26.34170797198263,13.762080669403076,0.9285349642677396,0.0,57.88779455682179,31.927168458761827,22.98206267340879,Five Steps For Ergonomic Workstation Design.mp4,2596,Inspection,HIGH
90.0,90.0,118.08968161320553,26.27758738941715,12.203551576919695,2.987692932183155,2.987692932183155,5.97538586436631,3.778689387586965,18.54367595264959,8.209576517600553,162.65140688201149,92.90862824140551,1.3750433921813965,1.1395095039243657,0.0,2.231026186536172,0.0,0.0,Lifting Boxes without bending ｜ Spring Operated Pa.mp4,220,Inspection,HIGH
90.0,90.0,135.41697074027937,19.46552341996326,3.245694537888876,2.019949711093275,2.019949711093275,4.03989942218655,6.557792920623674,9.339343073186186,39.69613907179502,162.37077094014583,69.36871183700538,1.9972741603851318,0.9840935206050375,0.0,1.8447173559947567,20.216351781545484,32.463038359993405,Lifting Boxes without bending ｜ Spring Operated Pa.mp4,264,Inspection,HIGH
90.0,90.0,111.51841111729246,16.026895410011385,13.124613376950299,6.9902616563019455,6.9902616563019455,13.980523312603891,17.704994229655842,8.681553517188261,88.68013152075604,174.70486161435787,49.22957576406286,5.5683717131614685,0.67953285909276,0.0,1.3576594327271203,106.582708010058,123.31097207243383,Lifting Boxes without bending ｜ Spring Operated Pa.mp4,308,Inspection,HIGH
90.0,90.0,144.43219673507124,27.53057706273668,21.530008156434754,3.298871890978355,3.298871890978355,6.59774378195671,5.988958897598439,26.017231542188895,108.49507595242588,169.69707011630135,60.75294693869206,5.110611021518707,0.7371504350466078,0.0,1.511948668466282,37.81538040438306,40.519830270769134,Lifting Boxes without bending ｜ Spring Operated Pa.mp4,352,Inspection,HIGH
90.0,90.0,111.05808872376758,14.375870997938678,9.830710706917536,1.6438630404424832,1.6438630404424832,3.2877260808849664,3.4261295050097758,28.39500054391742,6.6822177259485365,135.64412266445606,29.15735677797613,0.8903801441192627,0.8212718337152176,0.0,1.198192846725757,109.65985779803864,136.8395007209778,Lifting Boxes without bending ｜ Spring Operated Pa.mp4,396,Seated Work,HIGH
90.0,90.0,105.55978638011794,17.586206781220362,11.833756348353587,3.8877256006691776,3.8877256006691776,7.775451201338355,2.8451502947072664,7.668219914427367,87.698393952634,169.49984938476803,55.78136883380112,4.699745774269104,0.7138918940011353,0.0,1.1688130218847768,112.23818009276437,117.74787150356761,Lifting Boxes without bending ｜ Spring Operated Pa.mp4,440,Inspection,HIGH
90.0,90.0,146.78527960190823,17.01999406981842,14.081037008508622,7.789819393352554,7.789819393352554,15.579638786705107,17.387042134268963,10.444932305475877,71.11966314231768,177.65084070437922,58.11084892597365,5.75767457485199,0.9395979038852184,0.0,1.3205733366327677,22.8161384062763,20.43852978211254,Lifting Boxes without bending ｜ Spring Operated Pa.mp4,484,Inspection,HIGH
90.0,90.0,128.52118395053378,7.805479676257548,90.0,6.88951680036919,6.88951680036919,13.77903360073838,5.497704448947169,45.63632163526394,41.13618319463373,143.98889183507805,15.04337808588252,0.5625918507575989,0.8379891258390214,0.0,0.7657627021899358,84.80218063381915,76.02246867040913,Lifting Boxes without bending ｜ Spring Operated Pa.mp4,528,Seated Work,HIGH
90.0,90.0,109.49064955645554,21.838986765596125,1.6446610482141142,3.3446418848580177,3.3446418848580177,6.689283769716035,5.391454950873545,31.2642869859381,5.009420912952963,102.13305825700652,7.1379943563018005,0.3656148910522461,0.9046060298095483,0.0,0.28725171532692206,38.02197364614543,59.28837078064876,Lifting Boxes without bending ｜ Spring Operated Pa.mp4,572,Seated Work,HIGH
90.0,90.0,147.606853485511,7.688666151718631,18.02263696258478,6.900909749899556,6.900909749899556,13.801819499799112,13.492293976381115,16.194300853588057,123.66677837955422,109.05641784094009,100.65507595016861,6.6605836153030396,1.0044924647070197,0.0,2.238582744415623,132.2906422092126,176.16817984969975,Lifting Boxes without bending ｜ Spring Operated Pa.mp4,616,Inspection,HIGH
90.0,90.0,153.3763587241291,27.464972381405836,26.093126616532025,8.065776995561711,8.065776995561711,16.131553991123422,8.366504379769003,39.1155148802734,35.91138634316089,130.1418211275115,11.478603606338849,0.7015958428382874,1.4307566674595344,0.0,0.3684912498144402,122.83958680086685,168.17823617755732,Lifting Boxes without bending ｜ Spring Operated Pa.mp4,660,Inspection,HIGH
90.0,90.0,140.34083951045767,17.879939864014638,12.096848860277362,3.8263767521636134,3.8263767521636134,7.652753504327227,7.071560111640513,0.5905246074214485,77.24331680113883,164.16412637978982,41.901352806478464,1.8234208226203918,1.1605996547960016,0.0,0.8157947725872614,59.06683106985654,84.66661979530811,Lifting Boxes without bending ｜ Spring Operated Pa.mp4,704,Inspection,HIGH
90.0,90.0,145.82314451337103,19.49380730210693,32.341965836183235,10.050522706453325,10.050522706453325,20.10104541290665,16.394889262966217,26.651817647907137,109.84493673166011,168.34324439747138,51.96051251686281,4.3993741273880005,0.8886177133224125,0.0,1.0883784469576998,42.80426253793383,49.77643479306292,Lifting Boxes without bending ｜ Spring Operated Pa.mp4,748,Inspection,HIGH
90.0,90.0,153.94483191159048,24.58294911340057,19.386452085885608,9.235646696611353,9.235646696611353,18.471293393222705,16.830809177335837,13.268468824327732,81.24199216792323,166.81496178586627,72.18686134153805,5.778232216835022,1.0452601975295155,0.0,1.5682046621104424,13.978479356478475,16.297188894935292,Lifting Boxes without bending ｜ Spring Operated Pa.mp4,792,Inspection,HIGH
90.0,90.0,142.63855857284028,16.760584447989803,16.405755420422743,4.447694777511963,4.447694777511963,8.895389555023925,4.266242811210231,27.230786665197076,38.617692582917115,156.74507058758343,42.992987337380626,2.12288498878479,1.22032800673744,0.0,1.089202389840892,68.42986051298891,86.88333947682072,Lifting Boxes without bending ｜ Spring Operated Pa.mp4,836,Inspection,HIGH
90.0,90.0,135.26641466770081,16.915395366083825,3.961173983225025,2.573778501098848,2.573778501098848,5.147557002197696,4.045475973313208,13.026275507078337,43.8116054056206,154.82181244367573,70.34872964260258,0.17393678426742554,1.2460965099641836,0.0,1.810312048235193,23.43855845024365,14.942073012361822,Lifting Boxes without bending ｜ Spring Operated Pa.mp4,880,Inspection,HIGH
90.0,90.0,144.77737344559813,15.616532462591753,17.20703456790116,6.3500272228405095,6.3500272228405095,12.700054445681019,15.758979063573555,14.530418527133882,129.98604004563498,172.38082040077396,55.8408139582109,6.148791313171387,0.8160600164818587,0.0,1.3120857947733133,104.67101315880598,143.52915341399012,Lifting Boxes without bending ｜ Spring Operated Pa.mp4,924,Inspection,HIGH
90.0,90.0,154.5780182353092,11.176620441497093,7.270651756282869,11.804532057752754,11.804532057752754,23.609064115505507,23.387952652932338,32.324425588381246,53.401397794570165,139.5929755076588,26.55232864770525,0.6560683250427246,1.1115406604419404,0.0,0.608129032586171,130.13138883439848,167.94301953706815,Lifting Boxes without bending ｜ Spring Operated Pa.mp4,968,Seated Work,HIGH
90.0,90.0,158.35667175448765,17.200842049695865,21.608378629670515,8.18418960255969,8.18418960255969,16.36837920511938,7.94715819882861,21.045172993719756,88.24712760892649,171.9988293004348,77.79305515658749,3.3455103635787964,0.9718560989459517,0.0,1.6000927318789595,89.22114499978548,93.17601083302341,Lifting Boxes without bending ｜ Spring Operated Pa.mp4,1012,Inspection,HIGH
90.0,90.0,142.15699520368065,26.568762264092754,19.058139931464154,8.502285640136124,8.502285640136124,17.00457128027225,15.234969894237524,16.211081735866518,121.24046219517038,177.02096157299945,61.69889974658581,4.8545703291893005,0.9299329465495102,0.0,1.3829097600532891,26.260360801452197,45.4546403459067,Lifting Boxes without bending ｜ Spring Operated Pa.mp4,1056,Inspection,HIGH
90.0,90.0,161.44543165723047,27.535064339112164,18.321810410287682,7.761597111706629,7.761597111706629,15.523194223413258,17.792549637403862,5.893543688994176,94.33345546458898,176.42102926080628,71.25895344705324,3.3894747495651245,1.0881781898719047,0.0,1.5509620568741345,27.644804081630227,29.457905788080655,Lifting Boxes without bending ｜ Spring Operated Pa.mp4,1100,Inspection,HIGH
90.0,90.0,166.82458334479554,16.872134125234357,11.91488605923927,4.224357073086684,4.224357073086684,8.448714146173367,5.150285366603024,4.247160006177517,59.990227329026226,164.6355058101913,17.92986915884619,4.415634274482727,1.1562203269768991,0.0,0.6047257268033305,102.19926987389073,141.87623025450375,Lifting Boxes without bending ｜ Spring Operated Pa.mp4,1144,Inspection,HIGH
90.0,90.0,135.90246567883298,5.934456255625203,23.217572942045944,5.49107902391227,5.49107902391227,10.98215804782454,17.4430609145739,24.342119073306826,135.84467068041795,174.67111250690272,41.72853608700396,4.226967692375183,0.7539310204071575,0.0,1.3324646838075849,57.87773721156716,110.87781110762101,Lifting Boxes without bending ｜ Spring Operated Pa.mp4,1188,Inspection,HIGH
90.0,90.0,148.25272566217805,15.930605271854636,20.232784953719758,5.832289336717352,5.832289336717352,11.664578673434704,8.07725674590611,26.430358015783177,46.676790113184495,175.9733240651891,47.144071435344735,1.4050289988517761,1.075562266479229,0.0,1.5852723243166362,36.50734461369444,54.43236998803948,Lifting Boxes without bending ｜ Spring Operated Pa.mp4,1232,Inspection,HIGH
90.0,90.0,158.24971006329633,17.796873926662897,13.330862807879338,3.286841845625546,3.286841845625546,6.573683691251092,10.437350116245545,14.306877413963187,67.44076094774825,161.50380288740394,34.03668051481248,4.629591107368469,1.0890181094515128,0.0,0.8449808240552505,33.37588297003235,35.74284477229341,Lifting Boxes without bending ｜ Spring Operated Pa.mp4,1276,Inspection,HIGH
90.0,90.0,167.27394781875051,8.60647519313019,0.9436302342675278,0.19266284326316913,0.19266284326316913,0.38532568652633825,4.8788048130065444,2.440257242576929,103.54111367144466,174.40456036128543,52.982118146305446,33.45465362071991,1.1058616259806144,0.0,1.4070997465039092,0.0,0.0,Lifting in the Workplace ｜ WorkSafeBC.mp4,88,Inspection,HIGH
47.318635688177224,7.004565945023522,170.10135859711932,6.605680756454898,19.376526920139813,0.2569346751709025,0.2569346751709025,0.513869350341805,12.194843978927045,6.632236755785032,77.23932826354442,161.01731235941276,4.676416247128213,5.423229932785034,0.7233026131134537,0.0,0.4337604048039472,489.60681932239476,384.1399443729008,Lifting in the Workplace ｜ WorkSafeBC.mp4,176,Seated Work,MEDIUM
85.12085167083539,7.942985059733056,166.06944252885654,23.023259754192615,27.87854769335415,8.21930778237448,8.21930778237448,16.43861556474896,13.818761801567986,9.404374823579905,103.85211908890017,84.9826388676014,67.3596634553444,10.412007570266724,1.4692984921638104,0.0,3.1067456217562692,121.47090326371591,57.12600554558798,Lifting in the Workplace ｜ WorkSafeBC.mp4,220,Inspection,HIGH
77.8307182830931,10.661513661202148,113.4843973194219,18.058173454647285,9.870386118428506,8.099111576070813,8.099111576070813,16.198223152141626,18.500653943619273,69.36691010893732,142.2106205067657,115.12294487052012,3.9551710687727204,2.771928906440735,0.46819843980169046,0.0,0.3722784793430534,285.5110177506885,166.78835871962292,Lifting in the Workplace ｜ WorkSafeBC.mp4,264,Seated Work,HIGH
29.065854066806246,10.917404471449325,126.8964270698468,155.16680968232617,90.0,6.236408514638598,6.236408514638598,12.472817029277197,18.939371927481073,18.496895938784316,123.71676862231223,172.08395104530138,22.268088049681356,1.563870906829834,0.6994617543973913,0.0,0.7806662043808422,282.87676604797747,240.7588788953546,Lifting in the Workplace ｜ WorkSafeBC.mp4,308,Inspection,MEDIUM
8.217685834013198,5.310895839736079,54.49030618742367,165.915640511454,90.0,0.6199221924108772,0.6199221924108772,1.2398443848217544,9.255994102655585,2.0169252101238144,90.02896419323224,170.07069414124055,29.801285220019274,4.459673166275024,0.1320792030305333,0.0,1.117284093900977,88.74562582239174,82.22401402942131,Lifting in the Workplace ｜ WorkSafeBC.mp4,352,Seated Work,LOW
90.0,90.0,168.74440204216037,15.26055092487081,49.7984727366267,3.607781558168552,3.607781558168552,7.215563116337104,8.281828313647946,19.29250814067262,85.99504703267434,173.92852011329825,7.38129602995711,35.03018617630005,0.8941574782827993,0.0,0.4270222726798397,675.701095382154,535.7529738559969,Lifting in the Workplace ｜ WorkSafeBC.mp4,528,Inspection,HIGH
46.894226790784856,11.639127536048592,117.83824258311746,66.57923972333457,20.463938956460233,6.375518357840416,6.375518357840416,12.751036715680833,20.17468303884967,8.297164583357747,126.70355403917432,45.19389020484625,12.658530336509754,11.985525488853455,0.5441845063055251,0.0,1.0302290795735436,455.36793974577733,374.68673976320724,Lifting in the Workplace ｜ WorkSafeBC.mp4,660,Inspection,HIGH
48.67124478902271,11.285624390450492,169.28896645194965,11.13092426285918,30.15243640700671,6.1566968288739,6.1566968288739,12.3133936577478,19.570010017439703,8.627579548933326,90.419890717546,171.88288953974092,0.43799677483418115,12.090885639190674,0.47413584897010114,0.0,0.0844378385560382,81.89085846944256,66.23217806347445,Lifting in the Workplace ｜ WorkSafeBC.mp4,704,Inspection,MEDIUM
74.39419342981529,3.5093423833416546,169.90870219417468,132.77573650684207,90.0,3.6626290286867014,3.6626290286867014,7.325258057373403,6.121128994078602,10.288716212749796,143.6652730378829,111.9348963027625,12.100310145196067,17.757689952850342,0.7408285433254997,0.0,0.991701266208377,195.50751553269535,239.90067200989478,Lifting in the Workplace ｜ WorkSafeBC.mp4,748,Seated Work,HIGH
75.60117372454407,16.556694225331146,153.2510538636325,11.797612653752898,7.43021096135119,18.228271473115374,18.228271473115374,36.45654294623075,28.496395849722255,55.93211252118257,117.76171665645084,141.5908444064164,12.31277220463583,8.215892314910889,1.155582066639087,0.0,1.7154973855979714,235.44469795070182,316.96796590449253,Lifting in the Workplace ｜ WorkSafeBC.mp4,792,Inspection,HIGH
11.206977985348237,15.714607232151483,151.73730328204635,171.13360245871866,90.0,3.9001115664585777,3.9001115664585777,7.800223132917155,27.084586994836872,0.2314765428688086,109.08136915762884,173.16828783358434,24.772064193723814,5.30988872051239,0.4326367054379603,0.0,76.75263393026943,129.69080508691434,193.4777627534992,Lifting in the Workplace ｜ WorkSafeBC.mp4,836,Assembly Work,LOW
15.995268438234788,19.131113978315117,157.04121563529426,163.96276015291406,90.0,1.2561865465154265,1.2561865465154265,2.512373093030853,32.7730997053706,5.563150170523114,96.92154451740865,171.65004734113546,20.07040330926134,5.572345852851868,0.75830075915621,0.0,17.913105617526437,43.09125041261393,55.226971747271556,Lifting in the Workplace ｜ WorkSafeBC.mp4,880,Assembly Work,MEDIUM
90.0,90.0,76.14360824858963,147.93096784943293,57.58820788677818,0.14927634695341127,0.14927634695341127,0.29855269390682254,99.38965607279681,31.371462324729816,161.78735960101875,143.5343659237767,42.26916161989955,12.04388439655304,0.19979024545728435,0.0,47.63708351225942,343.5620422601993,334.29879235610144,Lifting in the Workplace ｜ WorkSafeBC.mp4,968,Assembly Work,HIGH
90.0,90.0,140.5719020013139,21.269628267516495,90.0,12.73914478318857,12.73914478318857,25.47828956637714,45.31608414195241,26.207989933437453,122.23008124048935,174.713861246539,2.474124127081354,21.520188450813293,1.0652668644779015,0.0,0.0962068922718895,408.4402844283554,344.66004974788694,Lifting in the Workplace ｜ WorkSafeBC.mp4,1056,Inspection,HIGH
90.0,90.0,155.62731816696203,17.45083105704267,90.0,12.150590458840735,12.150590458840735,24.30118091768147,37.50516688111142,7.443122120884585,96.92185077593662,153.3974530384491,5.519906290081764,12.541285157203674,1.3210901910464692,0.0,0.32758251667156935,120.49377482899939,151.50752537500216,Lifting in the Workplace ｜ WorkSafeBC.mp4,1100,Inspection,HIGH
34.674993993920324,90.0,129.2754349942521,35.18788355699701,90.0,21.396736914250905,21.396736914250905,42.79347382850181,28.86363453151917,13.388289446060755,105.53668144871628,90.26563626901603,40.461708764309996,3.390064835548401,1.8512963074155926,0.0,0.9654236809718786,136.3369211363817,80.169815488284,Lifting in the Workplace ｜ WorkSafeBC.mp4,1144,Lifting/Carrying,HIGH
90.0,12.675448555298356,83.14235803345149,94.70361857370062,90.0,20.3300071123206,20.3300071123206,40.6600142246412,21.94281641705809,7.581847523515297,98.69329091341376,177.77397125080677,39.78101081548026,7.122112810611725,1.7468751630621053,0.0,0.7709720722608358,220.95160188499722,344.3171983215158,Lifting in the Workplace ｜ WorkSafeBC.mp4,1276,Inspection,HIGH
0.21311854740321237,4.404436643401868,118.20750452177177,23.82519274701306,19.46228328191048,2.2925337549214233,2.2925337549214233,4.585067509842847,7.679623371454867,0.6805406964059089,61.23434062704521,101.11305001909514,20.375800623275794,1.0594606399536133,0.5849572530852609,0.0,1.2184363417511568,237.69423146223517,394.7242981681035,Lifting in the Workplace ｜ WorkSafeBC.mp4,1320,Seated Work,LOW
90.0,29.410620080708146,149.35163717770135,30.596942657121165,90.0,59.12419427652754,59.12419427652754,118.24838855305508,49.10652293441467,25.0159523082079,90.05142016492547,150.75472019840242,203.2707021236323,5.800850689411163,0.6857790520220722,0.0,2.8119647911289936,185.9617003708198,88.70182014702667,Lifting in the Workplace ｜ WorkSafeBC.mp4,1364,Inspection,HIGH
10.486990151025463,6.740740932147864,66.58176609626608,5.278857389842685,90.0,1.0456736161620774,1.0456736161620774,2.091347232324155,11.737691484991931,7.679138370002011,96.02411348765034,168.10087782056547,90.41567883552254,1.0380133986473083,0.4729760397720372,0.0,1.9882861171809487,174.49714292500312,88.87883686112005,Lifting in the Workplace ｜ WorkSafeBC.mp4,1408,Seated Work,LOW
90.0,2.817657706270923,87.44517852279412,11.212868158107929,90.0,24.247373023622895,24.247373023622895,48.49474604724579,4.915758465299195,87.0012476204038,96.01375797573601,162.51680891681394,529.4460520651803,0.2297535538673401,4.307254137585894,0.0,1.7979386629569982,176.35409807453564,20.71391570828061,Lifting in the Workplace ｜ WorkSafeBC.mp4,1452,Inspection,HIGH
90.0,4.86489755213382,161.22661935764063,138.29655541747746,48.414613871008605,38.12092879035012,38.12092879035012,76.24185758070024,8.480649292072766,19.39067572338739,142.15863179004975,84.70271320288893,148.20443612205193,3.279447555541992,1.8158485567637597,0.0,3.678717440806219,264.8951410880361,292.9912997844801,Lifting in the Workplace ｜ WorkSafeBC.mp4,1496,Inspection,HIGH
90.0,1.1006841582258506,142.14966667242476,173.3949086333047,1.8032914736115555,10.439314369430258,10.439314369430258,20.878628738860517,1.920938101141925,20.177606707222893,94.80866743188618,135.87166292111218,19.14362036950737,0.9185165166854858,1.033418209827532,0.0,0.33963566488104696,155.4044114124767,133.56308761232845,Lifting in the Workplace ｜ WorkSafeBC.mp4,1540,Seated Work,HIGH
67.04095447941165,6.205431015536078,163.34179676779172,18.587864892239534,74.17922372570521,2.5043267057250724,2.5043267057250724,5.008653411450145,10.809358989865006,13.86780615627318,91.92966166040816,157.28772145225287,14.891870080753883,10.987898707389832,0.6567126967315939,0.0,1.3969662615541873,226.59674951438447,317.74304593856186,Lifting in the Workplace ｜ WorkSafeBC.mp4,1584,Seated Work,HIGH
90.0,90.0,151.18566561155643,37.113659978731874,90.0,3.0037347945292923,3.0037347945292923,6.0074695890585845,18.675898170708486,27.32620281036019,24.072005633238756,143.32196451967997,86.60674091527716,15.735945105552673,0.8704863858250385,0.0,3.9526699909833525,0.0,0.0,lifting_worker_J3-5DPWQlj8.mp4,44,Inspection,HIGH
90.0,90.0,164.04734574777422,7.582573261632691,90.0,2.878541796279732,2.878541796279732,5.757083592559464,21.513257760173218,22.300960108915834,81.629919011415,175.02756894477145,26.72751277628104,20.05821168422699,0.857847725864397,0.0,1.1319410275578712,58.37276607633341,42.13322883823659,lifting_worker_J3-5DPWQlj8.mp4,88,Inspection,HIGH
90.0,90.0,161.83392781792074,29.330713873903015,14.563944833463582,88.1104695267112,88.1104695267112,176.2209390534224,80.5517811187613,52.64005160232897,101.16464169292796,146.89525693951754,120.15408627845441,3.224271535873413,6.777893923215669,0.0,0.8472733970882812,213.23181351626198,263.99941884097325,lifting_worker_J3-5DPWQlj8.mp4,176,Inspection,HIGH
90.0,90.0,151.64563102245253,6.348130936994802,90.0,6.729161260910561,6.729161260910561,13.458322521821122,92.51093700387779,52.40543328744482,64.34018622507794,157.45768531458364,42.71876873977762,1.0881081223487854,1.007999850304542,0.0,110.15654343054477,87.33458060379246,110.58984818968531,lifting_worker_J3-5DPWQlj8.mp4,264,Inspection,HIGH
90.0,90.0,169.12270682634272,16.383201097707033,27.449388778749743,19.973895305280738,19.973895305280738,39.947790610561476,90.83381782034678,15.683107168717164,90.41105655762127,153.97872863878393,1.1620488424514983,4.007866978645325,1.1622916617864543,0.0,0.06292191471123779,64.7413252502572,54.10039135604032,lifting_worker_J3-5DPWQlj8.mp4,308,Inspection,HIGH
90.0,90.0,169.44310402184243,48.87431178664475,70.96293747999208,4.0533616580630865,4.0533616580630865,8.106723316126173,93.81754863540277,24.78218020118907,140.3540271106885,57.046535098928516,15.632042593009851,1.3292670249938965,0.9514915348145344,0.0,3.0433709072245207,72.98259440592973,94.43137030954188,lifting_worker_J3-5DPWQlj8.mp4,352,Lifting/Carrying,HIGH
25.32611534150158,3.563860588357893,156.9749141336079,54.23320781854717,48.96345071875727,18.288273723217756,18.288273723217756,36.57654744643551,6.216100000207735,7.072429601575439,58.791878042675265,88.61221830022954,109.85065989475248,11.153458058834076,0.6476881683334039,0.0,3.4402229518519576,151.75026579619322,124.62869789731909,lifting_worker_J3-5DPWQlj8.mp4,440,Assembly Work,HIGH
34.86025585187301,5.619530786566944,125.81336784529873,170.16773644798255,90.0,3.0192056109645597,3.0192056109645597,6.0384112219291195,9.79221437469277,9.485060299549747,33.579628206833135,173.44778988184365,19.912342494265136,11.881330609321594,0.4605798496542719,0.0,1.5416039738003773,88.00742816029674,115.75221195085095,lifting_worker_J3-5DPWQlj8.mp4,484,Seated Work,LOW
38.65699276333986,5.840166748673743,146.17785987024016,129.9329306317771,14.403507171620724,1.9386369529114496,1.9386369529114496,3.877273905822899,10.17537254692439,25.478707553481648,31.27438098927658,134.4628696605309,129.726872354906,14.228005707263947,1.165680453864944,0.0,5.97334260338793,96.62743442424505,70.52980765283762,lifting_worker_J3-5DPWQlj8.mp4,528,Inspection,LOW
4.713565988145842,3.01057193100371,99.97042570136966,149.5194033418335,90.0,11.854223514693446,11.854223514693446,23.708447029386893,5.252021748389661,13.7187687940945,133.72506739704122,145.86544712415724,17.832316675237593,5.0038352608680725,0.5323531743782438,0.0,0.6540676802603612,102.04878778485916,86.31255767312922,lifting_worker_J3-5DPWQlj8.mp4,572,Seated Work,LOW
90.0,90.0,161.87238923863418,38.41104169821239,0.7493772108730224,6.610229959836955,6.610229959836955,13.22045991967391,22.327395860133077,3.340886642751855,111.81989062710322,126.3630063335954,104.01380394551522,5.9041425585746765,1.4877311218040237,0.0,1.6688561661675065,176.260480174135,163.62744877722798,lifting_worker_J3-5DPWQlj8.mp4,660,Inspection,HIGH
90.0,90.0,52.45245643809588,36.09651962253055,13.403951639961667,6.135292728785525,6.135292728785525,12.27058545757105,12.524269396218282,5.065089623550589,138.376116065208,172.86674789117046,59.27565081379215,10.783393681049347,0.31529113503133954,0.0,1.272175507236113,81.93856901103506,172.31917456027656,lifting_worker_J3-5DPWQlj8.mp4,704,Assembly Work,HIGH
90.0,90.0,120.80210723536796,48.95734251744189,90.0,13.108922085872427,13.108922085872427,26.217844171744854,16.822911178542014,53.39425398171511,76.57560139675334,34.7037567361672,14.31753010719897,4.722397029399872,0.8223073968321617,0.0,3.661871485145505,142.7969586262966,148.30789540105928,lifting_worker_J3-5DPWQlj8.mp4,748,Lifting/Carrying,HIGH
90.0,90.0,149.58295978187346,20.42811892420947,0.3650451275157291,6.309287593272267,6.309287593272267,12.618575186544534,46.97979837223152,32.1490316672562,39.154840858024514,157.2562046193333,18.898253545140438,19.220227003097534,1.1551675204518277,0.0,0.5976224602498171,146.21523548426524,111.95430255294539,lifting_worker_J3-5DPWQlj8.mp4,880,Inspection,HIGH
90.0,90.0,149.3398792208775,19.88218644879295,11.844504928172327,6.576342562491232,6.576342562491232,13.152685124982463,46.56044752905612,28.04304456120603,39.45769277247011,153.76463654933167,20.1455224614845,19.856590032577515,1.0514853538206292,0.0,0.6975613462084775,5.436138817087821,4.712997834762167,lifting_worker_J3-5DPWQlj8.mp4,924,Inspection,HIGH
90.0,90.0,148.62416489593113,18.30158712391877,15.74218174066632,5.4911417744526325,5.4911417744526325,10.982283548905265,45.618157444544536,27.340348991301184,40.322577772348666,103.01934206263378,42.54275902686589,19.732284545898438,1.044554246321975,0.0,1.394002382754856,16.418836858674737,1.965934953676549,lifting_worker_J3-5DPWQlj8.mp4,968,Seated Work,HIGH
90.0,90.0,149.02427345901825,18.998004554285245,5.407442462523704,5.134410670625627,5.134410670625627,10.268821341251254,44.6886680076383,22.31084601533154,40.02626890509261,103.72405397952735,35.526523475474455,19.773079454898834,1.0433671753944798,0.0,1.1497745249784987,6.614287009687035,2.0977081627152874,lifting_worker_J3-5DPWQlj8.mp4,1012,Seated Work,HIGH
80.48500462794954,90.0,158.40735868144012,15.461037866244165,0.6279306773376868,1.8016965153420637,1.8016965153420637,3.6033930306841273,53.08098526644191,27.82450442844499,67.53384568642146,169.25536593786808,101.3245343094454,17.726333439350128,1.2690831903089186,0.0,1.817207148344005,43.43398327424644,54.47813859931393,lifting_worker_J3-5DPWQlj8.mp4,1056,Inspection,HIGH
90.0,90.0,127.12887578822293,43.8188735919646,3.7371542444471606,8.18547225153944,8.18547225153944,16.37094450307888,54.18088026808099,35.32576411169974,64.577000205475,133.6010583030059,50.52858338788179,17.679695785045624,0.9181973775382656,0.0,1.219205998649713,37.31390914322145,47.27414808540578,lifting_worker_J3-5DPWQlj8.mp4,1100,Seated Work,HIGH
90.0,90.0,160.92226145160438,20.848790701191398,13.065513210553174,0.322075910738163,0.322075910738163,0.644151821476326,56.41022347353483,26.20654295655205,71.8189963606573,163.86446535658428,14.446839281626284,19.529274106025696,0.9563937292578361,0.0,0.5124267012690307,36.10477795043443,60.85933973176325,lifting_worker_J3-5DPWQlj8.mp4,1144,Inspection,HIGH
90.0,90.0,115.98509942569237,22.66645518643147,12.229589959321439,6.398193348126078,6.398193348126078,12.796386696252156,46.169570532802396,35.21347604503091,47.48388664005739,119.68053001224499,61.17365043100704,19.118179380893707,1.2633751664410156,0.0,1.544348222319165,42.48656087117819,66.42304234568319,lifting_worker_J3-5DPWQlj8.mp4,1188,Inspection,HIGH
90.0,90.0,166.15452181682735,4.487524359302381,11.941948690616522,0.7510302467659792,0.7510302467659792,1.5020604935319584,31.00535971096067,8.352575703915853,78.56862055729061,122.37450813607877,65.33529017748411,13.577616214752197,0.9680440752284226,0.0,1.832283752591359,59.67120685315983,112.01639266987641,lifting_worker_J3-5DPWQlj8.mp4,1232,Inspection,HIGH
90.0,90.0,159.72336384090244,9.936906064954181,8.180179433603863,1.8856254406941448,1.8856254406941448,3.7712508813882897,9.541717862667287,4.031031703516813,89.56551662050529,174.3208034271252,26.844031390787272,14.032448828220367,1.0345292657422678,0.0,0.6680568006479738,81.35631311778718,100.08292186153861,lifting_worker_J3-5DPWQlj8.mp4,1276,Inspection,HIGH
90.0,90.0,162.21597638613918,10.109489043329384,2.254991049209538,0.7911763134972827,0.7911763134972827,1.5823526269945654,8.580603036540154,3.9268748830217555,95.93937689139082,174.1884334889947,15.664670504819235,14.327740669250488,1.2559971874550686,0.0,1.6753035539471317,71.71857390896517,105.19234655696914,lifting_worker_J3-5DPWQlj8.mp4,1320,Inspection,HIGH
90.0,90.0,159.0495275200928,12.26747549160751,36.58086538657364,3.87477719827282,3.87477719827282,7.74955439654564,14.644274039111618,10.963751238658157,60.38601492599883,162.42548906769596,19.277015256920755,19.469982385635376,0.8677816431125973,0.0,1.0296018912028435,79.03089624038505,65.51542814990374,lifting_worker_J3-5DPWQlj8.mp4,1364,Inspection,HIGH
90.0,90.0,136.00101943773373,6.636540023580715,27.019486497804213,3.3778227918808477,3.3778227918808477,6.755645583761695,2.9097599871975226,18.443082550884064,39.937582435347665,147.59096117797833,30.33774833593572,20.464980602264404,1.0250819581130932,0.0,1.1340721538629481,0.0,0.0,lifting_worker_o7Qj01YRzs4.mp4,37,Seated Work,HIGH
90.0,90.0,136.49462704297642,7.486035893609078,45.693614274062234,4.562330795675497,4.562330795675497,9.124661591350995,3.2744021261193605,21.704032257405398,40.90813638700973,144.9157119006137,30.79769687728748,20.553624629974365,1.006221810434469,0.0,1.217709551109573,2.7267574639587013,0.43882988913943466,lifting_worker_o7Qj01YRzs4.mp4,74,Seated Work,HIGH
90.0,90.0,137.20301281030967,6.882726509478914,32.32389489195399,4.154086657482107,4.154086657482107,8.308173314964215,1.2397036865645255,23.93454695828013,40.42622427697236,141.41694366134908,20.268748159712054,20.253074169158936,1.0214693428739499,0.0,0.8985331288492641,5.456837629167517,2.262583233346697,lifting_worker_o7Qj01YRzs4.mp4,111,Seated Work,HIGH
90.0,90.0,140.1066314504567,4.026449589599848,21.423221492215728,4.133856514736613,4.133856514736613,8.267713029473226,8.354419994173986,33.076629365997945,46.08018186104957,148.9761656867405,1.9459029541452648,20.755982398986816,0.9956173984535674,0.0,0.08521522886078983,17.868020111958327,15.347439693798986,lifting_worker_o7Qj01YRzs4.mp4,148,Seated Work,HIGH
77.92325569304296,90.0,154.2272111918586,3.884251223473319,13.526676916495402,2.203269121736658,2.203269121736658,4.406538243473316,37.960954346445966,53.704370239007204,64.69682345615578,145.6433367649254,7.563068244962418,23.028188943862915,0.986944191122882,0.0,0.2966057125057996,58.750819279902004,57.65412756338821,lifting_worker_o7Qj01YRzs4.mp4,185,Seated Work,HIGH
68.21526873213914,90.0,171.0048417034082,0.8973013731508931,90.0,3.483906233642853,3.483906233642853,6.967812467285706,63.57276778533264,64.29617345488,80.30130948425202,116.26037568348538,11.49651261838776,24.191609025001526,1.3224060847745023,0.0,0.33989960725675894,63.99599627820912,90.5501208558213,lifting_worker_o7Qj01YRzs4.mp4,222,Inspection,HIGH
68.55020022034407,90.0,173.92789945904065,3.821075519085932,78.02870573614624,3.361199918929926,3.361199918929926,6.722399837859852,70.61743331142807,65.97555713999613,91.10291051559247,122.31774253016121,21.737169288531785,25.909200310707092,1.3728371962009833,0.0,0.9484477539662851,46.56995027348648,55.31699947889847,lifting_worker_o7Qj01YRzs4.mp4,259,Inspection,HIGH
90.0,90.0,174.57429374043178,3.490134768365402,29.533745261899597,2.002568522053193,2.002568522053193,4.005137044106386,47.97275677062869,33.57502862418244,83.3315209104361,113.93577243665194,3.778435107417947,21.442097425460815,1.0148174173307243,0.0,0.21631256569816218,116.29530065800279,124.4270187707815,lifting_worker_o7Qj01YRzs4.mp4,296,Seated Work,HIGH
90.0,90.0,173.22428467654595,10.508975293936537,29.77623549118274,3.1722407985867145,3.1722407985867145,6.344481597173429,28.801967201158078,9.981916389160011,72.71530938399323,145.09552925386404,1.5846340796322487,19.716116786003113,1.0946433737226564,0.0,0.19732224266756684,55.803928692839804,60.77187264823651,lifting_worker_o7Qj01YRzs4.mp4,333,Seated Work,HIGH
90.0,90.0,173.65526085998493,8.835963071967443,6.1586933738611425,1.8798307944165884,1.8798307944165884,3.759661588833177,19.763830568304737,12.917352706214,74.81929779631567,145.76450682489835,3.6222542172418803,20.287251472473145,1.192630051412912,0.0,0.3926390626495478,5.732743484833153,12.333971285770035,lifting_worker_o7Qj01YRzs4.mp4,370,Seated Work,HIGH
90.0,90.0,168.29051542744043,9.258791763118964,4.679684279863796,0.7653710745810411,0.7653710745810411,1.5307421491620823,5.682425164244571,0.5560996265427687,102.99280189711124,175.36298671573732,54.48048532747018,33.317580819129944,1.0872581622864705,0.0,1.4783139166469592,0.0,0.0,lifting_worker_zss9jRW4oWw.mp4,88,Inspection,HIGH
84.14347157178288,90.0,155.8948919143351,23.34841815182761,90.0,12.961434232459315,12.961434232459315,25.92286846491863,92.32069324181629,39.3470974749715,90.75668993369942,150.4681588877425,4.348898125075727,15.527361631393433,1.189127863025219,0.0,2.61954205174126,300.0349174792756,279.1532600034158,lifting_worker_zss9jRW4oWw.mp4,220,Inspection,HIGH
52.695695569873344,90.0,154.13846000911695,33.17771859179585,80.82891724535125,17.168624421351904,17.168624421351904,34.33724884270381,96.98550228093985,30.021146142397505,72.12473088386655,121.61714632845982,53.56332032595028,2.0276889204978943,1.4194714561081487,0.0,3.432079530923945,151.03187750239692,135.0150699046048,lifting_worker_zss9jRW4oWw.mp4,264,Inspection,HIGH
53.7541337877297,90.0,161.27565026837271,3.042421534469641,90.0,5.851815840266193,5.851815840266193,11.703631680532386,93.2640345131622,29.568713739553736,109.91202620567485,123.92604176745814,16.54999057371046,10.519395768642426,0.5442366940771894,0.0,1.7070608683223556,163.80513806897062,220.90874389268203,lifting_worker_zss9jRW4oWw.mp4,308,Inspection,HIGH
90.0,90.0,89.54307213285549,69.78837946560824,90.0,18.264156812356553,18.264156812356553,36.52831362471311,89.70102815498399,36.80563463413692,85.41953659356068,155.79597621952533,11.341656439563458,5.5893003940582275,0.5493045831341782,0.0,0.9530087152170007,151.77768488981653,195.2077553078791,lifting_worker_zss9jRW4oWw.mp4,352,Assembly Work,HIGH
90.0,90.0,129.291681135249,15.359732245021311,90.0,4.492502267484496,4.492502267484496,8.985004534968992,9.936922723702542,19.668175232909206,125.34858661964387,173.5302724666387,9.515416029959047,35.51029562950134,0.8977345935298878,0.0,0.4687877332663382,425.537138731413,412.56885150796415,lifting_worker_zss9jRW4oWw.mp4,528,Inspection,HIGH
90.0,90.0,158.76485033012327,6.545886788704821,90.0,1.5713059859952554,1.5713059859952554,3.142611971990511,13.867534831725795,21.779033665141874,117.78103645807926,161.8915553840598,16.468029308398446,12.257260084152222,1.191531435031547,0.0,0.8381302616218657,198.43623199126586,196.285748875847,lifting_worker_zss9jRW4oWw.mp4,660,Inspection,HIGH
90.0,90.0,158.17101030672032,6.829867706665676,90.0,3.6953145267963485,3.6953145267963485,7.390629053592697,14.935223153197919,4.516755987377847,116.0864866305893,169.47459239177994,8.58179380362125,10.907310247421265,0.8544603104382807,0.0,0.42429102820107906,12.800666006656716,13.944128670476417,lifting_worker_zss9jRW4oWw.mp4,704,Inspection,HIGH
90.0,90.0,132.51451156950301,43.21038482226257,90.0,22.929889877370798,22.929889877370798,45.859779754741595,59.1761881407626,40.961772726849524,94.27510360807094,148.04200796299045,38.1991649875773,5.422776937484741,1.2591817188668095,0.0,1.1743782868073858,149.08982432106984,117.77439700458707,lifting_worker_zss9jRW4oWw.mp4,792,Inspection,HIGH
21.11333440455264,90.0,161.72684494440327,20.775271315123277,90.0,14.449480423510499,14.449480423510499,28.898960847020998,56.35201490681708,15.089575501163685,87.49788373853013,166.84407084735489,7.965433989642349,4.781082272529602,1.2984531621789797,0.0,0.3580958701579029,55.520990748948336,64.87587656029453,lifting_worker_zss9jRW4oWw.mp4,836,Assembly Work,HIGH
9.821480333444306,90.0,159.61867462099028,24.273839715564307,54.3610443067623,17.12522608196848,17.12522608196848,34.25045216393696,45.244992090671104,4.82381744421869,86.10748566163954,173.21688899556804,33.11509458099413,3.436189889907837,1.2293543261273747,0.0,0.7784034126007625,75.99865781882085,143.20637692309273,lifting_worker_zss9jRW4oWw.mp4,880,Assembly Work,HIGH
30.90483242332451,90.0,165.44987897617392,20.692063993946817,41.2905224136798,11.427989207750255,11.427989207750255,22.85597841550051,38.821252213192714,10.640627918481968,83.4834889197048,172.78761946871776,31.244965268439763,1.5859872102737427,1.17730934574883,0.0,1.1737376983456986,29.08166815449442,37.305537201390514,lifting_worker_zss9jRW4oWw.mp4,924,Assembly Work,HIGH
90.0,90.0,109.74132144370952,31.518504554311143,20.14414397264679,10.356691040010457,10.356691040010457,20.713382080020914,55.332506605332085,28.744085144654623,144.17892568989893,169.7480557285248,20.70310165188556,35.22407412528992,0.7759030615982305,0.0,0.8402423889537135,240.62431973781136,174.23528492034828,lifting_worker_zss9jRW4oWw.mp4,1012,Inspection,HIGH
90.0,90.0,140.20512812953115,28.15979808774049,32.74777708201137,12.78119724515038,12.78119724515038,25.56239449030076,46.9221806823953,16.190089059128677,121.51278837546771,173.64662314411535,26.835616916524952,22.246330976486206,0.9929394234017034,0.0,0.9176644864769282,82.88027932253773,65.39494902265743,lifting_worker_zss9jRW4oWw.mp4,1056,Inspection,HIGH
90.0,90.0,132.1877950941382,35.681260731636165,90.0,13.719716344904064,13.719716344904064,27.43943268980813,42.210273817274626,10.755525897395888,95.29323420719186,160.49368371936575,6.287140966511247,13.019981980323792,1.405883354789629,0.0,0.18777717938262695,174.0699137866085,308.0939219661903,lifting_worker_zss9jRW4oWw.mp4,1100,Inspection,HIGH
13.902690398703081,90.0,125.14926642536042,47.112802249196264,90.0,20.09221682467932,20.09221682467932,40.18443364935864,21.921200435586094,2.4084131009399443,97.73793132542076,157.66983075810728,9.90073633994766,2.765950560569763,1.746140186149162,0.0,0.3371341326985365,88.44789299794147,81.69708376422759,lifting_worker_zss9jRW4oWw.mp4,1144,Assembly Work,HIGH
13.609112915839328,10.652416855937828,78.11623581633474,52.07039834009003,90.0,7.590217676836172,7.590217676836172,15.180435353672344,18.48505086885591,3.034566799622536,43.98515058654641,178.3050850457306,30.381886073027196,4.075793921947479,0.6074206602745523,0.0,0.44454717398522764,133.03681893764693,113.25286436945396,lifting_worker_zss9jRW4oWw.mp4,1276,Assembly Work,LOW
17.89470955495802,2.3983659434851843,135.35158523603926,32.96810435727052,90.0,4.013618367311323,4.013618367311323,8.027236734622646,4.184715906241897,4.47707868508511,105.38694910937161,123.99000048635325,10.425092399333554,1.6384363174438477,0.6913172735535074,0.0,2.7145535664516998,120.47617596507641,164.81030087370155,lifting_worker_zss9jRW4oWw.mp4,1320,Assembly Work,LOW
90.0,90.0,164.3428807880974,9.237469831561924,90.0,2.4430284446345136,2.4430284446345136,4.886056889269027,9.926953540471596,24.594204801628823,114.89458904275865,163.36901266493857,18.407425728166906,10.158154368400574,1.1652216406545797,0.0,1.2791986851578356,176.748435925145,162.75782760226159,lifting_worker_zss9jRW4oWw.mp4,1584,Inspection,HIGH
90.0,90.0,159.1907580365626,1.4978776717517266,90.0,1.4096552879660722,1.4096552879660722,2.8193105759321444,8.707725513744945,24.603288370215378,111.70146716171502,172.50897921650562,14.004852893258619,11.413055658340454,1.1814798538312739,0.0,1.0600847240690126,19.3445767994478,19.76361097285244,lifting_worker_zss9jRW4oWw.mp4,1628,Inspection,HIGH
90.0,90.0,141.73178025118673,24.40340894515512,41.92673505302222,2.169489519029423,2.169489519029423,4.338979038058846,4.511678773723029,27.140132969832493,126.81157433186621,170.83970508936753,6.24954906354046,12.11426556110382,1.0613349288110714,0.0,1.392299628762977,41.618984657253186,93.90327705543068,lifting_worker_zss9jRW4oWw.mp4,1672,Inspection,HIGH
90.0,90.0,106.93156260040297,15.605703525539539,90.0,0.9062727415712041,0.9062727415712041,1.8125454831424082,10.334611886871999,15.272130146444265,122.53726612580029,169.6852049942628,17.484414478465787,1.9846796989440918,1.1712421122275278,0.0,0.7106288331862167,81.11758304354339,106.68264441691966,lifting_worker_zss9jRW4oWw.mp4,1716,Inspection,HIGH
90.0,90.0,114.09198059886113,40.26331395172773,25.856693552290448,4.207846579358667,4.207846579358667,8.415693158717334,0.7434054483935278,25.312100728620756,80.60165189663385,165.20413929800532,56.53370201099277,8.144354820251465,0.8070315507797956,0.0,4.914814881301353,116.24259998744056,202.83683653483956,lifting_worker_zss9jRW4oWw.mp4,1760,Inspection,HIGH
90.0,90.0,91.79113558019053,27.52921944853691,90.0,2.2780460583384907,2.2780460583384907,4.556092116676981,5.529124439326384,10.604053448284882,100.29785831434958,170.77790833342686,34.97111850752532,0.27338266372680664,0.9773942420957603,0.0,1.3657602133770004,119.2894556340376,218.82567705425666,lifting_worker_zss9jRW4oWw.mp4,1804,Assembly Work,HIGH
90.0,90.0,117.28582991604812,33.11655605673559,90.0,1.6380701357146719,1.6380701357146719,3.2761402714293437,8.35084012639855,1.8411215275012462,78.88652881587255,171.24643282270588,35.794074150393676,3.280346095561981,0.9811449389067665,0.0,1.2748805203029676,48.99414402582452,51.693314369460495,lifting_worker_zss9jRW4oWw.mp4,1848,Inspection,HIGH
90.0,90.0,137.87980773668212,7.159378651967257,14.784465851154227,3.607687531109396,3.607687531109396,7.215375062218792,3.411255492748023,18.51001758877556,41.602760734358185,146.49030790920025,31.14335056412226,20.574304461479187,1.0218137612276155,0.0,1.1683703403482757,0.0,0.0,Manual Handling Training Video - Unitas3d.mp4,37,Seated Work,HIGH
90.0,90.0,137.20280465287743,7.808640108152455,14.472479581395126,4.585878034845481,4.585878034845481,9.171756069690963,3.3123659357604653,21.26775341742028,41.67277910165382,145.8147222500756,32.185707932193125,20.639103651046753,1.0037769346372487,0.0,1.2740035355268375,3.696688204870869,0.4452466891324772,Manual Handling Training Video - Unitas3d.mp4,74,Seated Work,HIGH
90.0,90.0,137.681021847769,7.048550346592752,31.736237611965624,4.546497886852942,4.546497886852942,9.092995773705884,2.4301862827568295,23.134424513952993,41.22595236900319,143.48205909872036,19.12994944971781,20.43672800064087,1.0226485742638123,0.0,0.8348878174339475,8.14343348389325,3.484347616706482,Manual Handling Training Video - Unitas3d.mp4,111,Seated Work,HIGH
90.0,90.0,141.37268203667242,5.093501354263872,19.816015362627823,4.229436860953937,4.229436860953937,8.458873721907874,6.866003691211822,33.28826360848938,46.2791806824993,149.15480419365647,0.04643521228133608,20.891493558883667,1.0057696365440447,0.0,0.002055013926705462,27.004574998609154,22.72451000252428,Manual Handling Training Video - Unitas3d.mp4,148,Seated Work,HIGH
78.94273901433333,90.0,153.34203299065194,3.094642140751607,64.26635955853499,2.7134192821138052,2.7134192821138052,5.4268385642276105,37.29771479998155,52.46175815451488,63.937609950338086,140.32546246518638,5.711536457374158,23.102915287017822,0.9682651683510615,0.0,0.21842944070213222,85.98995527312135,84.75242544582525,Manual Handling Training Video - Unitas3d.mp4,185,Seated Work,HIGH
74.30196957465155,90.0,174.12141930649065,4.820621337416562,90.0,0.9165302108738881,0.9165302108738881,1.8330604217477762,60.706787219282724,76.51705780761728,81.79193838623382,115.88494247874343,13.78707626175271,24.4373619556427,1.5382880354876005,0.0,0.47657604717767404,96.88829418966087,145.67016210812608,Manual Handling Training Video - Unitas3d.mp4,222,Inspection,HIGH
71.25264388872715,90.0,169.56036840669373,3.8943244469170075,81.78872243438273,2.8922362799695924,2.8922362799695924,5.784472559939185,70.34900175062688,74.91742819024451,83.45469285400338,109.03278185090699,12.8728075179188,25.440317392349243,1.3313692033016737,0.0,0.7786104178795479,63.08882880544315,60.369805689516255,Manual Handling Training Video - Unitas3d.mp4,259,Inspection,HIGH
90.0,90.0,168.18192143698624,5.591382106142694,13.449220692993407,1.0175618542385108,1.0175618542385108,2.0351237084770215,48.81612260853634,35.5342712041024,72.5905393314012,110.32304085737476,2.121474354510905,21.10244631767273,0.6593043278696703,0.0,0.12637763823999495,172.98555127469086,203.59189838796715,Manual Handling Training Video - Unitas3d.mp4,296,Seated Work,HIGH
90.0,90.0,174.03734155597456,10.85991885581221,26.85338911879281,2.447868113374466,2.447868113374466,4.895736226748932,28.11850786411498,11.579173339056368,73.17742270528731,146.45739434985884,0.17246526659912378,19.786298274993896,1.1306681694756653,0.0,0.02410302655847092,78.69062405420755,68.73086100981408,Manual Handling Training Video - Unitas3d.mp4,333,Seated Work,HIGH
90.0,90.0,172.4603215230874,8.07939824180634,14.539072012189457,1.7271299191058977,1.7271299191058977,3.4542598382117955,19.22425074937162,13.399365404004385,74.38092328210124,147.98005877375638,1.7757142443009397,20.405706763267517,1.2065057487051665,0.0,0.18027290764894488,8.018439259270867,17.746230051198545,Manual Handling Training Video - Unitas3d.mp4,370,Inspection,HIGH
79.46446600208665,12.274689395591675,132.2026226859997,56.947227010118176,90.0,7.823924410976681,7.823924410976681,15.647848821953362,21.25987523155392,75.15794773561728,34.99356162220445,131.6939717687489,151.92037371158202,2.3166805505752563,1.0574924181527663,0.0,91.48037758216863,0.0,0.0,Smart Lifting for Warehouse Efficiency ｜ TAWI Vacu.mp4,74,Inspection,HIGH
90.0,90.0,146.37875586665024,12.631463169340647,18.65292592463636,7.08737936255288,7.08737936255288,14.17475872510576,82.30963928453625,2.078681133428762,50.284048249246275,174.10474452117765,25.432686505370423,26.793870329856873,0.9552837762278586,0.0,6.982561785609382,466.8074496128182,534.0196055061808,Smart Lifting for Warehouse Efficiency ｜ TAWI Vacu.mp4,148,Inspection,HIGH
90.0,90.0,171.457043466352,18.48404578712587,23.938016696824725,11.623832311642056,11.623832311642056,23.247664623284113,80.893270670325,17.10208738084531,73.0874545062359,160.37425574050684,2.094009296541944,29.05327081680298,1.7278587788291193,0.0,0.1355676348413697,58.43875109509647,79.14433806635611,Smart Lifting for Warehouse Efficiency ｜ TAWI Vacu.mp4,185,Inspection,HIGH
90.0,90.0,76.81100217092731,12.328092067158877,48.814061484443734,15.943816300056818,15.943816300056818,31.887632600113637,86.77293881122038,16.839558085791015,41.16523613288123,78.77965491628291,8.44255469728099,26.018619537353516,0.4861101753675055,0.0,0.7694661881974174,160.96399255452462,110.14850690552568,Smart Lifting for Warehouse Efficiency ｜ TAWI Vacu.mp4,222,Lifting/Carrying,HIGH
90.0,90.0,163.24204681397117,30.273538072533412,40.33055878259739,18.90179561522612,18.90179561522612,37.80359123045224,87.46619705852498,15.36042609098462,137.03149125767513,164.61172293562925,24.234420999169444,22.279903292655945,0.9444802599308677,0.0,1.7114809789046233,77.41180038737252,141.9587637058899,Smart Lifting for Warehouse Efficiency ｜ TAWI Vacu.mp4,259,Inspection,HIGH
90.0,90.0,76.56521588778358,32.032432570102415,37.244421579497164,23.95575218156089,23.95575218156089,47.91150436312178,89.69360560824965,22.07388736847664,87.23333787698664,169.4008884525966,7.969948471401995,19.910702109336853,0.579761383296617,0.0,0.5343960426544264,53.780117903325596,48.953355862733005,Smart Lifting for Warehouse Efficiency ｜ TAWI Vacu.mp4,296,Assembly Work,HIGH
90.0,90.0,45.91794353076463,26.04398655266113,34.0945183675778,23.345316717129492,23.345316717129492,46.690633434258984,92.32673831437972,26.059557209421687,60.21684510114369,173.03578623335036,6.959824433828681,18.832632899284363,0.41151493814051426,0.0,0.4625569027222686,25.96202368125087,28.655943281249833,Smart Lifting for Warehouse Efficiency ｜ TAWI Vacu.mp4,333,Assembly Work,HIGH
88.02445683493994,90.0,124.16424346312895,48.71802149223415,71.60697567648835,29.604404461226004,29.604404461226004,59.20880892245201,93.23996963003135,35.6695772535349,129.9434585730296,110.27860579978119,12.96133322887413,11.109575629234314,0.703059672700588,0.0,0.713011812632019,119.72982437213518,178.80496236276667,Smart Lifting for Warehouse Efficiency ｜ TAWI Vacu.mp4,370,Seated Work,HIGH
90.0,90.0,112.29607900421183,61.049364980075,61.25088376450095,23.42177700177407,23.42177700177407,46.84355400354814,92.90253667440565,32.10789832708614,83.34544398442615,94.13781537313763,35.45770002233055,9.797808527946472,0.6603809588509516,0.0,2.6610388475308517,41.18328186201557,43.468386702049344,Smart Lifting for Warehouse Efficiency ｜ TAWI Vacu.mp4,407,Lifting/Carrying,HIGH
90.0,90.0,151.06849829600958,72.27840617480587,48.054175378481325,29.250546175508376,29.250546175508376,58.50109235101675,92.64682621810724,33.58785338209038,143.94712228477832,141.42185692801553,73.04610357394425,10.085389018058777,0.7341580510188688,0.0,5.218365348156833,31.592365848061505,63.54437450787383,Smart Lifting for Warehouse Efficiency ｜ TAWI Vacu.mp4,444,Inspection,HIGH
27.333016230962823,1.8019322711781771,62.913729856230276,128.07558117749363,90.0,1.2611119130313695,1.2611119130313695,2.522223826062739,3.1444466913358067,7.928505696036736,100.98931103192044,109.07921838300584,12.444310134152598,41.52489900588989,0.05082826947385952,0.0,1.3291722875296053,416.16551281773536,411.84739048781887,Smart Lifting for Warehouse Efficiency ｜ TAWI Vacu.mp4,592,Seated Work,LOW
45.8507543853216,1.5930897913328705,100.38919360338842,61.4001836140427,90.0,9.279701150134178,9.279701150134178,18.559402300268356,2.7801079649972684,21.379279436005575,118.2171565486471,110.0118661397149,9.3241757128685,41.72965586185455,0.6796522358196582,0.0,0.30527596534980744,51.545730583244456,23.48935162408568,Smart Lifting for Warehouse Efficiency ｜ TAWI Vacu.mp4,629,Seated Work,MEDIUM
25.137908036028996,5.413629049360627,161.45457370928966,59.41649480165616,90.0,10.54954350896716,10.54954350896716,21.09908701793432,9.434512675567321,8.613842898722107,151.2743017486888,175.68367612400402,114.6226613136873,38.20798099040985,1.0055911700972813,0.0,2.925605920376368,64.91904155549305,80.50051460590647,Smart Lifting for Warehouse Efficiency ｜ TAWI Vacu.mp4,666,Inspection,LOW
90.0,90.0,163.72416290311605,30.68709727630869,18.37359135398233,20.316027311448934,20.316027311448934,40.63205462289787,33.882712880817365,2.3130085335256885,130.5459781255439,161.76898305558365,13.67055224966975,9.97380018234253,1.682268485325193,0.0,0.3250284141600811,372.5457351951483,376.0767367150627,Smart Lifting for Warehouse Efficiency ｜ TAWI Vacu.mp4,777,Inspection,HIGH
36.58906522585855,90.0,169.02508864918724,50.47857334459502,40.67522336081236,12.906384203463666,12.906384203463666,25.812768406927333,43.201559209922046,4.872775341427268,150.571351922473,151.88235859133883,3.943048551148212,10.792011022567749,0.7149742262490112,0.0,0.5337895870277956,46.966569017407586,80.67661575095232,Smart Lifting for Warehouse Efficiency ｜ TAWI Vacu.mp4,814,Assembly Work,HIGH
90.0,90.0,151.3116034409342,33.3417495143009,75.32559507992704,22.3399633273699,22.3399633273699,44.6799266547398,45.61963698914042,1.9549493408266303,152.0301460709215,158.20253481218595,10.843471403843381,9.377685189247131,0.37737467690711357,0.0,0.4053854455856181,21.895705585625876,11.311315538152023,Smart Lifting for Warehouse Efficiency ｜ TAWI Vacu.mp4,851,Inspection,HIGH
90.0,90.0,167.36775230944335,22.154033730151106,4.51987844762484,20.69383329688346,20.69383329688346,41.38766659376692,44.10308222327621,16.176236241861698,106.62485872097366,162.17151175497128,45.83765816150039,9.25077199935913,2.8333307393810694,0.0,1.013409093755737,76.64106349975908,130.71279239071652,Smart Lifting for Warehouse Efficiency ｜ TAWI Vacu.mp4,888,Inspection,HIGH
90.0,90.0,150.1556009055774,23.8688907924683,11.892015781604206,19.994672204009394,19.994672204009394,39.98934440801879,28.698703880748244,19.582183139769864,107.4185659578412,149.25036432330077,112.31241549606308,6.23670220375061,1.2187737536209973,0.0,2.5711584846950566,63.856021245510846,31.78833413520568,Smart Lifting for Warehouse Efficiency ｜ TAWI Vacu.mp4,925,Inspection,HIGH
57.998424327200716,90.0,52.59777567826807,110.86011998179141,90.0,22.868608403619753,22.868608403619753,45.737216807239506,99.94615099484972,10.291038170415494,175.08461234064941,54.06664619204112,15.356122709081612,7.018986344337463,0.40484091317623006,0.0,14.761216324977172,226.1002804288173,179.81531880588446,Smart Lifting for Warehouse Efficiency ｜ TAWI Vacu.mp4,1036,Lifting/Carrying,HIGH
67.93930913582244,90.0,169.1811748960472,87.34738432082614,90.0,27.77045586916056,27.77045586916056,55.54091173832112,99.35351504516268,24.165633788760786,23.737552623777795,121.14145472817529,19.299912409191272,3.9363503456115723,1.1720200469610962,0.0,7.438855099972211,138.35993126117967,143.60987650323761,Smart Lifting for Warehouse Efficiency ｜ TAWI Vacu.mp4,1073,Inspection,HIGH
90.0,90.0,149.47026519059415,69.2389637455451,59.90843968643662,9.028960969606596,9.028960969606596,18.05792193921319,96.99175619884768,15.16000452268877,9.768698554666411,162.78203676970864,0.5631255401263641,3.6747246980667114,0.7579611209768498,0.0,0.09312577586943022,166.8709015071943,105.19100478099342,Smart Lifting for Warehouse Efficiency ｜ TAWI Vacu.mp4,1110,Inspection,HIGH
90.0,90.0,143.25399256822868,73.35585564338378,90.0,39.97728397381465,39.97728397381465,79.9545679476293,94.66702098893998,12.75240646537352,154.34200290094404,87.1577345390102,7.215305952838705,6.116986274719238,1.3736420084606578,0.0,0.4476830294079286,133.30193567811597,194.38490365825362,Smart Lifting for Warehouse Efficiency ｜ TAWI Vacu.mp4,1147,Lifting/Carrying,HIGH
56.36877659258441,90.0,133.84587467618735,149.23022466757618,25.61948444834887,39.27093424487482,39.27093424487482,78.54186848974965,44.14150515791505,34.759135747497645,73.79972695998114,167.2994598351499,139.6725661542045,1.3756394386291504,2.1001290297085435,0.0,2.17984662078528,235.37613189089885,253.52045567972013,Smart Lifting for Warehouse Efficiency ｜ TAWI Vacu.mp4,1221,Inspection,HIGH
90.0,18.97490942666599,152.7560915951134,155.47261456375412,13.768207096837381,0.1155159958129652,0.1155159958129652,0.2310319916259304,32.515406826805666,8.1012426469435,38.22870618702337,145.60961772278714,70.46489704227832,0.1459375023841858,0.7354749293781213,0.0,2.473066440078072,174.34473743323383,123.79136184340625,Smart Lifting for Warehouse Efficiency ｜ TAWI Vacu.mp4,1295,Inspection,HIGH
55.197422608218595,21.44552647607704,154.1466488459121,116.28679188346177,90.0,2.123207526767581,2.123207526767581,4.246415053535162,36.561647383247745,15.963111246646044,1.0363760351099667,172.13245808436403,41.60679205988695,1.1836111545562744,0.969594583513073,0.0,2.9437064549517826,28.804254875622657,6.247159515362021,Smart Lifting for Warehouse Efficiency ｜ TAWI Vacu.mp4,1332,Inspection,HIGH
64.19884283726756,81.84464389136548,125.50751597531365,65.39452032517615,32.34106335862794,14.667829777042401,14.667829777042401,29.335659554084803,98.98870644626328,26.384716103611428,150.55151456440285,80.0063804554292,31.763882319972286,0.5005925893783569,0.3315230914765125,0.0,5.660633869236705,0.0,0.0,walking_worker_8DJi4PrdFCg.mp4,54,Lifting/Carrying,HIGH
81.65620776283087,84.06157828964211,117.81792713441746,61.39859723926761,79.46478546781255,20.270541115198064,20.270541115198064,40.54108223039613,99.4633662301766,35.09283236795118,93.10503553222006,69.74286623767013,59.44316455345854,1.1357516050338745,0.328835273260295,0.0,4.131211754505101,18.443298232900556,44.48749887722772,walking_worker_8DJi4PrdFCg.mp4,63,Lifting/Carrying,HIGH
81.01680071813615,84.78482589772052,89.76482983496179,84.46398322388431,76.00415842598564,19.9226923633659,19.9226923633659,39.8453847267318,99.5860360735562,33.92718440867321,84.22881305026151,172.27511548666703,3.8903724437260436,2.0298361778259277,1.0872664212918492,0.0,2.766179007055859,39.827413871025094,72.24988236263559,walking_worker_8DJi4PrdFCg.mp4,72,Assembly Work,HIGH
75.3559761168668,85.74532064159072,146.81167450299662,109.80060503636852,79.95290447868396,31.796284267867886,31.796284267867886,63.59256853573577,99.72441293176111,37.71199704951344,20.688624018926912,169.90378036277167,8.955861802193805,2.259773015975952,0.6999353485555948,0.0,2.7466287946625147,27.216723804624973,51.6636892942804,walking_worker_8DJi4PrdFCg.mp4,81,Inspection,HIGH
90.0,88.20020926464673,161.51340779736077,110.41879969602184,85.89848343149562,25.882241225746604,25.882241225746604,51.76448245149321,99.95066750823737,36.34275580170287,20.007096336618243,165.81478100667152,8.550851445352894,2.970704436302185,1.0096579034384983,0.0,1.8128251880939958,11.983456548267757,22.632799951038223,walking_worker_8DJi4PrdFCg.mp4,90,Inspection,HIGH
82.94665392567731,90.0,85.98337018686375,101.93356811405036,79.0885409908122,6.260765812406863,6.260765812406863,12.521531624813726,99.99986684581937,34.89219609429695,82.08306169456264,169.3306393136578,9.638654632321966,3.1913071870803833,0.33411727145836,0.0,9.45839276057102,21.375148557219287,51.40042722031202,walking_worker_8DJi4PrdFCg.mp4,99,Assembly Work,HIGH
78.5523284129833,84.51595818040613,157.7139290690017,88.28157518421976,90.0,29.114474322713935,29.114474322713935,58.22894864542787,99.54228549844014,40.447130614790716,155.99550425578363,160.71239584892945,24.94204682451135,10.949462652206421,0.8860551053131268,0.0,4.187630376223174,0.0,0.0,walking_worker_N4OQFi4UrR4.mp4,45,Inspection,HIGH
90.0,90.0,143.51730762965383,146.52741314943458,4.572037241447962,0.38578277297112246,0.38578277297112246,0.7715655459422449,0.08844409419754704,0.3369974346439645,83.93542577829109,172.98838043456985,65.43106574814152,39.735353738069534,0.8089634218167644,0.0,2.740879852575084,226.86766620087255,208.74427945806642,walking_worker_N4OQFi4UrR4.mp4,270,Inspection,HIGH
49.235522608604754,90.0,144.18897082692712,59.01945728617433,4.451774621431385,5.207415789531436,5.207415789531436,10.414831579062872,91.46531558970324,188.72052098620725,68.25441504494104,48.18474656438712,369.8665214524767,35.91055124998093,4.055332774432464,0.0,1.9042853443306147,126.0145720348023,181.86969436140828,walking_worker_N4OQFi4UrR4.mp4,315,Lifting/Carrying,HIGH
39.21242647565641,90.0,145.61853567143248,62.47666719517687,9.481609637869754,22.17445749781561,22.17445749781561,44.34891499563122,81.67836121907669,193.36098289916742,84.34342257112888,110.5339886522715,694.086840195598,36.79104447364807,6.127450225943214,0.0,1.896353117839356,33.285450190083104,16.363600667596764,walking_worker_N4OQFi4UrR4.mp4,360,Assembly Work,HIGH
27.294864956457957,56.68512623814529,133.571419675402,72.45439915393636,3.3281255972672175,58.08860575119571,58.08860575119571,116.17721150239142,83.56648090158475,238.9177350250033,82.94951115646057,150.1755953637753,791.7338367510638,37.02857717871666,11.68181183826952,0.0,1.4677196739537208,10.421950359569658,8.564849164800384,walking_worker_N4OQFi4UrR4.mp4,405,Assembly Work,HIGH
90.0,90.0,45.35306907357445,15.237698993341343,1.3154640357782503,5.542949315214669,5.542949315214669,11.085898630429337,13.935601702868606,8.23038180533102,112.74444687845305,177.04307897711573,48.56263762873256,7.9835593700408936,0.7822730846590183,0.0,1.0354512558028581,0.0,0.0,walking_worker_TYrS7pxscgc.mp4,44,Assembly Work,HIGH
90.0,90.0,48.31467320916394,14.129215671295523,2.6920331101427504,5.763406847475212,5.763406847475212,11.526813694950423,12.182374618972142,8.02653252030674,108.12256859381151,175.557585076671,49.48629501812956,8.667528629302979,0.7621814709508786,0.0,1.059190222649577,11.920187968181216,7.087835140178674,walking_worker_TYrS7pxscgc.mp4,88,Assembly Work,HIGH
90.0,90.0,65.45769333990305,14.097007397026346,1.9052425225786789,5.030119798568766,5.030119798568766,10.060239597137532,9.446635407332682,7.092090593007007,99.06457729899051,176.3895147653812,46.652700583340334,7.158508896827698,0.7628208656400554,0.0,0.9857877652637769,20.918997880724575,12.740239659730229,walking_worker_TYrS7pxscgc.mp4,132,Assembly Work,HIGH
90.0,90.0,87.12300288470925,14.143119328377987,3.063857841291805,4.790019697001462,4.790019697001462,9.580039394002924,10.955900685228897,2.2424467717793624,101.26612221309188,176.45782716101377,48.20590535373763,5.776937305927277,0.736512910826391,0.0,1.0215705291498036,15.784801745355587,16.126856222449888,walking_worker_TYrS7pxscgc.mp4,176,Assembly Work,HIGH
90.0,90.0,68.20326516080988,14.23843081919781,6.443582643180561,4.69878988463326,4.69878988463326,9.39757976926652,9.67665135771376,3.6271533664888578,96.46601142145975,177.840528009661,48.27159016156,7.674685120582581,0.7885924423599562,0.0,1.0183987056304715,21.95685156898249,25.61560002893323,walking_worker_TYrS7pxscgc.mp4,220,Assembly Work,HIGH
90.0,90.0,73.11085364249814,14.32712682067056,2.715895331598197,5.558160569275562,5.558160569275562,11.116321138551124,11.201766892144557,5.516420916535032,90.9882585214508,176.8388116951245,45.915422503057954,7.213243842124939,0.7748383863406894,0.0,0.9491963721300984,7.9046123878303,9.4766669154358,walking_worker_TYrS7pxscgc.mp4,264,Assembly Work,HIGH
90.0,90.0,79.56460871730417,14.591632254406559,4.832177612625502,6.040228421059081,6.040228421059081,12.080456842118162,13.567004432905735,6.808813084730385,94.07990385340105,177.85708791869246,46.69116659828906,6.3045889139175415,0.7736701994302978,0.0,0.9746926570809662,10.09937509898536,13.455567253768283,walking_worker_TYrS7pxscgc.mp4,308,Assembly Work,HIGH
90.0,90.0,79.27885910763452,15.26360036982582,2.7863721300570887,6.231454980152574,6.231454980152574,12.462909960305147,14.519045075235779,3.6449261987060604,93.60773724159216,176.62149017640917,47.6118806927785,6.426563858985901,0.7922923716898833,0.0,1.0038506802279037,4.226369977751012,4.540791347133947,walking_worker_TYrS7pxscgc.mp4,352,Assembly Work,HIGH
90.0,90.0,72.85739189376606,14.782625678729431,7.0270250982931355,4.072485530186397,4.072485530186397,8.144971060372795,9.9950367610147,1.3994690549024047,92.35998242752908,176.5957122239484,46.78375820071526,7.950294017791748,0.7777365269426073,0.0,0.986329936978894,13.11217539139005,6.257203867914637,walking_worker_TYrS7pxscgc.mp4,396,Assembly Work,HIGH
90.0,90.0,72.61095259238627,14.787040903167565,4.015732274171034,4.916630533294539,4.916630533294539,9.833261066589078,10.146616974613696,9.584258137995727,90.68042172138769,176.67592572747083,48.621098121799946,7.952612638473511,0.78397195372361,0.0,1.0167833869888092,7.90510040436592,3.627010903181096,walking_worker_TYrS7pxscgc.mp4,440,Assembly Work,HIGH
90.0,90.0,77.46872878609318,13.658675517924799,7.038963612405929,5.934197301455154,5.934197301455154,11.868394602910309,11.609792212440821,13.972463261520573,88.87259569599547,176.18208720593958,48.716093143549905,8.000990748405457,0.7940994629641769,0.0,1.024256057756901,14.10416612874989,14.696924341654572,walking_worker_TYrS7pxscgc.mp4,484,Assembly Work,HIGH
90.0,90.0,143.05591121032086,30.998375748563987,90.0,3.924527147369531,3.924527147369531,7.849054294739062,13.33439806535318,21.345946569395117,22.057535461890165,144.33362870542896,86.79378302233151,16.265034675598145,0.8968329884161982,0.0,3.2959895386546294,0.0,0.0,Work Safely： Lifting in the warehouse.mp4,44,Inspection,HIGH
90.0,90.0,166.66972707986355,6.306223933127298,90.0,1.9475709905984024,1.9475709905984024,3.895141981196805,20.19734167278295,19.846314575839617,82.97595101337808,173.69401776235617,27.66442453018973,20.120978355407715,0.8910987312881617,0.0,1.0602488127009848,91.83485688894294,59.97743011342187,Work Safely： Lifting in the warehouse.mp4,88,Inspection,HIGH
2.360924741136117,90.0,162.5001990694209,24.409855525215278,17.037551536905276,66.07371276532376,66.07371276532376,132.14742553064752,83.06390965995148,23.60421134599593,105.9827044882008,113.86482114742287,3.281445680612011,2.5604248046875,5.2548577231483735,0.0,0.022517016032603858,323.619850047611,391.4627134286086,Work Safely： Lifting in the warehouse.mp4,176,Assembly Work,HIGH
90.0,90.0,158.19304313087235,26.082967040005627,47.35442591050315,38.30160000138931,38.30160000138931,76.60320000277862,87.2031602191492,68.25354892239147,122.63279270512683,128.6807947077024,243.85762609682212,0.17276406288146973,3.7796475595892045,0.0,3.795184462993485,136.98779837576333,181.96399453583916,Work Safely： Lifting in the warehouse.mp4,220,Inspection,HIGH
90.0,90.0,153.1533758077696,5.44669981367103,90.0,8.09819415053208,8.09819415053208,16.19638830106416,92.65525369636049,57.03773596708734,63.06650790936429,154.1328461093686,43.639745013525385,0.6426870822906494,1.1914626991533506,0.0,3.9806049345156405,204.57306785771812,237.0932870056505,Work Safely： Lifting in the warehouse.mp4,264,Inspection,HIGH
90.0,90.0,174.31470845486393,19.742886861074684,22.040119764087283,12.86360561897597,12.86360561897597,25.72721123795194,90.80169587647093,25.08524379435511,97.30656128415977,158.5703500650454,10.427718869740897,3.9160549640655518,1.2334945125938168,0.0,0.533626697939865,89.79895050930631,76.2521382315994,Work Safely： Lifting in the warehouse.mp4,308,Inspection,HIGH
90.0,90.0,152.58292539431005,38.61393485613779,53.86392644587558,6.635460560789634,6.635460560789634,13.270921121579269,93.6836067947697,18.784011318893175,156.03100946129348,116.71193631536335,5.291107133934311,0.2680256962776184,1.0115054104530008,0.0,1.6208227587195005,143.6272199207639,160.5112897891022,Work Safely： Lifting in the warehouse.mp4,352,Inspection,HIGH
90.0,90.0,141.79914240580493,23.530617474655234,90.0,0.38495708166226184,0.38495708166226184,0.7699141633245237,10.304754327127608,16.39024142964563,35.928198383183876,154.241960774135,11.725091019900052,17.763790488243103,0.7414134071009514,0.0,1.150968987462672,359.7270368695401,202.88643815045518,Work Safely： Lifting in the warehouse.mp4,528,Inspection,HIGH
90.0,90.0,130.44981526984785,44.52389223848894,15.810672549140794,2.1359928410700317,2.1359928410700317,4.2719856821400635,14.483660977118307,10.91023681255416,150.5708520885523,169.42481370542484,32.008626526482445,2.6459798216819763,0.6740247285906864,0.0,11.250043725369519,246.70142754966196,309.22076943842035,Work Safely： Lifting in the warehouse.mp4,572,Inspection,HIGH
66.7137095489198,90.0,164.56168355074965,8.305293818589414,7.0067458644295755,33.75763502949219,33.75763502949219,67.51527005898438,18.447562143810682,3.3599123919436225,113.74361026761761,158.96139364260938,91.1021502613662,2.2678956389427185,3.032789402646168,0.0,1.408894268795117,166.0157831841962,268.8945447896103,Work Safely： Lifting in the warehouse.mp4,616,Inspection,HIGH
90.0,90.0,149.39797660212085,30.811358565840038,1.1610601179528932,1.1770187778286076,1.1770187778286076,2.3540375556572153,3.531373462561629,7.125135705058548,122.61404391480494,153.10718112760804,108.53718082480634,9.071911871433258,1.2511250294791523,0.0,2.2912044912073486,155.0576356125734,205.8060689321534,Work Safely： Lifting in the warehouse.mp4,660,Inspection,HIGH
90.0,90.0,95.00216310845809,48.62294474767927,12.340711564609702,6.7602134483559935,6.7602134483559935,13.520426896711987,2.530566844660249,18.189797809776454,55.4119010653918,175.09726977956873,52.74156798400035,13.33082765340805,0.836371288367825,0.0,1.0911688485071176,98.48033987203537,199.64851687296863,Work Safely： Lifting in the warehouse.mp4,704,Assembly Work,HIGH
90.0,90.0,76.89360257555983,25.60055731214409,18.665188284244437,8.739969777378667,8.739969777378667,17.479939554757333,29.050363940358633,35.01406733716319,89.77088343783134,167.55331128620168,0.27472111628856655,5.505457520484924,0.6294220197436561,0.0,0.012017958494056877,151.75680517112755,131.9335415128009,Work Safely： Lifting in the warehouse.mp4,748,Assembly Work,HIGH
90.0,90.0,148.72730179742473,20.49826315509796,1.5549472283363583,5.7827794587507775,5.7827794587507775,11.565558917501555,46.3676725204333,31.87301942889091,38.22903864247338,153.94781302483125,17.98621497304672,19.090162217617035,1.135676957419389,0.0,0.5532275926659208,162.59923243642837,117.0423971567031,Work Safely： Lifting in the warehouse.mp4,880,Inspection,HIGH
90.0,90.0,149.22111594738976,19.858032260565082,13.508551656307771,6.20145978870431,6.20145978870431,12.40291957740862,45.92499122631457,27.9380044411269,39.36308368699703,159.13289001053704,13.651329527451308,19.756227731704712,1.0414491173575853,0.0,0.48350559407625915,7.968663542600167,4.970523765805824,Work Safely： Lifting in the warehouse.mp4,924,Inspection,HIGH
90.0,90.0,148.53974636546252,18.158893522610175,16.335632371807947,5.608740336533717,5.608740336533717,11.217480673067435,45.46110337898095,27.69199100289759,40.38085284299921,101.21957004898377,40.77598500094419,19.68398541212082,1.045846037021658,0.0,1.3383181965474562,27.17140317574125,4.800059595139272,Work Safely： Lifting in the warehouse.mp4,968,Seated Work,HIGH
90.0,90.0,149.5128862306823,19.099896257630473,3.788655015062927,5.341768276228655,5.341768276228655,10.68353655245731,44.95343773663512,22.155222330114512,40.41298997321945,119.06755946057729,24.915066833601472,19.793425500392914,1.0445321404025454,0.0,0.8191151282759068,13.605357837846359,2.674885211554489,Work Safely： Lifting in the warehouse.mp4,1012,Seated Work,HIGH
89.44707957543811,90.0,159.8082853702864,14.48464393471466,13.399017602299555,1.4863496062881099,1.4863496062881099,2.9726992125762197,51.83988902479516,28.735045497488453,67.20900418139894,169.96795007037178,99.03040684524213,17.871250212192535,1.2758479409588126,0.0,1.8351799867256808,58.88726143437861,79.91016716902153,Work Safely： Lifting in the warehouse.mp4,1056,Inspection,HIGH
90.0,90.0,116.321564966695,41.38747291118497,5.684807804701294,10.16893307178093,10.16893307178093,20.33786614356186,44.92776999411058,11.615660493206894,96.08493177349862,138.15917384628102,42.27542473616432,18.714982271194458,0.7288961466157639,0.0,1.1700127938771372,68.37813825239867,106.70794754433767,Work Safely： Lifting in the warehouse.mp4,1100,Seated Work,HIGH
90.0,90.0,100.29666897412766,15.083860914458517,49.48024257224313,3.247642042922747,3.247642042922747,6.495284085845494,54.076305891409916,22.096809440542632,115.38052988847457,164.78121979194162,10.089258000285627,21.4088574051857,0.5432846717721993,0.0,1.1405435252317162,58.47645462049146,92.90686842306374,Work Safely： Lifting in the warehouse.mp4,1144,Inspection,HIGH
90.0,90.0,142.6552565511954,23.61189554920866,19.24208331013273,3.8574241678737744,3.8574241678737744,7.714848335747549,48.170948673706114,33.298778376286386,29.043361002224312,136.30622808769584,58.3045635124815,19.849035143852234,1.1908928697275931,0.0,1.5638420549489955,82.24819475807632,107.19967395362852,Work Safely： Lifting in the warehouse.mp4,1188,Inspection,HIGH
90.0,90.0,168.05330659751831,3.377682334065698,12.89999583919926,0.3619164064773808,0.3619164064773808,0.7238328129547617,31.51617605846343,5.821991420921011,77.85146121900911,125.86025269764232,59.134354732267155,13.558469712734222,0.9784782794760962,0.0,1.6635253983570657,83.2354164299679,145.13506259337066,Work Safely： Lifting in the warehouse.mp4,1232,Inspection,HIGH
90.0,90.0,155.67148569186392,9.855456542199143,6.09952657818638,1.8930341479656558,1.8930341479656558,3.7860682959313117,10.686466605054742,4.746224944622706,89.01924435111067,174.69132550160612,29.904057799578514,14.287228882312775,0.9814129880504276,0.0,0.7422869881379567,120.52775091248768,154.32527194370869,Work Safely： Lifting in the warehouse.mp4,1276,Inspection,HIGH
90.0,90.0,166.04454348060568,5.533598987882521,90.0,2.604347927657383,2.604347927657383,5.208695855314766,7.899010258117362,9.41664479532735,98.42185753138915,171.74785238498433,5.877948981973602,14.594791829586029,1.3339586201345726,0.0,0.21784342910210663,117.80548059120821,170.31958608501327,Work Safely： Lifting in the warehouse.mp4,1320,Inspection,HIGH
90.0,90.0,155.50951715229127,35.05791549823768,90.0,9.278372259278832,9.278372259278832,18.556744518557664,24.81864348362829,48.62678447714452,149.5483983429835,84.9820291410226,53.57697522559043,1.7463982105255127,0.9878843583292017,0.0,149.27520094918717,296.4355056224813,169.9236396133799,Work Safely： Lifting in the warehouse.mp4,1408,Lifting/Carrying,HIGH
90.0,90.0,140.1394318693448,39.97657074960648,90.0,1.1896642627072365,1.1896642627072365,2.379328525414473,4.054852504095848,0.09347991620754587,90.28334781983108,3.5177344856005472,75.0971473279891,0.1967117190361023,1.0868493980824203,0.0,1.2249311478965426,0.0,0.0,Workplace Ergonomics.mp4,350,Lifting/Carrying,HIGH
90.0,90.0,40.209792491548946,38.70584187561976,13.985866664034853,1.2620364720131294,1.2620364720131294,2.524072944026259,7.113163046505007,3.298424464996372,84.08875206000086,172.8402477533299,23.892661887283776,0.22496432065963745,0.14324291525650176,0.0,0.8959227661800496,109.50258967456409,180.3722358093109,Workplace Ergonomics.mp4,385,Assembly Work,HIGH
90.0,90.0,90.9166641941313,29.56551441802888,90.0,0.04123473395455634,0.04123473395455634,0.08246946790911268,5.025999433362851,4.265445822216033,137.1022275243995,162.3253461527333,12.227040588783868,0.5114272236824036,0.8051230328291827,0.0,0.40628865752962434,53.31678796394703,107.12009251710404,Workplace Ergonomics.mp4,490,Assembly Work,HIGH
90.0,90.0,97.56684922542945,43.24439553175006,90.0,1.1895003250138125,1.1895003250138125,2.379000650027625,0.35014867685823764,4.23305790921562,127.22782615054189,157.69693389119234,23.653402599023806,0.033912062644958496,0.7702466451938493,0.0,0.688397848428209,17.513417744888322,31.0874189757794,Workplace Ergonomics.mp4,525,Assembly Work,HIGH
90.0,90.0,92.48711691399177,39.790774477430865,90.0,1.4730508373385172,1.4730508373385172,2.9461016746770343,2.8376407942744994,8.658713840943825,122.08320794137049,160.30379950049735,22.04195618621203,0.0080108642578125,0.8287717655821943,0.0,0.6646890686530088,11.577690335254257,12.101324854425581,Workplace Ergonomics.mp4,560,Assembly Work,HIGH
90.0,90.0,83.01723308086122,12.093163087082518,90.0,1.7419183498905977,1.7419183498905977,3.4838366997811954,2.839027515724286,2.986699264756792,164.99059289251676,168.29821038571924,9.792902582263002,0.20263493061065674,0.6682932071791117,0.0,0.5459213130971273,38.92231264641543,69.77925324971156,Workplace Ergonomics.mp4,595,Assembly Work,HIGH
90.0,90.0,70.61741732768022,29.39574433812639,90.0,3.189620179540024,3.189620179540024,6.379240359080048,3.3253106366791005,3.2079136109563535,79.98683833384305,8.879658565681499,63.49729224256577,0.1055493950843811,1.0685604381857523,0.0,0.8792014179718923,98.7056686521805,139.9605369726878,Workplace Ergonomics.mp4,630,Lifting/Carrying,HIGH
90.0,90.0,67.54022767481231,7.555343649287076,90.0,2.0943919729725637,2.0943919729725637,4.1887839459451275,1.7812318250872952,2.871396432472945,101.36749717432659,150.81942329998589,5.117321960478925,0.10361671447753906,0.3701059845954795,0.0,0.20041599710452404,88.27266427905023,110.05364166388615,Workplace Ergonomics.mp4,910,Assembly Work,HIGH
90.0,90.0,147.41047090578718,18.987460596562855,90.0,0.2662530910570415,0.2662530910570415,0.532506182114083,1.8829771909432587,0.4932869424787579,101.09601896048923,157.28164796664754,18.279249333729133,0.6999969482421875,0.8314692981187128,0.0,1.0539821139164514,27.42497686284037,59.07703144059613,Workplace Ergonomics.mp4,980,Inspection,HIGH
90.0,90.0,93.62855692157693,55.91891005642775,90.0,0.22810626214153293,0.22810626214153293,0.45621252428306586,1.5330103088872071,0.4793336114690954,81.28482963954431,164.56558738013462,21.849174878224346,0.6892308592796326,0.6808925435020887,0.0,0.8264366984570739,18.69653810701128,14.67609932009425,Workplace Ergonomics.mp4,1015,Assembly Work,HIGH
90.0,90.0,126.39079087625045,36.35070175971525,90.0,0.45877236932895854,0.45877236932895854,0.9175447386579171,3.4913778354514786,1.9783827592076833,86.15356916031101,89.89499029563032,32.99710902284009,0.6136596202850342,0.8673057538241437,0.0,1.1249883516327175,24.26853868734719,35.28091839321625,Workplace Ergonomics.mp4,1085,Lifting/Carrying,HIGH
90.0,90.0,107.5256985067367,5.9418759369059115,4.23593053813931,0.06661062243523398,0.06661062243523398,0.13322124487046796,2.2748684706692437,6.039097211075538,113.46757444384937,145.70108164986908,13.729257623633002,0.2794891595840454,0.5085710566557097,0.0,0.37937604895807164,62.1967899371377,89.34137590642999,Workplace Ergonomics.mp4,1120,Seated Work,HIGH
90.0,90.0,97.41952214683064,13.55808437225554,90.0,0.7241427212312475,0.7241427212312475,1.448285442462495,1.3212487606283099,5.481758484406888,85.00609240324377,173.1055124300515,13.452814312266781,0.6833568215370178,0.6301324748343651,0.0,0.3913572504048374,60.29961952720563,66.52257478982267,Workplace Ergonomics.mp4,1155,Assembly Work,HIGH
90.0,90.0,43.865157256144414,12.455079384319347,90.0,1.4341452748408363,1.4341452748408363,2.8682905496816726,4.531286852649845,2.3300355774665023,84.17092430896075,96.57406508198267,12.613288760065947,0.5918592214584351,0.49686512721578474,0.0,0.40678723392996835,21.050931842646214,23.10806205208724,Workplace Ergonomics.mp4,1190,Lifting/Carrying,HIGH
90.0,90.0,119.81714630113343,6.589257836688618,5.3388056295882516,0.5430222570602183,0.5430222570602183,1.0860445141204367,1.8827068798037805,3.1602314333056603,87.78515027309098,17.661043311531255,13.180569725650159,0.5486726760864258,0.5058534849337488,0.0,0.4087775371551539,46.01931092060555,60.45570898079741,Workplace Ergonomics.mp4,1225,Lifting/Carrying,HIGH
90.0,90.0,44.3542135898616,10.21153905797618,90.0,8.036694545074994,8.036694545074994,16.073389090149988,20.072840651988802,34.34051370025832,55.8573254684206,154.91789753690466,25.746906452014013,0.817754864692688,0.41612757563945535,0.0,2.877757155513935,70.87779123833066,54.10510553141622,Workplace Ergonomics.mp4,1260,Assembly Work,HIGH
90.0,90.0,148.5780730622297,4.6518109867926585,90.0,4.967051353203219,4.967051353203219,9.934102706406438,37.40880811635994,44.70362571102405,57.05471493770442,109.0937737268587,10.35119945603635,1.3503044843673706,1.1526224959797342,0.0,8.285685366696354,62.996502297988464,122.39531064236074,Workplace Ergonomics.mp4,1295,Inspection,HIGH
90.0,90.0,165.11304804181316,32.96456804157912,90.0,2.7816167613152123,2.7816167613152123,5.563233522630425,18.439600490361265,22.769378437715744,42.14848000145629,116.37772444138159,40.02030954100309,0.13659149408340454,0.8961267321022477,0.0,9.397547894086651,59.70681557288976,60.344550968774115,Workplace Ergonomics.mp4,1330,Inspection,HIGH
90.0,90.0,140.21382867897148,29.378245139154252,90.0,1.224908381082539,1.224908381082539,2.449816762165078,10.26809653258543,10.676893614304166,20.8355835399259,88.43699626236275,4.293718400792954,2.028477191925049,0.9600085769564831,0.0,0.4799855762955979,42.691832607347116,26.18600282553554,Workplace Ergonomics.mp4,1365,Lifting/Carrying,HIGH
90.0,90.0,147.4288268001977,36.231996803547446,90.0,3.0342464700429526,3.0342464700429526,6.068492940085905,3.2722256054397145,6.903204624980745,21.196829996791386,80.65955737763272,1.43811513128065,2.490219473838806,0.9470141344137656,0.0,0.19120516409803598,19.16705587244089,7.27326598965238,Workplace Ergonomics.mp4,1400,Lifting/Carrying,HIGH
90.0,90.0,143.11124787828862,40.5417040537482,90.0,1.5478403321462677,1.5478403321462677,3.0956806642925354,0.9290706126230184,5.352489198648267,12.56954382466457,75.00965634459818,22.04214620251285,2.0946040749549866,1.0247232545855385,0.0,5.827145255625078,23.86060923746901,19.579389647583785,Workplace Ergonomics.mp4,1435,Lifting/Carrying,HIGH
90.0,90.0,130.70674490850686,57.75492513413907,90.0,0.1500553235189339,0.1500553235189339,0.3001106470378678,6.450976580617097,13.41365168048721,41.81451805416146,100.81871784285313,1.8640412121739165,1.9679829478263855,0.6595393450203826,0.0,0.23721305184787242,99.39357803067954,145.70405976570083,Workplace Ergonomics.mp4,1470,Seated Work,HIGH
90.0,90.0,123.06712263164599,20.552509238430225,19.391080454062244,1.201171314170529,1.201171314170529,2.402342628341058,2.4263803602454694,10.73441111106294,126.38036812590622,145.42338479406857,2.6859033176740073,1.8948942422866821,0.47870643540547125,0.0,0.7379575583759906,45.24191094729551,87.33606732003346,Workplace Ergonomics.mp4,1505,Seated Work,HIGH
90.0,90.0,167.42284874262316,8.317991662312611,6.186731736542854,0.5410460904566408,0.5410460904566408,1.0820921809132815,1.6681025759074843,6.366830444586608,94.25915959447927,131.3013437631378,2.6865902247289757,1.9564419984817505,0.9167237622630034,0.0,1.663548534649703,39.40242361755648,87.27003245542033,Workplace Ergonomics.mp4,1540,Inspection,HIGH
90.0,90.0,96.27431539707734,50.15516448030632,44.2101441360921,0.9216014171201409,0.9216014171201409,1.8432028342402818,6.097390302097833,13.117451963837745,56.42947987740996,113.84896843891391,10.176240358523788,2.046303451061249,0.7493173998132028,0.0,35.58486244166872,31.810859694097037,58.34961636385404,Workplace Ergonomics.mp4,1575,Assembly Work,HIGH
90.0,90.0,144.16189943140049,42.86958050106261,90.0,6.040807432056232,6.040807432056232,12.081614864112463,1.8231746616367062,42.43627990484864,97.03147993249792,145.36437605660873,63.410370138353244,19.96864378452301,1.1303513437637036,0.0,27.875678494212305,0.0,0.0,desk_ergonomics_F8_ME4VwTiw.mp4,245,Inspection,HIGH
90.0,90.0,76.1808632075998,64.20237109768453,90.0,3.9560640303513153,3.9560640303513153,7.9121280607026305,16.55388347843711,49.4102080228625,50.383234305278,111.76553361169834,3.4633802935833615,25.19713193178177,0.7171495677337063,0.0,1.2516161155918324,181.9281537944765,165.68159045896707,desk_ergonomics_F8_ME4VwTiw.mp4,280,Seated Work,HIGH
90.0,90.0,79.67053677649773,9.308728104802709,90.0,0.5085260029423713,0.5085260029423713,1.0170520058847425,10.067844666139639,31.5799236927588,1.0968991732732822,92.78172638758971,30.079255137467335,17.278099060058594,0.6101212228372346,0.0,3.290912667914566,158.44665679899316,283.9388262772752,desk_ergonomics_F8_ME4VwTiw.mp4,315,Lifting/Carrying,HIGH
90.0,90.0,162.57140100653825,43.90966426004722,90.0,0.2407979123539932,0.2407979123539932,0.4815958247079864,10.505593207893378,9.331755385663467,28.661736746592737,93.08280645312419,6.547783392548798,26.24257206916809,0.7623196783950615,0.0,1.74008265220987,175.49270713502372,122.22671801805343,desk_ergonomics_F8_ME4VwTiw.mp4,350,Lifting/Carrying,HIGH
90.0,90.0,97.12939828920412,26.82553807072474,90.0,0.11761721032319472,0.11761721032319472,0.23523442064638944,1.5653112034328391,42.472578933285,19.696139781515967,98.70726312219551,6.141799444525789,19.24205720424652,0.7508316242699552,0.0,0.7269343503389796,155.52438264910745,127.66866285547437,desk_ergonomics_F8_ME4VwTiw.mp4,385,Lifting/Carrying,HIGH
90.0,90.0,103.65375025076887,26.71068237189739,90.0,4.184427495124702,4.184427495124702,8.368854990249403,7.820826196022476,59.83019346170292,13.056932121123538,65.35334428078916,4.556036508874993,11.279353499412537,1.0204772348349709,0.0,0.4378288677131351,250.0123368358173,312.61255770516954,desk_ergonomics_F8_ME4VwTiw.mp4,420,Lifting/Carrying,HIGH
90.0,90.0,150.50230841838035,8.776672877150292,90.0,11.905356619596564,11.905356619596564,23.810713239193127,17.404371241981238,16.201578777739726,64.1208315348121,155.27877014760298,75.81179833470443,29.27132099866867,0.9553760040487637,0.0,31.124323845010984,579.0153096663122,664.7547527262063,desk_ergonomics_F8_ME4VwTiw.mp4,490,Inspection,HIGH
90.0,90.0,125.35753682290327,34.758372924515136,2.574451670500586,1.9684700496531113,1.9684700496531113,3.9369400993062227,11.58997506959459,20.11645741863458,68.43953148615559,88.66656509014766,60.00498352704814,24.128782004117966,0.8294938259734317,0.0,1.5101891929845839,218.8730453381515,211.07608589255688,desk_ergonomics_F8_ME4VwTiw.mp4,525,Lifting/Carrying,HIGH
90.0,90.0,138.57265143681212,6.217160940042619,4.661625569643521,4.531873976794747,4.531873976794747,9.063747953589495,14.961459284800169,12.370947286347352,82.20029841822627,149.81777213934242,68.82621280536885,16.046449542045593,3.2605407438247203,0.0,0.7110561629742934,278.47858579401975,592.0181428365358,desk_ergonomics_F8_ME4VwTiw.mp4,560,Inspection,HIGH
90.0,90.0,128.8168027187544,10.425108010130621,5.636776725069269,0.27754349236892684,0.27754349236892684,0.5550869847378537,1.49965287031676,4.0167822079145,81.72976004496091,97.59972090359244,58.27832953291336,14.499932527542114,1.8589271307074706,0.0,0.8495003908554647,55.058127077530635,44.61190822783051,desk_ergonomics_F8_ME4VwTiw.mp4,595,Lifting/Carrying,HIGH
90.0,90.0,113.09974229534818,17.18145368963852,5.604313650518515,0.5679273466121714,0.5679273466121714,1.1358546932243427,4.715788085707118,6.722171520396252,74.8514872623889,73.63119965260684,40.43580200834848,22.390636056661606,0.7610671579538618,0.0,1.002061602345833,306.3923026472202,568.5179903820984,desk_ergonomics_F8_ME4VwTiw.mp4,630,Lifting/Carrying,HIGH
90.0,90.0,110.4559052448127,16.244209239004757,3.5432536025523134,0.49857842340166125,0.49857842340166125,0.9971568468033225,2.4895463462535594,6.712678579331592,80.29097216808563,101.67129423137291,43.65160135047784,22.191204130649567,0.8568743726441812,0.0,0.9255407631580981,18.135142804403337,15.9561385958339,desk_ergonomics_F8_ME4VwTiw.mp4,665,Seated Work,HIGH
90.0,90.0,110.36069198717868,16.883384093774524,4.423674882836104,0.5113510215364307,0.5113510215364307,1.0227020430728615,2.6675162962666126,7.44998497815213,78.02487812099612,106.24314368498521,45.08357942183137,22.153498232364655,0.8939083365189718,0.0,0.937527854024368,6.423243742829285,2.1569987557459602,desk_ergonomics_F8_ME4VwTiw.mp4,700,Seated Work,HIGH
90.0,90.0,168.21324849040258,2.0735868215922837,0.4331913393486988,5.777193731345064,5.777193731345064,11.554387462690128,10.550270254014945,9.004751895857426,80.0721280587434,162.10717604776426,34.30228647901618,15.098652243614197,2.6820397312765234,0.0,0.5441999936451811,296.9430366467729,535.8823338360838,desk_ergonomics_F8_ME4VwTiw.mp4,735,Inspection,HIGH
90.0,90.0,111.08066449073547,15.898161130585985,1.0721897288681603,1.150372591780214,1.150372591780214,2.300745183560428,5.264876934889028,5.266164969569755,74.46309176116928,169.41679725536352,51.75925151599819,15.89459776878357,0.9617692900563204,0.0,1.0090817778930676,281.7170098615207,45.152556750287886,desk_ergonomics_F8_ME4VwTiw.mp4,910,Inspection,HIGH
90.0,90.0,116.3044779481718,48.570877013317954,40.720633233827314,7.4947610510021665,7.4947610510021665,14.989522102004333,1.982187320572046,35.15525001983818,22.266399065139836,175.77139381918232,22.35153819830406,26.578334718942642,1.2053340666321142,0.0,1.0545748024989132,520.6368057143071,134.6754341164667,desk_ergonomics_F8_ME4VwTiw.mp4,945,Inspection,HIGH
90.0,90.0,139.39584999919566,112.72162728462061,0.9208497391102358,0.7800354093742254,0.7800354093742254,1.5600708187484509,0.6932284807251701,1.226286304607401,63.325777285334944,141.98249823357187,17.06451353834149,36.182086169719696,0.4805354833051558,0.0,1.9525759104208267,554.5925803684099,812.2715963433462,desk_ergonomics_F8_ME4VwTiw.mp4,980,Inspection,HIGH
90.0,90.0,71.41042309910934,75.86291529849753,90.0,3.594455150598862,3.594455150598862,7.188910301197724,13.749168607408693,13.758639438571759,94.4524921995703,141.74973195492527,23.39937751302204,38.92408348619938,0.24226226311049567,0.0,0.976193842150781,306.6569495980987,88.92355001055157,desk_ergonomics_F8_ME4VwTiw.mp4,1015,Seated Work,HIGH
90.0,90.0,87.7843819177029,10.739340509886357,18.871953844088416,4.944001347216349,4.944001347216349,9.888002694432698,13.183310617695753,20.726167092743122,12.954958592183441,24.36445040518898,26.818485565975266,30.639436095952988,0.6263315374658207,0.0,3.6956144960184814,294.6022838981536,327.9504090415806,desk_ergonomics_F8_ME4VwTiw.mp4,1050,Lifting/Carrying,HIGH
90.0,90.0,107.14642432309097,12.129280687945748,0.4180421848240789,2.015739425648609,2.015739425648609,4.031478851297218,4.223911198252764,12.242708768243451,84.31323365587684,73.03314536494017,50.31619373831649,23.374580591917038,0.7500273692498659,0.0,1.2898813312466877,155.4813471497921,94.29288343373133,desk_ergonomics_F8_ME4VwTiw.mp4,1085,Lifting/Carrying,HIGH
90.0,90.0,134.97873307539882,4.064444552601147,22.75970814936372,0.6038767724060876,0.6038767724060876,1.2077535448121752,12.689005057983337,0.1112097154969225,133.10207350687952,154.54497823508652,34.65124935851887,15.221220254898071,1.0263778591120996,0.0,15.319623735290229,226.87132146664868,74.77888342497303,desk_ergonomics_F8_ME4VwTiw.mp4,1120,Inspection,HIGH
27.736410145283465,90.0,164.9830388167024,13.328949297267076,5.889616116896641,16.783777451039192,16.783777451039192,33.567554902078385,13.852871308118084,13.761306087241291,90.08098351507887,95.08945746300216,1.3484735064105302,11.134639382362366,2.434563331956128,0.0,0.01691845145910576,319.505208585587,231.98889975429165,desk_ergonomics_F8_ME4VwTiw.mp4,1155,Lifting/Carrying,HIGH
90.0,90.0,21.945549965002606,6.406025114801896,8.540447404109987,3.3951938112856905,3.3951938112856905,6.790387622571381,17.936490394153193,2.6093859954670147,118.35157507973818,136.3047972023748,20.808603221769417,23.095089197158813,0.35514620242620687,0.0,9.261028141499255,381.2592697701375,486.16722792549183,desk_ergonomics_F8_ME4VwTiw.mp4,1190,Assembly Work,HIGH
90.0,90.0,128.27650554060645,26.841926832756513,80.97563690250847,3.626343679452346,3.626343679452346,7.252687358904692,24.50455132655919,13.175112193671017,114.88156762660236,169.93917898492288,6.317024851809931,19.705811142921448,1.017640198328481,0.0,4.570779148287708,326.487006004912,450.7728535610563,desk_ergonomics_F8_ME4VwTiw.mp4,1225,Inspection,HIGH
90.0,90.0,165.02443194841229,7.540958598153743,32.988137680298394,4.166766937832167,4.166766937832167,8.333533875664333,6.501178249753388,18.026520643272384,97.43460945335417,167.79427908196237,98.67911818269249,23.703620582818985,1.2487186402539798,0.0,5.679313999305018,371.0206030098757,275.798277124387,desk_ergonomics_F8_ME4VwTiw.mp4,1260,Inspection,HIGH
79.86759302437122,90.0,62.78481104145543,37.41836181918473,12.1690035826615,23.431125143963254,23.431125143963254,46.86225028792651,95.39628799624508,30.343045746329604,53.66440517172896,142.0772607231749,19.273740411581024,33.205774426460266,0.3578789064847362,0.0,2.332958128148262,0.0,0.0,office_ergonomics_W2_A9-1pvYA.mp4,90,Assembly Work,HIGH
90.0,51.913727208523184,167.64485721382118,104.45345024524694,90.0,4.206224214459302,4.206224214459302,8.412448428918603,78.70828319059149,31.11914003793367,153.19140698377885,138.20139602164065,9.334343287750643,30.122552067041397,0.7331110229506466,0.0,3.2879470148473433,1305.4085425812425,1376.2401634379225,office_ergonomics_W2_A9-1pvYA.mp4,270,Inspection,HIGH
90.0,90.0,56.356884162816144,25.98460571723168,34.04906765839392,2.6360996979538815,2.6360996979538815,5.272199395907763,45.269772965085444,39.61585905065309,97.65851011996641,110.33843118126795,30.173884002539108,18.194808065891266,1.1033946755591588,0.0,0.7468693718677384,294.30978655102706,232.96521017183392,office_ergonomics_W2_A9-1pvYA.mp4,450,Seated Work,HIGH
90.0,90.0,56.35850409178301,25.32486456961515,35.299097741915205,2.147946774457985,2.147946774457985,4.29589354891597,40.44087782964371,38.49613043476654,98.31663133861542,67.747009044493,26.80764745194405,18.722236156463623,1.0638995075439333,0.0,0.7173081294895792,16.793032978280788,4.029161087171039,office_ergonomics_W2_A9-1pvYA.mp4,540,Lifting/Carrying,HIGH
90.0,90.0,88.50026352595015,20.810582786389887,21.498540136081925,1.4749564780423503,1.4749564780423503,2.9499129560847006,2.888732412567002,38.163133260991245,109.31084631233867,175.91003969535222,43.377159141106404,2.4591848254203796,0.1098856810837295,0.0,0.9709367021217393,1058.8254005258018,836.7048297973437,office_ergonomics_W2_A9-1pvYA.mp4,720,Assembly Work,HIGH
90.0,90.0,101.02402657962384,15.059707406932768,1.7225193998580048,1.1089122631497228,1.1089122631497228,2.2178245262994456,0.7437279062292464,17.3692508844006,116.08373398656201,176.3022890735972,39.449489376398574,0.20932108163833618,0.09600667264627728,0.0,0.9717557995731025,118.00648286359181,138.93518282286675,office_ergonomics_W2_A9-1pvYA.mp4,810,Inspection,HIGH
90.0,90.0,33.92398390256391,34.288883388935815,17.55734031824628,3.126006243625233,3.126006243625233,6.252012487250466,3.8217105098381348,10.075696853703489,145.55200115196473,9.485898883492881,45.90898793158676,3.45633327960968,0.13762520987170188,0.0,1.3982193885116903,392.79807716228953,243.00822148276887,office_ergonomics_W2_A9-1pvYA.mp4,900,Lifting/Carrying,HIGH
90.0,90.0,94.88732616595077,17.878577707697332,28.56155511406768,0.04298374125723806,0.04298374125723806,0.08596748251447613,1.5862649701526554,34.0097964004857,112.76590387365894,174.81344351686565,40.96580047459152,1.744966208934784,0.1714254380553479,0.0,1.0427713474895657,483.4086462042058,286.7954360518403,office_ergonomics_W2_A9-1pvYA.mp4,990,Assembly Work,HIGH
90.0,90.0,85.62884113253276,20.691836408083653,24.021941132910506,0.3745275906846492,0.3745275906846492,0.7490551813692984,1.5922787928253586,39.964603595464204,106.32067754061346,173.30818468529955,38.58281452185752,2.7718067169189453,0.12371759194508791,0.0,0.9744222080487533,76.08796703945363,90.17224216910647,office_ergonomics_W2_A9-1pvYA.mp4,1080,Assembly Work,HIGH
90.0,90.0,167.07096080490572,166.3175178361611,3.876010861638612,0.42100523557539055,0.42100523557539055,0.8420104711507811,7.478157876002535,0.20339161477781173,90.12176171020434,164.62774993851392,11.032495295390737,0.01690387725830078,0.8043225876066222,0.0,0.5396931170483786,902.2816788080431,681.3132916949157,office_ergonomics_W2_A9-1pvYA.mp4,1170,Inspection,HIGH
90.0,90.0,149.54268141861198,163.53491271036154,36.407393248436776,1.2298443935249017,1.2298443935249017,2.4596887870498034,6.743474678409117,17.80347690107395,101.52656048095163,175.15875502177505,44.292528163855664,7.552164793014526,0.539687785423871,0.0,1.2587912977644413,540.3305178550363,90.42400546331353,office_ergonomics_W2_A9-1pvYA.mp4,1260,Inspection,HIGH
90.0,90.0,162.3429521139272,157.50695901109307,37.09302512774819,3.158585310462965,3.158585310462965,6.31717062092593,6.299791779300078,12.193413212753759,92.9941798885364,160.8950093460162,34.64510272094436,5.096733570098877,0.7153082216689829,0.0,1.3604190892406325,230.8755164618337,82.30391784548448,office_ergonomics_W2_A9-1pvYA.mp4,1350,Inspection,HIGH
90.0,90.0,166.13620650438935,157.72840767268792,46.41979744330216,0.2156576860957681,0.2156576860957681,0.4313153721915362,2.245718481624008,21.910001831798883,95.04951686957008,158.5384431412184,42.34709095728994,6.560316681861877,0.6663147017708937,0.0,1.223635245620539,59.25787767850258,30.760305378784942,office_ergonomics_W2_A9-1pvYA.mp4,1440,Inspection,HIGH
90.0,90.0,49.08116397033302,71.00359269744075,29.8840980461399,3.770188908719619,3.770188908719619,7.540377817439238,4.736195735824701,17.44116163189875,111.92242872717983,172.38738508071094,46.50242413231854,10.697656869888306,0.2946946818348197,0.0,1.3705732556911798,281.8394000742086,300.96881871419225,office_ergonomics_W2_A9-1pvYA.mp4,1530,Assembly Work,HIGH
90.0,90.0,108.69885352798528,127.92560595491102,28.498020046153545,2.579491056789746,2.579491056789746,5.158982113579492,4.55737127811215,13.790476447678957,93.62222126287145,171.89968441784956,47.60007707119477,9.663257002830505,0.3805616615047722,0.0,1.1989373983264928,80.0133037212402,177.87939047075815,office_ergonomics_W2_A9-1pvYA.mp4,1620,Inspection,HIGH
90.0,90.0,131.1626052061199,13.485120733456888,18.550119329512288,3.1117498063330404,3.1117498063330404,6.223499612666081,2.49204822226236,10.284798957034948,54.6477259396423,171.46348221467338,44.922980572520515,4.759392142295837,0.747771113916713,0.0,1.1612884023571948,468.87566017268637,449.50998811277225,office_ergonomics_W2_A9-1pvYA.mp4,1710,Inspection,HIGH
90.0,90.0,122.39946568971766,8.269666399575996,11.599129505549739,0.06811200630675258,0.06811200630675258,0.13622401261350517,11.455024371130895,26.49248645421387,24.12979929015061,156.2275728551802,48.76638161543749,28.695262223482132,0.8005234401348903,0.0,1.3276880508547215,384.5849441963796,247.34446235889922,office_ergonomics_W2_A9-1pvYA.mp4,1800,Inspection,HIGH
90.0,90.0,108.47111488911972,8.403060264228172,4.4372553568849495,0.82627448771227,0.82627448771227,1.65254897542454,0.4217338594346208,34.656879408702935,14.99599654595075,140.3053854670257,43.351231856459776,35.473522171378136,0.7684168191441402,0.0,1.666333824271624,53.94268145662291,51.83384709055429,office_ergonomics_W2_A9-1pvYA.mp4,1890,Inspection,HIGH
90.0,90.0,128.81888718356606,67.16256998825645,3.903124669891574,3.3922162707160717,3.3922162707160717,6.784432541432143,2.5184741941992557,23.179576275764184,28.34368280468113,83.93646573455538,9.013168229766304,15.33617079257965,0.9175546798264386,0.0,0.3858401296284266,608.3602012088169,753.630026640547,office_ergonomics_W2_A9-1pvYA.mp4,1980,Lifting/Carrying,HIGH
90.0,90.0,147.88427158714995,68.63344744320085,86.93123717111641,5.64511942881198,5.64511942881198,11.29023885762396,10.710827806033482,18.893641201530286,10.749175856027435,32.13339713335956,4.504363885481379,16.942064464092255,0.8271727721852216,0.0,2.6202683463396506,122.29242066728584,143.38701949436756,office_ergonomics_W2_A9-1pvYA.mp4,2070,Lifting/Carrying,HIGH
90.0,90.0,165.80813493856448,99.51978319835547,90.0,3.1796250638221175,3.1796250638221175,6.359250127644235,5.088278664940455,3.6570418956858557,23.711648259735206,94.98529519926959,181.61774619686108,16.402995586395264,1.0953888595915915,0.0,14.000963527392184,162.78452356818934,151.94856936904836,office_ergonomics_W2_A9-1pvYA.mp4,2160,Lifting/Carrying,HIGH
90.0,90.0,160.96714925011662,94.76660981673484,90.0,2.2083698198369994,2.2083698198369994,4.416739639673999,8.547428739607717,8.54582694496005,23.799460566577157,166.06504873103097,8.422757037966528,22.762340307235718,1.0960984067338688,0.0,1.0020878065805363,145.17374503507236,111.37473070257656,office_ergonomics_W2_A9-1pvYA.mp4,2250,Inspection,HIGH
90.0,90.0,169.78701285083974,101.11702622169132,18.35583332623217,4.877154687646605,4.877154687646605,9.75430937529321,6.21219666086291,7.900071427354067,21.33001337076401,174.09571045095748,11.539611707292377,26.006103307008743,0.9393912613112182,0.0,0.747192224021539,87.7674543413787,78.79945800290427,office_ergonomics_W2_A9-1pvYA.mp4,2340,Inspection,HIGH
90.0,90.0,159.03142141193126,79.76666036572914,90.0,4.931241516536278,4.931241516536278,9.862483033072555,41.187166298200765,186.26172830877908,10.735238953736097,88.36733836553594,28.343736870256787,22.034309804439545,1.7585511394753748,0.0,0.7963710894335352,418.9430693015938,415.57975275446387,office_ergonomics_W2_A9-1pvYA.mp4,2430,Lifting/Carrying,HIGH
90.0,90.0,170.97109650390013,48.49447714084741,90.0,1.2592886367729579,1.2592886367729579,2.5185772735459158,50.84023520095605,119.48491464254911,48.64037172896152,55.89382089415173,17.41284503404958,17.269913852214813,1.372336063689971,0.0,1.0836509232678013,149.7163842656059,201.5535307999507,office_ergonomics_W2_A9-1pvYA.mp4,2520,Lifting/Carrying,HIGH
90.0,90.0,88.00876629327047,21.42645971418902,11.13376822100837,0.4234191177031858,0.4234191177031858,0.8468382354063716,0.39851598858615456,13.372165366298214,78.07246159145906,168.98288566402056,61.12299953450277,0.6922051310539246,0.8260933299220394,0.0,1.265784280676446,0.0,0.0,posture_sitting_standing_90lRFfrWnp4.mp4,37,Assembly Work,HIGH
90.0,90.0,114.63724472507755,26.455511684399255,13.019444224063406,1.087748091821727,1.087748091821727,2.175496183643454,3.4056771683316596,11.796404224981131,33.633123882014964,169.09488197998084,92.73286607823434,0.03049522638320923,0.8288663870959969,0.0,1.8757262706232016,95.57271860280576,213.11717121996722,posture_sitting_standing_90lRFfrWnp4.mp4,74,Inspection,HIGH
90.0,90.0,20.085546207398103,29.82656716077547,14.058972817130998,0.054661062494395424,0.054661062494395424,0.10932212498879085,2.015166033750798,14.128231991589157,76.32006185436043,174.03154870101557,71.8273007815778,0.33910423517227173,0.6743227815556821,0.0,1.5303379677086362,104.86423453661438,228.79607594938798,posture_sitting_standing_90lRFfrWnp4.mp4,111,Assembly Work,HIGH
90.0,90.0,6.2088208484348755,31.49244554061824,8.170990054722985,5.009329182216532,5.009329182216532,10.018658364433064,12.144543340360304,4.725629500409451,96.6684845919365,176.18336181644548,56.81564830132427,0.3688544034957886,0.716554835774313,0.0,1.1705613619820812,108.98946537296042,160.43030092723052,posture_sitting_standing_90lRFfrWnp4.mp4,148,Assembly Work,HIGH
90.0,90.0,69.94178055359284,27.822038922431044,1.2821065669639,6.095791665752291,6.095791665752291,12.191583331504582,14.263273332990856,0.18065230071740618,82.23618052397931,133.12335846595707,40.70683205493912,0.12357980012893677,0.6545947887090664,0.0,0.8671119905306448,118.02814123863902,222.13789256588052,posture_sitting_standing_90lRFfrWnp4.mp4,185,Seated Work,HIGH
90.0,90.0,51.498543232064776,27.906493179113156,13.548208071584844,2.0139104078229386,2.0139104078229386,4.027820815645877,7.041311007398904,13.976636806686235,91.45470393130749,142.22342526856494,72.5399974604301,0.15906095504760742,0.6984551971595815,0.0,1.5311952639789819,94.94750718545242,110.61247807303258,posture_sitting_standing_90lRFfrWnp4.mp4,222,Assembly Work,HIGH
90.0,90.0,95.05833253843028,22.661471763145578,6.708972015099054,1.9529051368896735,1.9529051368896735,3.905810273779347,7.6896877194507525,8.241786677483837,72.38053799811725,161.2038476457745,83.23091691869251,0.11448115110397339,0.76600238908275,0.0,1.8199845899788936,85.96544105497328,131.7823909643469,posture_sitting_standing_90lRFfrWnp4.mp4,259,Assembly Work,HIGH
90.0,90.0,50.85713678453256,28.25837366406134,22.40214731971116,0.8609438660707924,0.8609438660707924,1.7218877321415849,5.693812279523333,15.883061471886876,87.7131537133389,146.6074034921183,70.43255815265847,0.48430413007736206,0.7520530236258857,0.0,1.5059365490316556,82.01358087667961,140.502491002508,posture_sitting_standing_90lRFfrWnp4.mp4,296,Assembly Work,HIGH
90.0,90.0,89.47717821049561,24.01713054485723,23.52390786529539,0.05698538400739855,0.05698538400739855,0.1139707680147971,0.07931492756314808,14.648941613689226,78.27646965560072,162.72485798565478,12.980850584947639,0.12128949165344238,0.7252482597926965,0.0,0.29670471301087525,108.13486811256381,146.62230903766874,posture_sitting_standing_90lRFfrWnp4.mp4,333,Assembly Work,HIGH
90.0,90.0,98.98125280139209,17.746954244443863,19.809236715068188,1.441237007548083,1.441237007548083,2.882474015096166,0.5262452008753473,24.41601548522513,63.271792954139904,115.58081920376016,64.86177215043602,1.017947494983673,0.7968563595777143,0.0,1.4848503283029844,97.40034549457935,111.08337594218084,posture_sitting_standing_90lRFfrWnp4.mp4,370,Seated Work,HIGH
90.0,90.0,97.21365025686103,22.446867427120086,13.782392754447264,0.6451621709398744,0.6451621709398744,1.2903243418797488,1.7067447813885375,15.413013587780814,60.339482316009345,102.43464423265449,34.19828067603254,0.8624136447906494,0.8064373380172762,0.0,0.8122063294364459,80.5518679119977,87.56355042811062,posture_sitting_standing_90lRFfrWnp4.mp4,407,Seated Work,HIGH
90.0,90.0,98.23698339122211,14.450489630063458,18.698281064905764,2.601496338597443,2.601496338597443,5.202992677194886,3.1698613788014156,19.87757156511868,67.3125269786652,119.38386826624688,57.576717840943545,0.7851168513298035,0.7740368107753693,0.0,1.4720067019129697,87.51031136704381,116.36631696788118,posture_sitting_standing_90lRFfrWnp4.mp4,444,Seated Work,HIGH
90.0,90.0,111.47278906192213,15.802984608282571,90.0,0.3077750546057821,0.3077750546057821,0.6155501092115642,10.525433601618394,26.584381892915744,5.669804453643235,83.68188997301604,10.274722605890782,12.39621639251709,0.8917503749657645,0.0,0.6970213218245422,376.1556749613891,466.5732915901066,posture_sitting_standing_90lRFfrWnp4.mp4,481,Lifting/Carrying,HIGH
90.0,90.0,112.45927436712148,16.21791686330961,90.0,0.2326123167656671,0.2326123167656671,0.4652246335313342,11.823552340625827,29.935506989876533,6.241357503815334,83.71956937873465,22.749585169965115,12.628057599067688,0.9347513845067454,0.0,2.09367100610329,16.193838761449697,19.10294772575797,posture_sitting_standing_90lRFfrWnp4.mp4,518,Lifting/Carrying,HIGH
90.0,90.0,111.45863562683093,14.826947611669233,90.0,0.31573222485143293,0.31573222485143293,0.6314644497028659,14.468361653086854,29.423229629386416,6.631688015165012,88.47605255610225,18.046343551493788,13.160058856010437,0.8864451488308556,0.0,2.921971791953894,15.152009930830191,12.905224205465306,posture_sitting_standing_90lRFfrWnp4.mp4,555,Lifting/Carrying,HIGH
90.0,90.0,77.28450997099435,16.004048335545104,18.31912792476089,1.1643507230516221,1.1643507230516221,2.3287014461032443,3.113372090741728,37.16558849528989,15.908565729700014,128.7439252902315,20.85420025837953,1.2830212712287903,0.8767166323121582,0.0,0.5951196721066537,242.02764406909245,247.7977111947172,posture_sitting_standing_90lRFfrWnp4.mp4,592,Seated Work,HIGH
90.0,90.0,11.29770831506487,63.02235142504445,15.426049134660408,0.541919583610261,0.541919583610261,1.083839167220522,1.6447510841125592,2.18024551267353,95.7456210781884,130.7468949961966,45.39855685546731,0.1958712935447693,0.2567452568620683,0.0,1.064828056878163,289.07248930101974,415.02649724059154,posture_sitting_standing_90lRFfrWnp4.mp4,629,Seated Work,HIGH
90.0,90.0,57.79500612037008,37.750762113034,11.978624363819709,2.9582425621297688,2.9582425621297688,5.9164851242595375,2.0399082974234513,1.1565353551185094,150.87100724932156,72.58421179107103,40.90187757312266,0.7783651351928711,0.6390576878318355,0.0,0.8853923169441764,144.76469226958784,220.61368733468723,posture_sitting_standing_90lRFfrWnp4.mp4,666,Lifting/Carrying,HIGH
90.0,90.0,25.19117422391282,38.907839464766916,2.650285730874214,3.8043067835937,3.8043067835937,7.6086135671874,3.306133625826398,4.07336287472875,121.41954488257792,121.34174606647235,41.07661026698679,0.6550565361976624,0.4626619730254305,0.0,0.8705208352798024,98.94609870099606,84.09118104753007,posture_sitting_standing_90lRFfrWnp4.mp4,703,Seated Work,HIGH
90.0,90.0,26.887714073854884,57.86559629663878,2.067690121414559,6.979197159952695,6.979197159952695,13.95839431990539,8.510362256969836,7.268210271733755,94.65057124759673,133.97056506399312,46.07898118329895,0.7125899195671082,0.5193376590138487,0.0,0.9860328774153075,93.71786281566072,221.43282967717101,posture_sitting_standing_90lRFfrWnp4.mp4,740,Seated Work,HIGH
90.0,90.0,46.18545755093176,42.203408279855765,12.48343832404263,9.611669974008867,9.611669974008867,19.223339948017735,20.38226177607277,11.131215625305073,143.06261888417586,128.49205308199623,43.57589956818006,0.48840492963790894,0.22723141517007367,0.0,0.9313632338335361,131.97007152475044,316.4148884767608,posture_sitting_standing_90lRFfrWnp4.mp4,777,Seated Work,HIGH
90.0,90.0,100.45572624211435,35.7630270115918,6.852960167726291,6.5450325210149565,6.5450325210149565,13.090065042029913,13.660585817347338,0.2254958114530924,162.3587770695146,111.81628541635402,30.648231943950538,0.26008784770965576,0.7439502079099368,0.0,0.6219133965841233,127.42565817334344,240.47387248309687,posture_sitting_standing_90lRFfrWnp4.mp4,814,Seated Work,HIGH
90.0,90.0,75.43749504569743,40.4036476275834,3.0948886263297792,0.05902954423374565,0.05902954423374565,0.1180590884674913,4.633423433567107,6.552735904792614,120.99250486777143,134.66587507809226,58.42655771801848,0.24173706769943237,0.800720405902023,0.0,1.2319779168231355,137.63070237091384,242.12319083757734,posture_sitting_standing_90lRFfrWnp4.mp4,851,Seated Work,HIGH
90.0,90.0,114.7680355016044,17.38536239581174,90.0,0.32677326832806763,0.32677326832806763,0.6535465366561353,8.289377700378976,29.599836936103184,7.382673105797291,93.97034618870856,14.912590444991789,11.245080828666687,0.9076550014971582,0.0,2.6485153040789506,441.1531274166489,606.2438739167861,posture_sitting_standing_90lRFfrWnp4.mp4,888,Lifting/Carrying,HIGH
90.0,90.0,113.71751186212317,15.931004526742946,31.201207501898278,0.3557893906245411,0.3557893906245411,0.7115787812490822,13.575051157458276,29.006681689158743,7.7865073353840675,89.75326814510764,13.32637532346102,13.094273209571838,0.9212335378235275,0.0,1.220589109947845,25.23115040989999,27.607157879771783,posture_sitting_standing_90lRFfrWnp4.mp4,925,Lifting/Carrying,HIGH
90.0,90.0,95.90435552147055,9.673876159600349,9.707059134617639,2.3816584811583934,2.3816584811583934,4.763316962316787,18.54727171235889,29.8462162196508,131.67524005504634,164.30959349931027,12.212083218437156,30.631577968597412,0.9666440585752747,0.0,0.6622487202162012,0.0,0.0,workstation_setup_vL1ytmxU4cw.mp4,140,Assembly Work,HIGH
90.0,90.0,161.4359832239141,18.240156702895888,10.26708393074211,1.690524476915921,1.690524476915921,3.381048953831842,2.014836859962267,1.912386475707542,53.19582652105263,140.71719209382195,8.683777357619785,9.324142336845398,0.9233309359007594,0.0,1.8309026261414776,726.2071756878925,692.9428042467454,workstation_setup_vL1ytmxU4cw.mp4,245,Inspection,HIGH
90.0,90.0,165.77370952247063,10.523919334310285,6.077082401650938,0.9976298998824839,0.9976298998824839,1.9952597997649677,9.399181918679707,17.395910935789193,95.74134375261552,166.88668134300593,27.623616623518938,6.771832704544067,1.1191521593660547,0.0,0.6692543619198903,244.67256626358815,406.3090135695085,workstation_setup_vL1ytmxU4cw.mp4,280,Inspection,HIGH
90.0,90.0,156.77530198955407,8.833104341779821,2.6205634162342077,1.153961775860523,1.153961775860523,2.307923551721046,2.4089055141225018,13.272119031536448,104.39159366864487,178.2819435500228,31.844469853656797,16.905903816223145,1.0821584578022125,0.0,1.0649358535993403,423.501398561149,493.5745179418749,workstation_setup_vL1ytmxU4cw.mp4,315,Inspection,HIGH
90.0,90.0,158.52617584693672,9.15273034983632,1.3378035461916695,1.996027364347332,1.996027364347332,3.992054728694664,1.1269544219115866,5.517279398292562,105.75389622760423,177.64423349123146,39.29596546687387,16.02439284324646,1.0624432058797075,0.0,1.0364077052278864,64.00419823702389,101.5541111915106,workstation_setup_vL1ytmxU4cw.mp4,350,Inspection,HIGH
90.0,90.0,154.87883892857081,9.955982934686826,1.9369355281159935,1.993834763698853,1.993834763698853,3.987669527397706,2.7347552950058702,8.121244899324665,108.66137464883545,178.69147641613748,34.99227625991171,16.12766981124878,1.0186952410650485,0.0,0.8855729835566561,39.89840115362301,20.59781218792734,workstation_setup_vL1ytmxU4cw.mp4,385,Inspection,HIGH
90.0,90.0,147.4535990807621,10.66019479338566,3.130077385609771,2.636178370986629,2.636178370986629,5.272356741973258,1.2185840683630735,8.809073168058763,117.12366906985265,176.21837601696978,32.85576621295354,15.011069178581238,1.0382195928577616,0.0,0.8349552484798972,56.87656964421938,68.57653516277415,workstation_setup_vL1ytmxU4cw.mp4,420,Inspection,HIGH
90.0,90.0,131.13083767163698,14.421659970918162,3.7458608684982053,2.48444658867987,2.48444658867987,4.96889317735974,0.03312248784240842,6.339174596377741,134.47785892494971,177.88943408440244,42.60626605263909,14.85109031200409,1.0220388387374408,0.0,0.9964606016724027,56.191478215956,133.5670140018525,workstation_setup_vL1ytmxU4cw.mp4,455,Inspection,HIGH
90.0,90.0,84.86843409668535,13.226629210711156,0.7931854350022424,1.0396690068908259,1.0396690068908259,2.0793380137816517,0.5303562498703044,2.511336607805336,96.87235370353673,177.5371210524095,33.98700292837509,15.07951021194458,0.7318268620333797,0.0,0.8412420689658452,108.21187821820544,257.4595149402784,workstation_setup_vL1ytmxU4cw.mp4,490,Assembly Work,HIGH
90.0,90.0,110.15245902247341,10.115206774609359,2.736993651021518,1.588799984337036,1.588799984337036,3.177599968674072,0.5323763983825542,7.814790369366486,88.47639163745417,174.22763560592352,30.59743449029717,16.066443920135498,0.7125862381560082,0.0,0.8820736445120437,46.86424957158639,93.31248772152162,workstation_setup_vL1ytmxU4cw.mp4,525,Inspection,HIGH
90.0,90.0,53.496967527622765,13.019075756376754,0.6028778856853577,1.3772201014585939,1.3772201014585939,2.7544402029171877,3.0265592937254358,10.470307696186058,143.29439046692875,175.2221236005579,25.9988786718116,15.958443284034729,0.5070222860895054,0.0,0.6930009140462248,79.82294191221875,175.40859955151518,workstation_setup_vL1ytmxU4cw.mp4,560,Assembly Work,HIGH
90.0,90.0,84.51526828921706,18.08724571680381,19.83737514866261,0.6396232549801153,0.6396232549801153,1.2792465099602306,10.476193396553285,26.445857330079303,156.4280225724129,174.2317000702068,16.967592206674944,16.970381140708923,0.6163677435015826,0.0,0.9155587546126359,155.7529973245675,307.93522823502167,workstation_setup_vL1ytmxU4cw.mp4,595,Assembly Work,HIGH
90.0,90.0,96.09978527070307,13.731193887785476,52.52741529787177,0.2646696060617339,0.2646696060617339,0.5293392121234678,14.573794837023424,33.962061716006275,152.17168827734218,167.36896461126295,12.861241531299367,22.35035002231598,0.4769821476733371,0.0,0.5273307137439679,255.49674931701907,440.4516870068093,workstation_setup_vL1ytmxU4cw.mp4,630,Assembly Work,HIGH
90.0,90.0,113.73809238800006,12.920479878828216,37.322406818572595,2.770025608711796,2.770025608711796,5.540051217423592,0.12080446427194982,36.97855901821791,134.20928339429162,174.58608051210692,11.200592862659892,27.32958495616913,0.4570064775443817,0.0,0.4180301510786857,191.06427077524347,263.92003637660764,workstation_setup_vL1ytmxU4cw.mp4,665,Inspection,HIGH
90.0,90.0,146.47054920453277,5.2635395830185345,25.666474035176652,1.554222685661556,1.554222685661556,3.108445371323112,6.15923859487418,36.14597786486306,118.26591121244215,172.44810315722134,12.199772176339154,27.17561423778534,1.0520017529766557,0.0,0.4760213599672616,116.68614990200798,267.5950589433904,workstation_setup_vL1ytmxU4cw.mp4,700,Inspection,HIGH
90.0,90.0,137.0243061820296,8.957195355699298,28.564224234200676,0.4628079277123419,0.4628079277123419,0.9256158554246838,9.525448503262048,37.41164545672697,124.01849846226689,171.15720391525088,5.702667448394859,25.668823719024658,1.0400474162994606,0.0,0.25069682672578186,78.49795293461152,54.456833603979916,workstation_setup_vL1ytmxU4cw.mp4,735,Inspection,HIGH
90.0,90.0,108.51940557437024,12.301124468468139,2.8848222602478475,0.11172784451133617,0.11172784451133617,0.22345568902267235,12.251200442241819,11.739984284187937,162.75331721061053,171.23837050151178,30.845585488626444,20.47014832496643,0.7584658649103571,0.0,0.8544360473777033,244.00800023331777,414.7597983891081,workstation_setup_vL1ytmxU4cw.mp4,770,Inspection,HIGH
90.0,90.0,93.11486768969277,14.874031884268323,0.3895067301488353,0.2849199737910397,0.2849199737910397,0.5698399475820795,8.013736879264773,10.2784926904238,176.87218016709267,173.64941033335475,15.342327547381737,16.722488403320312,0.6042232841874471,0.0,0.6061386546809925,159.064472182459,197.9013635567246,workstation_setup_vL1ytmxU4cw.mp4,805,Assembly Work,HIGH
90.0,90.0,76.09852398621567,14.006389642414282,26.815534281997795,2.5194631647685672,2.5194631647685672,5.0389263295371345,0.026474587611514926,22.03746962123,159.98928805451564,174.92754424231796,21.409062007071316,16.326802968978882,0.4729139018260696,0.0,0.6672095795272319,96.59489961813024,61.241298404256526,workstation_setup_vL1ytmxU4cw.mp4,840,Assembly Work,HIGH
90.0,90.0,133.16171020562422,9.086756009958275,16.03500394760126,3.2722781934481415,3.2722781934481415,6.544556386896283,4.643112476263632,22.258779278223933,137.560553177288,174.44278816130873,26.97837632586223,16.71772003173828,0.8376143170278124,0.0,0.7474799755250061,118.40367377795967,275.4081721823428,workstation_setup_vL1ytmxU4cw.mp4,875,Inspection,HIGH
90.0,90.0,143.4078586576765,15.611617692673377,11.063963782527352,2.4443409268979313,2.4443409268979313,4.8886818537958625,3.3320178612869964,16.241710419266614,138.84146161568907,175.51684009026638,26.664042831678675,17.580261826515198,0.8696810910208737,0.0,0.7147752727024811,102.82016723590729,159.6648480049268,workstation_setup_vL1ytmxU4cw.mp4,910,Inspection,HIGH
90.0,90.0,131.5053364060142,10.387251308350963,24.69243675352028,3.5203558999719426,3.5203558999719426,7.040711799943885,6.035724457043157,26.923287678750253,143.06740040111265,176.5061843259833,23.911979484239453,16.622060537338257,0.7284825166131091,0.0,0.7184269057234425,169.12798904355267,219.93969785656708,workstation_setup_vL1ytmxU4cw.mp4,945,Inspection,HIGH
90.0,90.0,137.1907506837554,23.008536751353702,21.00125638202318,3.6891447702199556,3.6891447702199556,7.378289540439911,12.092822282490594,22.534442863115036,135.58880371573315,175.3889770348998,38.007813159340024,25.026795268058777,0.9891744044155404,0.0,1.0256014636126372,316.5264231956853,329.56281971512414,workstation_setup_vL1ytmxU4cw.mp4,980,Inspection,HIGH
90.0,90.0,107.30691812821699,10.02048881641569,27.000404849262903,1.35837492140724,1.35837492140724,2.71674984281448,4.339022131492078,34.306977024942334,156.6332813380768,164.73903568811517,32.786793723177766,24.42985773086548,0.7227926271351611,0.0,0.9988779162582674,203.2867505170662,290.6171458238497,workstation_setup_vL1ytmxU4cw.mp4,1015,Inspection,HIGH
90.0,90.0,131.2714336054688,13.340827639743068,8.919330487640256,2.5084181955054237,2.5084181955054237,5.016836391010847,0.7197731364612884,18.285523477217225,152.06939403427123,165.47680808726776,35.65209064134548,21.999183297157288,0.9537437642693497,0.0,1.2515683155908655,150.695340278551,269.2045919210105,workstation_setup_vL1ytmxU4cw.mp4,1050,Inspection,HIGH
90.0,78.46927693841283,178.18373683959697,90.32154864863081,19.7245926009599,3.020810148665393,3.020810148665393,6.041620297330786,97.98176589560134,35.46702800893402,178.03700897384647,51.246579763981636,16.346346397414166,2.7148231863975525,1.1285583249214322,0.0,4.444742050861442,0.0,0.0,inspection_process_0YSrGqZ_P6A.mp4,450,Lifting/Carrying,HIGH
90.0,81.30854257536859,166.2815892078914,130.44226908755937,90.0,15.719667445237947,15.719667445237947,31.439334890475894,98.85164282150268,17.901327819601516,28.028508605862676,174.6019199604142,0.8979841759323877,1.686909794807434,0.8725870865570301,0.0,0.08669592555111434,190.6210578394563,301.13276923728984,inspection_process_0YSrGqZ_P6A.mp4,540,Inspection,HIGH
90.0,90.0,142.3570600302049,156.64921025928683,59.756332280642894,25.610677519996443,25.610677519996443,51.221355039992886,99.3672608152522,20.118264871910917,75.70784977102917,165.6357660234397,7.539071041277119,5.5153608322143555,0.6460685520521189,0.0,2.7518990722066485,491.9557809024373,289.39907384095096,inspection_process_0YSrGqZ_P6A.mp4,720,Inspection,HIGH
90.0,90.0,106.26849668570539,95.45700967264837,53.275399151184814,28.177744339537526,28.177744339537526,56.35548867907505,99.847874540464,45.36748840577198,100.81148701307083,164.1457071227581,8.75414362804995,7.588130235671997,0.5618396592511238,0.0,183.69289445265127,230.87203073658458,356.39249948933485,inspection_process_0YSrGqZ_P6A.mp4,810,Inspection,HIGH
90.0,90.0,117.58556442745194,29.12637872380918,72.39731452519952,2.0565003357056666,2.0565003357056666,4.113000671411333,5.584607705337457,15.252913599786094,164.52023465344774,170.13512746634063,12.469113593955486,16.040217876434326,0.8713254880904134,0.0,0.6261235834440496,478.96874628975377,280.7234990961922,inspection_process_0YSrGqZ_P6A.mp4,1170,Inspection,HIGH
90.0,90.0,101.97585383974611,22.410431252317544,35.0361734988568,7.262980204007323,7.262980204007323,14.525960408014646,0.8838795086932857,26.95381750300968,169.56542258743062,72.52515398304686,0.3455662368165531,13.692623376846313,1.064646053748433,0.0,0.08609496491639534,208.93213522082712,167.1647467158803,inspection_process_0YSrGqZ_P6A.mp4,1260,Lifting/Carrying,HIGH
90.0,90.0,93.67366692687939,25.285603931368144,90.0,6.41221836738661,6.41221836738661,12.82443673477322,3.3629873755821222,25.507440282065417,158.3880629955121,43.30236305211041,1.8664049834644953,18.867623805999756,0.9537315821877526,0.0,1.7145829431704591,105.693827005282,103.67023281197277,inspection_process_0YSrGqZ_P6A.mp4,1350,Lifting/Carrying,HIGH
90.0,90.0,87.54925916012436,15.263980231804418,5.76097596712251,5.945692269613982,5.945692269613982,11.891384539227964,1.2027652650424052,37.16748119148277,162.2852789283195,66.78589804392357,5.088931157012269,22.991397976875305,0.939669204809956,0.0,0.31715312478194463,100.57144961580238,165.7405633460952,inspection_process_0YSrGqZ_P6A.mp4,1440,Lifting/Carrying,HIGH
90.0,90.0,75.71133596471364,6.477014117878854,6.056597210298193,3.5466389377046506,3.5466389377046506,7.093277875409301,1.4364047246252536,33.02365376092137,159.23432184683278,107.4443781802315,6.9518170644463,27.43433117866516,0.7640300275934927,0.0,0.4704182532369171,151.91063463015772,98.48457219459544,inspection_process_0YSrGqZ_P6A.mp4,1530,Seated Work,HIGH
90.0,90.0,173.75542690202644,15.958201463521945,26.76860003734511,2.44327591136708,2.44327591136708,4.88655182273416,6.545362925046117,26.52253512254988,74.17658455148734,166.2066253925828,85.70466705993137,18.89483332633972,1.0911837601963594,0.0,4.260610667051866,339.15188332914295,197.51902928612213,inspection_process_0YSrGqZ_P6A.mp4,1620,Inspection,HIGH
90.0,90.0,161.241802637935,3.3637730041470784,90.0,2.9834094137740133,2.9834094137740133,5.9668188275480265,5.149206237286491,20.243686326225387,112.12197036618852,172.15011911033164,16.778305179294314,21.0005521774292,1.0735545323318678,0.0,1.878114553706333,478.52553971591414,413.8798051332801,inspection_process_0YSrGqZ_P6A.mp4,1710,Inspection,HIGH
90.0,90.0,82.81912881239512,4.518621514345817,90.0,4.006496757145848,4.006496757145848,8.012993514291695,7.031165093213146,25.64388548521574,140.85878970726122,173.8182279269881,27.743701558280716,21.155762672424316,0.7553558583142578,0.0,5.527321212284011,85.1198228355089,162.3339458626313,inspection_process_0YSrGqZ_P6A.mp4,1800,Assembly Work,HIGH
90.0,90.0,36.92111546566218,46.07203369701007,15.100761616198493,2.238070912578727,2.238070912578727,4.476141825157454,3.2500744892755637,5.407889826663983,99.15091823143968,177.51476991153504,63.021157204752164,20.41058838367462,0.4055233828867303,0.0,1.3498898660397298,325.90931106899063,245.4843498619795,inspection_process_0YSrGqZ_P6A.mp4,1890,Assembly Work,HIGH
90.0,90.0,151.51837474497268,140.94842346177398,22.297554176347038,5.116445787929058,5.116445787929058,10.232891575858115,5.9722709993436975,13.46858674061747,109.06212533911882,131.3715096218135,30.587048482119588,31.46699368953705,0.4189712600347166,0.0,1.0877225132172832,368.52374153978883,40.12148965078659,inspection_process_0YSrGqZ_P6A.mp4,1980,Seated Work,HIGH
47.02374074305908,90.0,79.76655366514957,75.44718612066536,20.43968514468526,1.289694662932769,1.289694662932769,2.579389325865538,7.712907175367281,22.876282636998468,94.31936754436347,126.5453624178618,40.731101011666475,23.958665132522583,0.36835360436780906,0.0,0.9070274020336353,262.8219066407249,282.8455177006834,inspection_process_0YSrGqZ_P6A.mp4,2070,Seated Work,HIGH
90.0,90.0,33.91474773826632,18.713706661221753,3.0849405730135206,8.760765886012106,8.760765886012106,17.52153177202421,11.120352430280617,44.751391180603164,74.79895892297546,171.35465579545908,60.60816048539237,14.799672365188599,0.6870076689702039,0.0,1.0582852395586309,523.8433280200022,241.97922992922514,inspection_process_0YSrGqZ_P6A.mp4,2160,Assembly Work,HIGH
90.0,90.0,120.00927542326215,40.2151837265014,12.726517760789681,3.1693583935544867,3.1693583935544867,6.338716787108973,8.049042916158127,6.7556785543963045,79.79409169678138,174.43265513913437,49.405193276079615,0.6395876407623291,0.9651129900875537,0.0,0.9188836649818802,351.13908666294736,549.4394972015036,inspection_process_0YSrGqZ_P6A.mp4,2250,Inspection,HIGH
90.0,90.0,138.26564192798656,61.951817207618454,17.980893945120506,5.776273066984343,5.776273066984343,11.552546133968686,2.207221100565083,18.450795702436025,103.68617527962196,179.2773742926023,48.741066024816135,8.673503994941711,0.9423606454173875,0.0,1.0516340097208385,274.5358223671645,508.56083316395825,inspection_process_0YSrGqZ_P6A.mp4,2340,Inspection,HIGH
90.0,90.0,112.97677239957902,82.03668063443381,19.175410583457243,5.647825379928409,5.647825379928409,11.295650759856818,8.359233049148134,16.703140468755823,59.059908234848095,157.47885511969955,21.850771744449464,12.757512927055359,0.5372778816781528,0.0,1.1271251665132407,650.2020870610345,703.2700295309614,inspection_process_0YSrGqZ_P6A.mp4,2430,Inspection,HIGH
90.0,90.0,41.86649328345217,8.263270420809244,8.880647194026764,1.040492639404119,1.040492639404119,2.080985278808238,11.362738513628088,2.2981709154802616,94.142842511235,176.2477988519309,41.037809198885824,10.829630494117737,0.4316867586045609,0.0,0.9784981419084634,734.5823081518756,737.1206934380109,inspection_process_0YSrGqZ_P6A.mp4,2520,Assembly Work,HIGH
90.0,90.0,137.27902302725408,7.074280335117628,3.2804546909255268,2.7413854141996294,2.7413854141996294,5.482770828399259,0.38688758910756665,5.436721284396532,56.55225828373523,176.67032311128798,51.434683022145876,5.433565378189087,0.8205273041207214,0.0,1.1434101512157264,269.0631105451339,170.85113165973777,inspection_process_0YSrGqZ_P6A.mp4,2610,Inspection,HIGH
90.0,90.0,118.80708497283693,10.218324040936334,12.879963114624948,5.7006395240873635,5.7006395240873635,11.401279048174727,3.3411411804518107,5.898248056203339,52.94807658239749,174.82523361113428,39.88959847570257,1.369917392730713,0.855159041502426,0.0,0.9501809338351797,94.70616875635528,62.28057998722286,inspection_process_0YSrGqZ_P6A.mp4,2700,Inspection,HIGH
90.0,90.0,46.8530396608973,17.605633959080695,90.0,1.3089975857324005,1.3089975857324005,2.617995171464801,22.060797579706964,23.165377015393545,60.75259429818928,167.1203127698469,40.1872486151379,19.98593807220459,0.5807890144583302,0.0,1.8778266705258708,605.1062328136215,727.1870693333312,inspection_process_0YSrGqZ_P6A.mp4,2790,Assembly Work,HIGH
90.0,90.0,70.304908232495,16.834105994092326,57.67820188967638,0.9544100294053769,0.9544100294053769,1.9088200588107538,13.192413952939289,29.19847873570025,36.529197761599086,165.08221175894755,34.78749873025478,23.98069128394127,0.5787078149187718,0.0,1.7854155957620415,75.94379091413491,59.11808864092869,inspection_process_0YSrGqZ_P6A.mp4,2880,Assembly Work,HIGH
90.0,90.0,64.74515295004429,18.727726553731184,70.50068280400768,0.14036444047287525,0.14036444047287525,0.2807288809457505,10.976594720315019,27.476768725543554,43.98257360368888,169.49834286787754,32.79675658776784,20.735155045986176,0.573874648658151,0.0,1.7752733848900848,112.53053052528492,91.86401628870485,inspection_process_0YSrGqZ_P6A.mp4,2970,Assembly Work,HIGH
41.9188086456149,90.0,94.1154380942034,19.908115339705414,90.0,33.8340399802641,33.8340399802641,67.6680799605282,31.619039018036755,32.90824664089137,90.65525356678313,133.21619269279182,904.714317856525,0.42811334133148193,1.7650278300995907,0.0,6.134138006782159,0.0,0.0,quality_control_manufacturing_Ey4MqC7Kp7g.mp4,1710,Assembly Work,HIGH
34.96034594979752,90.0,78.34825924868305,5.683266959140452,90.0,7.470324385736681,7.470324385736681,14.940648771473361,19.534712898998997,37.098570117766045,86.42435092463701,141.62682742416285,929.4096177663221,0.8363842964172363,1.371508714209467,0.0,6.260183662230129,19.889347744589607,23.432264885897467,quality_control_manufacturing_Ey4MqC7Kp7g.mp4,1755,Assembly Work,HIGH
1.1919682711544866,90.0,74.54487387082881,41.79222463221542,90.0,7.406217592004233,7.406217592004233,14.812435184008466,4.448978207228562,2.875297921666248,87.36624632895685,152.75679761627995,648.8941895831388,0.9753063321113586,2.1879653568895017,0.0,4.857989698779085,36.32478390192732,86.56560074655236,quality_control_manufacturing_Ey4MqC7Kp7g.mp4,1800,Assembly Work,HIGH
90.0,90.0,80.38821056284634,15.540147905386375,12.778224417242306,2.6686848010813455,2.6686848010813455,5.337369602162691,8.857294659817958,14.22030590531191,42.82502819066887,157.40435003456284,139.7016414433337,38.25913071632385,0.5425576906336239,0.0,9.586939373267324,377.0014535098455,362.35084314773496,quality_control_manufacturing_Ey4MqC7Kp7g.mp4,2160,Assembly Work,HIGH
90.0,90.0,164.02448449663643,28.014444345280644,3.111421130407378,3.104465530987595,3.104465530987595,6.20893106197519,0.2914269143436498,7.101603459510336,53.51621341070886,119.68079666649268,48.84085568181092,38.206321001052856,1.148487650692895,0.0,3.2135230287733174,52.25628719450623,102.9745887210643,quality_control_manufacturing_Ey4MqC7Kp7g.mp4,2205,Inspection,HIGH
90.0,90.0,150.0592307259565,24.686946062289202,9.401616982879894,13.490406506018562,13.490406506018562,26.980813012037125,7.71930992942129,3.2740954178560218,100.83896037870322,100.6267948778024,116.06532349769016,37.3100608587265,0.469812672579358,0.0,3.423340800691416,30.610174408466513,55.806768381362815,quality_control_manufacturing_Ey4MqC7Kp7g.mp4,2250,Inspection,HIGH
90.0,90.0,139.79639608118813,22.851722978604588,1.4219879799003077,2.141542682678897,2.141542682678897,4.283085365357794,6.464213370652014,11.51053496073736,123.96939592287976,55.594396675175645,90.73101015983279,37.15059757232666,0.9437705784365584,0.0,1.9866570701683213,72.24085074720959,115.71944838089615,quality_control_manufacturing_Ey4MqC7Kp7g.mp4,2295,Lifting/Carrying,HIGH
90.0,90.0,146.13239182671185,29.92797602409245,4.524592138190487,4.987439032648303,4.987439032648303,9.974878065296606,14.53277909512919,15.516615301026942,121.77014712529643,102.78478608798295,100.44147667048462,36.437880992889404,1.121011067328873,0.0,1.8519003171949175,12.735463596332322,7.391880221200278,quality_control_manufacturing_Ey4MqC7Kp7g.mp4,2340,Inspection,HIGH
90.0,90.0,157.4858363144491,15.440714639093413,1.271691595925138,6.92317749198754,6.92317749198754,13.84635498397508,16.838471599949283,12.547342199773146,97.07344904483048,117.1432980687291,43.5383677090012,36.36803328990936,1.2408719752287203,0.0,0.941552363942331,17.207602086457836,16.255416239585028,quality_control_manufacturing_Ey4MqC7Kp7g.mp4,2385,Inspection,HIGH
90.0,90.0,157.133196985091,27.850659710666932,0.8027816084497587,7.036159015409156,7.036159015409156,14.072318030818312,18.45203290561282,12.541365817038876,102.44649949655664,52.573162192224885,69.92125376029836,35.91012954711914,1.1126472165079009,0.0,1.3559304119334368,15.219779309193148,20.571892327014147,quality_control_manufacturing_Ey4MqC7Kp7g.mp4,2430,Lifting/Carrying,HIGH
90.0,90.0,151.7227374687406,18.981620460421667,2.656250990207118,9.479537903610451,9.479537903610451,18.959075807220902,20.55290263742971,11.542350242396038,94.48920751669183,72.60062928244845,75.85783749000547,35.97767949104309,1.195367864738817,0.0,1.7106668474770257,15.804849392156378,8.451834056701774,quality_control_manufacturing_Ey4MqC7Kp7g.mp4,2475,Lifting/Carrying,HIGH
90.0,90.0,46.08413244044089,11.462184329247918,1.9363276708219281,3.877867449758928,3.877867449758928,7.755734899517856,19.896641158143915,3.961753693789448,77.75269441771532,174.80383086912695,27.55949101671734,35.08765995502472,0.39014376997823585,0.0,0.8577900208967354,50.23506261829736,50.89714432885235,quality_control_manufacturing_Ey4MqC7Kp7g.mp4,2520,Assembly Work,HIGH
31.66995818072058,66.26137825985394,152.5058432787033,112.67351643591624,80.73765817839671,0.9995611529531055,0.9995611529531055,1.999122305906211,91.53914417691989,11.307864513195645,4.820640273740029,91.39836220983639,21.495070410897345,8.215498924255371,0.9354968532112816,0.0,1.7209513823650464,304.44903072356243,317.4650738324758,quality_control_manufacturing_Ey4MqC7Kp7g.mp4,4410,Lifting/Carrying,HIGH
33.233220900428904,61.79890540571973,145.5577517054117,123.07481319457844,90.0,6.599982512186642,6.599982512186642,13.199965024373284,88.1294424164798,13.56978932778315,8.559685535849646,72.52065666402444,18.36047401664506,8.123517036437988,0.9152351065752294,0.0,5.171710444686391,3.8006695223437412,2.418026149755871,quality_control_manufacturing_Ey4MqC7Kp7g.mp4,4500,Lifting/Carrying,HIGH
47.34259420207861,90.0,141.19907504038926,165.25967805108195,19.75395491898107,9.963076854128259,9.963076854128259,19.926153708256518,42.8077747802154,45.57099024984999,65.93939699314258,123.70130918077376,83.80557348692463,3.9203375577926636,1.58466054917589,0.0,0.8660542653576503,114.03124118262414,151.49856767149635,quality_control_manufacturing_Ey4MqC7Kp7g.mp4,4860,Inspection,HIGH
43.068812916391664,90.0,124.15023043454514,100.73625262181997,90.0,36.36846695025263,36.36846695025263,72.73693390050526,98.50854248646388,32.03681213355467,23.41397781416196,173.8710537314212,1.4383064497933782,54.003338515758514,0.5669498613827414,0.0,0.2197066806891854,454.394217642484,417.33515883917426,quality_control_manufacturing_Ey4MqC7Kp7g.mp4,8235,Inspection,HIGH
73.65303439569995,90.0,104.97954596840185,22.441943145580648,90.0,19.499305430163254,19.499305430163254,38.99861086032651,98.68928228250839,29.088756135289312,16.245393692382198,177.54238215508005,6.228173544080105,55.069426633417606,0.6061649855665731,0.0,0.9883274801388294,16.798456742282895,18.46657650715212,quality_control_manufacturing_Ey4MqC7Kp7g.mp4,8460,Inspection,HIGH
77.52105373828877,90.0,143.62047273687116,45.6312918844216,85.91468599114089,31.826500316644957,31.826500316644957,63.65300063328991,97.84391316761248,44.60454884431633,101.22653547708123,172.70476459348322,4.664185333506156,57.921719551086426,0.7628752311598396,0.0,0.6412745617036202,47.49116173052843,85.95832101692253,quality_control_manufacturing_Ey4MqC7Kp7g.mp4,8505,Inspection,HIGH
75.32718538964977,90.0,136.08409692436533,48.48491774015653,87.99103314478731,29.525998065567453,29.525998065567453,59.051996131134906,98.9751204911454,30.583983333524728,27.080449630923383,171.76070144998442,6.047279014139896,54.46263160556555,0.49746351350908713,0.0,0.7219855379931899,52.47762953593674,87.9889636050507,quality_control_manufacturing_Ey4MqC7Kp7g.mp4,8595,Inspection,HIGH
90.0,90.0,161.6264836250347,21.010309935909493,0.7792010906651446,2.917187180701404,2.917187180701404,5.834374361402808,6.14836778776008,2.797835359135094,90.62597212429249,177.9076754361075,55.41338199047651,31.293120980262756,1.1884122569760882,0.0,1.0464471440526573,0.0,0.0,visual_inspection_inHkae5fNOE.mp4,37,Inspection,HIGH
90.0,90.0,120.96652765372164,72.56747688010381,25.850920609123712,30.76576725650659,30.76576725650659,61.53153451301318,96.89044842553677,9.363523089849673,128.92068823682098,101.91397437564655,3.095611278781803,16.89186543226242,0.14693758027853418,0.0,0.1304310729874179,1769.192403393174,1862.149683517217,visual_inspection_inHkae5fNOE.mp4,222,Seated Work,HIGH
90.0,90.0,112.67123918332967,57.85873429400313,25.096087152942676,32.02444890390761,32.02444890390761,64.04889780781522,96.21614377508149,0.4961988248073792,125.83911451217084,164.2767738030564,41.8258191662542,18.44509392976761,0.30608236076310624,0.0,1.0206950412861486,21.57236647143677,20.63141648912662,visual_inspection_inHkae5fNOE.mp4,259,Inspection,HIGH
90.0,90.0,152.34032542833927,98.08558920907791,18.703804902295076,52.01372918605968,52.01372918605968,104.02745837211936,98.54145018435135,5.522096472155941,122.15287374437938,155.65626675872184,32.128791657654595,18.822449445724487,0.4458828069090776,0.0,1.2487831207922602,22.10941930088107,11.384634457354814,visual_inspection_inHkae5fNOE.mp4,296,Inspection,HIGH
90.0,90.0,84.41919667403889,45.47608964962342,40.01710140298062,45.59560213616613,45.59560213616613,91.19120427233226,95.41243908132847,4.554499850831802,107.39921794412064,141.19999526141174,24.263906211718783,18.60262006521225,0.46612508191905544,0.0,1.209637360305084,18.753505727872923,36.04509200404214,visual_inspection_inHkae5fNOE.mp4,333,Seated Work,HIGH
25.016144303405532,90.0,149.13588505142118,92.23970632634216,22.70882413490949,49.30894072484149,49.30894072484149,98.61788144968298,97.3125565641578,27.256305591777608,124.20999654149583,177.71193065816442,50.9657359920967,19.506077468395233,0.47398188744217695,0.0,1.3481428650490237,25.86178576952658,46.47596559956142,visual_inspection_inHkae5fNOE.mp4,370,Assembly Work,HIGH
88.33298471932257,90.0,111.74559178396879,84.09084211041963,13.351924143536142,33.17198377552674,33.17198377552674,66.34396755105348,91.49356925866046,29.363428668732865,133.22208444262822,165.74696232409764,69.96209710373572,19.849476218223572,0.627598216225896,0.0,2.0091728697115445,13.812490198640516,23.866310163253328,visual_inspection_inHkae5fNOE.mp4,407,Inspection,HIGH
90.0,90.0,166.61894142083668,77.97222820394089,15.126050346014257,8.863248550713914,8.863248550713914,17.726497101427828,89.80069134447314,7.32472636228941,175.0018854375906,105.17634799524598,15.252598092123895,15.347868204116821,1.0381115000287433,0.0,1.0462700450825344,60.08320093816756,101.35813898705239,visual_inspection_inHkae5fNOE.mp4,481,Seated Work,HIGH
90.0,90.0,158.66630034461633,81.40012129332183,35.79039660901721,28.24468973349779,28.24468973349779,56.48937946699558,90.20762810924576,1.4608609470102194,167.26617905164358,170.81989056797744,4.5622680089700305,15.955233573913574,1.079583587104147,0.0,0.4111593640151741,64.20315498553516,37.874402751724205,visual_inspection_inHkae5fNOE.mp4,555,Inspection,HIGH
90.0,90.0,136.29329143628587,76.35000994373021,27.975653179085512,10.009851163545626,10.009851163545626,20.019702327091252,85.81910039999984,3.018730015444795,145.78689676809893,54.70771816578167,12.600457209990715,16.386081278324127,0.0450994327463597,0.0,0.5086826779606997,61.48304951240955,100.85778301879114,visual_inspection_inHkae5fNOE.mp4,1073,Lifting/Carrying,HIGH
90.0,90.0,123.68415714123691,72.5721242982714,23.286117716998408,20.489983566310237,20.489983566310237,40.97996713262047,85.92554431296197,2.794657894342618,131.7612402497037,149.35786163063437,18.779764800428143,17.711040377616882,0.1789420830194685,0.0,0.4722507727097894,26.975573009472498,21.136105852255,visual_inspection_inHkae5fNOE.mp4,1110,Seated Work,HIGH
90.0,90.0,68.19446600260969,44.86881995301901,19.639916419833035,0.57940873479408,0.57940873479408,1.15881746958816,79.22598401883477,1.9671331310627094,159.2721392788526,16.71859602272231,32.099198041752125,15.605543553829193,0.15171360960887506,0.0,1.778334518316913,36.337695475792174,55.91005034497475,visual_inspection_inHkae5fNOE.mp4,1184,Lifting/Carrying,HIGH
78.71665850362794,90.0,142.80290715428373,115.93608459804955,24.783967404784985,47.38834253654745,47.38834253654745,94.7766850730949,89.87156704384158,7.840030902403466,122.52657807575419,154.81174914173198,16.961569092369427,18.53344589471817,0.5140016996929975,0.0,0.5192718616087257,46.389388137975665,65.0241784162608,visual_inspection_inHkae5fNOE.mp4,1332,Inspection,HIGH
90.0,90.0,145.3424737977257,87.11427125724614,24.186994623484953,40.93322275451282,40.93322275451282,81.86644550902564,91.2244560111695,10.948217966267036,137.5788539063416,161.63536763784043,36.57906115406874,19.033855199813843,0.16827610055163245,0.0,1.2967959302311554,11.080922120927175,19.365216835923718,visual_inspection_inHkae5fNOE.mp4,1369,Inspection,HIGH
90.0,90.0,126.04000459604399,76.43645502737287,36.887082512587504,27.73422268419847,27.73422268419847,55.46844536839694,83.73368995656705,1.3835544635349195,115.222537016626,166.79514521957736,5.3895947144096334,17.919881641864777,0.31878258177159813,0.0,0.5990648881922132,67.17963892586768,65.31646470949958,visual_inspection_inHkae5fNOE.mp4,1406,Inspection,HIGH
90.0,90.0,55.26235753022403,29.568817324542135,8.099037825472768,7.255876152760556,7.255876152760556,14.511752305521112,35.200232592641385,5.560485155353845,137.57709740559613,109.73771406249995,76.62049513331002,18.068990111351013,0.31467585362872535,0.0,3.5367266691534684,95.45046967102341,98.40892476164274,visual_inspection_inHkae5fNOE.mp4,1776,Assembly Work,HIGH
90.0,90.0,89.7744107262669,18.05796201264074,15.613192294675583,6.77905869277633,6.77905869277633,13.55811738555266,24.585411099726983,12.729760001704765,137.3485757770012,167.63654662783642,61.2630016781587,18.800494074821472,0.355022634495369,0.0,3.4330955619678476,34.79677900801023,19.381426895748568,visual_inspection_inHkae5fNOE.mp4,1813,Assembly Work,HIGH
90.0,90.0,35.09397209719377,23.171809298442874,3.0079941540222173,5.356370582516848,5.356370582516848,10.712741165033696,20.669900033270373,10.259517676124569,137.05724201019518,158.5293577045093,93.60745441578652,18.881051242351532,0.21892670035557663,0.0,2.4308451081422953,89.85421590061283,13.226221992644195,visual_inspection_inHkae5fNOE.mp4,1850,Assembly Work,HIGH
90.0,90.0,39.258666257834015,21.45334178500533,12.374698941960949,6.861508770881342,6.861508770881342,13.723017541762683,19.803929928176352,1.930897705985684,116.2099795611412,159.27597267604784,80.16641664025441,18.89118403196335,0.4273883896562884,0.0,1.867522821078213,22.547691083508735,30.525146959880555,visual_inspection_inHkae5fNOE.mp4,1887,Assembly Work,HIGH
90.0,90.0,43.45591716110575,22.708568553450966,10.844776865671891,6.0095577822476,6.0095577822476,12.0191155644952,19.010507203046426,0.9281805093716865,114.18317555393914,156.17973175334964,89.90851392499037,19.36187595129013,0.33808873130463724,0.0,1.9424691506208462,31.03508885294042,23.171201047755744,visual_inspection_inHkae5fNOE.mp4,1924,Assembly Work,HIGH
90.0,90.0,40.9998187720184,18.096553251583728,8.7972605949248,4.090238598941966,4.090238598941966,8.180477197883931,16.50381326715014,3.2196242571032263,106.5877945752135,134.5577211751384,76.95460040051991,19.784562289714813,0.31549363045594114,0.0,1.655073936536987,18.358275694375084,11.272271146597069,visual_inspection_inHkae5fNOE.mp4,1961,Assembly Work,HIGH
90.0,90.0,43.8207438440663,19.022276721273847,7.873834924873036,4.848013133133026,4.848013133133026,9.696026266266053,12.923230111644799,3.927419590006003,106.46469463271602,134.67881354258373,97.50375193141167,20.174549520015717,0.348761314748321,0.0,2.100284777471821,11.95068539838783,4.550871900977314,visual_inspection_inHkae5fNOE.mp4,1998,Assembly Work,HIGH
90.0,90.0,41.41974468565086,16.459196518464644,7.809043273087067,4.698574846865676,4.698574846865676,9.397149693731352,10.840253885027598,0.3877622888521571,109.67452239135804,86.84471186470958,58.32890344955819,20.029747486114502,0.301583114083862,0.0,1.3687550865372555,26.165165030035016,4.250041874026911,visual_inspection_inHkae5fNOE.mp4,2035,Lifting/Carrying,HIGH
90.0,90.0,39.569763634637326,16.19632340011025,9.05860770198938,3.8073401799143793,3.8073401799143793,7.614680359828759,8.902063621669587,6.192150414107584,101.43874744803176,139.69441673865774,96.57480710931236,20.41318267583847,0.3212590405223496,0.0,1.9235833456248952,23.87877706267127,2.8775529727714964,visual_inspection_inHkae5fNOE.mp4,2072,Assembly Work,HIGH
90.0,90.0,39.04363884133309,13.581778784571723,9.860007211588368,3.690704805239183,3.690704805239183,7.381409610478366,7.188848253149624,4.925569977363375,103.09374716573765,146.45361996344323,81.2900471787141,20.49400955438614,0.30114612969963783,0.0,1.7121809907775958,8.165454184080891,3.18630139073681,visual_inspection_inHkae5fNOE.mp4,2109,Assembly Work,HIGH
90.0,90.0,158.0588466419039,16.824806657509367,90.0,0.3571486954928314,0.3571486954928314,0.7142973909856628,5.599355846499381,17.109186862659772,108.24077899980506,169.39448884802894,27.088889364090758,10.770010948181152,1.3300474664350261,0.0,0.7604006193755622,0.0,0.0,proper_lifting_yVkh8blXs4o.mp4,37,Inspection,HIGH
90.0,90.0,107.52622765008019,30.764158050446063,90.0,4.397044378712278,4.397044378712278,8.794088757424555,9.26760897855758,1.7537736325177582,107.6353608475942,177.39304164394838,43.840458410476906,9.788888692855835,0.6160984954968927,0.0,1.2166907363832207,82.02106112776778,130.02540415911724,proper_lifting_yVkh8blXs4o.mp4,74,Inspection,HIGH
90.0,90.0,116.69415135033621,24.395554727450513,90.0,5.439983599285728,5.439983599285728,10.879967198571457,17.97558843749636,7.779749616807123,123.89211309533644,168.99155065565532,34.68419141816365,7.5265586376190186,0.6498091602242313,0.0,1.2048416389984284,38.42534167650203,35.24398310574249,proper_lifting_yVkh8blXs4o.mp4,111,Inspection,HIGH
90.0,90.0,143.35411525618807,26.951140255162763,15.610001805029992,10.915790424291806,10.915790424291806,21.831580848583613,10.68770155182467,29.98762193937388,117.93389357283117,87.12495661657076,80.4802849908057,2.943412959575653,0.9232844920509556,0.0,2.8895346704264866,377.2112670842286,372.94164127519844,proper_lifting_yVkh8blXs4o.mp4,148,Lifting/Carrying,HIGH
90.0,90.0,140.89127421845834,14.396053352172952,40.94130467604819,18.86374362808711,18.86374362808711,37.72748725617422,20.412356272327273,67.14154465906645,114.71267242925981,48.471066948130556,48.53302703295144,14.250081777572632,0.8341205932120779,0.0,0.7899601340224133,236.04457305812582,224.64891750295433,proper_lifting_yVkh8blXs4o.mp4,185,Lifting/Carrying,HIGH
90.0,90.0,134.48102676218667,28.13182025480615,9.584926019709089,0.7056768678582194,0.7056768678582194,1.4113537357164387,1.1877413123367333,17.485121250598016,108.33892628775115,178.5909217437246,47.36216319953625,3.8187429308891296,0.8552221264189716,0.0,1.2042546856443423,357.4560312450895,345.6667777598444,proper_lifting_yVkh8blXs4o.mp4,222,Inspection,HIGH
90.0,90.0,135.7306738567386,26.242862518429682,14.290036579722372,3.5429139241909096,3.5429139241909096,7.085827848381819,15.388191880451407,9.550000898427575,119.97882967707227,177.9441603438969,39.55314491233548,3.1791672110557556,0.821333143373713,0.0,1.10583595256232,132.56969962505485,120.88656646326949,proper_lifting_yVkh8blXs4o.mp4,259,Inspection,HIGH
90.0,90.0,147.23513911605332,25.304730426772213,32.033921423937485,2.0121423489274126,2.0121423489274126,4.024284697854825,14.180344417705589,19.611741399386144,82.53986954290858,131.51587611388447,35.69932781928558,1.7507299780845642,0.8555604083167538,0.0,4.259866511871854,203.78354232205555,175.2591381868757,proper_lifting_yVkh8blXs4o.mp4,296,Inspection,HIGH
90.0,90.0,162.62562559276944,15.935706958546351,90.0,1.990011656374479,1.990011656374479,3.980023312748958,3.0705276690523293,17.71567717503907,96.75791830056743,172.639949074352,32.744761517921724,6.026211380958557,1.2473826936031747,0.0,0.874559097020375,213.04190467876774,216.88555827629557,proper_lifting_yVkh8blXs4o.mp4,407,Inspection,HIGH
90.0,90.0,172.4827459647584,6.59207167766713,90.0,4.747734984974533,4.747734984974533,9.495469969949067,6.220139142037395,8.515319553712988,83.45219398030605,150.39402380892318,17.60174983599578,2.4365216493606567,1.4819526953377533,0.0,0.36946663203476,250.40223587229318,307.2000680587661,proper_lifting_yVkh8blXs4o.mp4,444,Inspection,HIGH
90.0,90.0,166.54384268297633,5.4207304260944875,90.0,2.677124338711638,2.677124338711638,5.354248677423276,3.71296914452789,12.592655446653245,76.84570077192461,170.67415211444893,29.154309440109,1.5712469816207886,0.9237974762544567,0.0,0.9264855771346774,138.388722900583,88.55596048838412,proper_lifting_yVkh8blXs4o.mp4,481,Inspection,HIGH
90.0,90.0,165.44520564006405,12.140013883006155,90.0,1.4045298873620453,1.4045298873620453,2.8090597747240906,3.07719620382417,2.3721830680194316,85.7783164609365,172.4159485449429,13.854967671228529,6.890490651130676,1.0549444308825666,0.0,0.4636609923213693,118.72247379723747,120.92968764538875,proper_lifting_yVkh8blXs4o.mp4,518,Inspection,HIGH
5.826376914913069,90.0,107.68192210746011,68.49092039544715,24.973744985496666,34.34171650378209,34.34171650378209,68.68343300756418,5.028041324633467,17.615310203023604,86.17284250297996,117.66777347722325,39.73818547618146,2.976471185684204,1.8915860910139393,0.0,0.7703294999996533,188.2158935284666,246.02063794390088,proper_lifting_yVkh8blXs4o.mp4,555,Assembly Work,HIGH
90.0,90.0,168.96088338294004,5.490974982787909,90.0,2.412808226740824,2.412808226740824,4.825616453481648,7.109506952599455,14.449407841643701,73.46990840045858,172.84442394237527,49.346574119585874,7.704666256904602,0.9961406502746697,0.0,1.4941060071287942,264.45111226494464,216.64006210296174,proper_lifting_yVkh8blXs4o.mp4,666,Inspection,HIGH
90.0,90.0,154.98813203352717,2.6154930864787795,90.0,3.906158056202259,3.906158056202259,7.812316112404518,6.47658609521071,41.0708572150775,65.91040354696345,169.5794661182914,33.53181371831294,3.7075653672218323,0.8297114405239323,0.0,1.9955788891183892,114.78895484053108,115.84978156565342,proper_lifting_yVkh8blXs4o.mp4,703,Inspection,HIGH
90.0,90.0,154.7941238094722,5.360892784164708,90.0,7.157914951657224,7.157914951657224,14.315829903314448,21.235933660243784,34.459078076925024,69.76248837661831,171.82160984914154,51.21747062606809,3.4589871764183044,0.828955781251155,0.0,1.9501895305669974,36.33223905113733,35.54737498763647,proper_lifting_yVkh8blXs4o.mp4,740,Inspection,HIGH
90.0,90.0,122.83940571695776,15.75610344946082,90.0,3.162159130820938,3.162159130820938,6.324318261641876,43.437847087444425,25.337439083458197,88.50712322640184,138.0300775676708,86.38452827233442,2.3544222116470337,0.8502663078432472,0.0,2.2622719499585626,119.02422330232042,72.65043916687155,proper_lifting_yVkh8blXs4o.mp4,777,Inspection,HIGH
90.0,90.0,142.4302521750958,81.19970086292585,90.0,13.338392626578882,13.338392626578882,26.676785253157764,93.77098774253956,35.2375934720832,46.370046961697476,168.76647408928045,15.274764362390572,26.73746943473816,0.6604300747268148,0.0,13.149327527378299,211.4252973637525,161.0708584548234,proper_lifting_yVkh8blXs4o.mp4,888,Inspection,HIGH
88.81278855158311,90.0,142.62770654077306,102.21413642548086,67.10891910908101,29.738293330029148,29.738293330029148,59.476586660058295,93.78404582568426,41.822135862830656,25.158157033682546,175.94179721490636,8.341434622901087,29.646243900060654,0.8458860511790095,0.0,0.6419873716024256,140.91137023453274,157.3157085515421,proper_lifting_yVkh8blXs4o.mp4,925,Inspection,HIGH
78.72345337739426,90.0,113.08062564900472,115.85522005381665,71.29992142239078,31.41861157788429,31.41861157788429,62.83722315576858,94.50655678658481,34.395446429935774,41.064154297152946,165.51767140572485,4.789276705655658,30.125094950199127,0.8114616462363657,0.0,0.37839272477021,112.81109241339652,79.20320967113199,proper_lifting_yVkh8blXs4o.mp4,962,Inspection,HIGH
90.0,90.0,164.78969598228915,81.51762445258605,71.55286122873578,35.00443929835253,35.00443929835253,70.00887859670506,93.02904802978115,42.801363679297665,17.680867803455882,173.29493259085336,40.775540175694786,28.65980491042137,0.9675099525583682,0.0,15.126310485730135,172.26730578171265,231.6371071354332,proper_lifting_yVkh8blXs4o.mp4,999,Inspection,HIGH
90.0,90.0,94.87561837641549,94.24984375503828,90.0,38.19767919627228,38.19767919627228,76.39535839254457,93.72160427528067,46.64925848292549,80.22057610982478,171.64235396664498,23.148921452272415,31.028687208890915,0.6191381154808296,0.0,3.5658426182882503,99.87498544794495,135.04650450980145,proper_lifting_yVkh8blXs4o.mp4,1036,Assembly Work,HIGH
90.0,90.0,87.80184062006057,33.778840676415285,24.933905689428432,8.745279061209837,8.745279061209837,17.490558122419674,95.0026559007963,28.456547685725248,91.39434751821292,155.82691584843477,2.4033547929711476,22.633840143680573,0.3817516305276922,0.0,0.23883691737719906,363.05583910646294,268.3870790119232,proper_lifting_yVkh8blXs4o.mp4,1073,Assembly Work,HIGH
90.0,90.0,124.06065947220529,20.60060948149499,21.349931970121855,9.873376126439243,9.873376126439243,19.746752252878487,95.63282365749609,30.817446884717402,54.661268953754444,149.44192088656405,27.8222025850194,23.32010716199875,0.6304069888803934,0.0,1.8236583845127958,104.51828029689901,146.5892311099161,proper_lifting_yVkh8blXs4o.mp4,1110,Inspection,HIGH
90.0,90.0,103.73327888336989,17.871732310621194,30.3159775189533,10.127590974700063,10.127590974700063,20.255181949400125,94.10921062410178,19.4712031641087,34.33556344426902,147.79667206077298,21.901277149227848,25.12437328696251,0.7895586155189794,0.0,1.5171506815153262,79.85139062380543,81.33071805850592,proper_lifting_yVkh8blXs4o.mp4,1147,Inspection,HIGH
65.10370023025062,54.179326935693396,54.076092287987564,73.64048169414019,90.0,11.075790255808988,11.075790255808988,22.151580511617976,81.08527058431297,0.38028514857516166,37.7165739814048,179.18102836557992,13.996186497752833,8.93898606300354,0.24590023939764324,0.0,2.0596558877681947,0.0,0.0,visual_inspection_why_00oEeNOhX2U.mp4,44,Assembly Work,HIGH
35.83824313928242,54.94820512037512,37.94696910587512,161.63762744484328,90.0,3.454745875709771,3.454745875709771,6.909491751419542,81.86332016116258,7.636552743298298,70.4154034497754,59.232933005750574,2.648704196779197,7.383072376251221,0.09682645576674079,0.0,0.4983546780852751,108.09848562872101,51.79007999889613,visual_inspection_why_00oEeNOhX2U.mp4,88,Lifting/Carrying,HIGH
90.0,56.129054118253,55.157528427486355,102.1272552239949,90.0,17.830313767194113,17.830313767194113,35.660627534388226,83.02950053495802,0.4165422637595053,77.45508611602692,123.4596903964102,11.187526032180985,6.691005825996399,0.2189443381305885,0.0,6.765574132554061,57.40533310051306,36.820837164740716,visual_inspection_why_00oEeNOhX2U.mp4,132,Assembly Work,HIGH
90.0,90.0,100.19617795238914,19.93969044097468,6.060518876373532,2.828693968970291,2.828693968970291,5.657387937940582,4.583514017629578,30.893109089890498,9.743512488584107,149.98410094029822,56.80473303211856,20.43808400630951,1.2004100928519055,0.0,1.4343145135402662,693.8946535787359,291.3997834492327,visual_inspection_why_00oEeNOhX2U.mp4,2464,Inspection,HIGH
90.0,90.0,110.58762018264972,27.88816973299883,2.0540811134634747,2.7201631042664896,2.7201631042664896,5.440326208532979,13.639299965718084,28.809730992019478,7.4692640998395445,163.40001891205554,58.383546020073965,9.95263010263443,1.2691576665395312,0.0,1.284233139601421,231.3747345245697,217.8484475663554,visual_inspection_why_00oEeNOhX2U.mp4,2508,Inspection,HIGH
90.0,90.0,126.52941502092278,20.51951890505022,0.4433651398990006,2.0005580007884185,2.0005580007884185,4.001116001576837,6.515605641211976,20.828852152069853,16.493079559386906,164.81083146344957,54.70440918439422,9.281507134437561,1.2057348275642081,0.0,1.0978677057964212,86.640767572298,117.07571570820926,visual_inspection_why_00oEeNOhX2U.mp4,2552,Inspection,HIGH
90.0,90.0,124.29140172075968,28.936166313198804,0.8519198223910525,3.7288563398117085,3.7288563398117085,7.457712679623417,11.715515057009448,13.956893292710099,38.985400943512275,169.8333251708056,54.93862800480889,3.1696289777755737,1.112554447372827,0.0,1.0212198131043018,148.45813167316126,96.20330237680426,visual_inspection_why_00oEeNOhX2U.mp4,2596,Inspection,HIGH
90.0,90.0,91.53487153056014,12.768451768064965,8.692011934761931,1.8961476061679745,1.8961476061679745,3.792295212335949,14.091260052438976,18.142876970921286,75.69667670133948,150.2839288828756,54.877054417400636,4.139593243598938,0.7805378446734665,0.0,1.2063308461339333,183.63226963099282,274.0805671307628,visual_inspection_why_00oEeNOhX2U.mp4,2640,Assembly Work,HIGH
90.0,90.0,91.63490648289161,14.64508411759966,8.45219081639485,1.5384900507006662,1.5384900507006662,3.0769801014013325,12.087062904765439,22.06466700641494,13.01017763470707,175.35564951251604,60.88595620060057,10.584063827991486,1.003976974009061,0.0,1.2589962173071574,137.0180053182007,71.4434251912087,visual_inspection_why_00oEeNOhX2U.mp4,2684,Assembly Work,HIGH
90.0,90.0,94.39101132265597,17.327609240151517,0.6128625703981649,2.707067684608124,2.707067684608124,5.414135369216248,19.632601654739812,24.532449041651343,12.936597917493017,162.24936729944687,45.380477377093264,10.0954070687294,0.8103311505076587,0.0,1.0882909172482391,68.0256018324666,92.10434586831393,visual_inspection_why_00oEeNOhX2U.mp4,2728,Assembly Work,HIGH
90.0,90.0,89.11848362290849,21.06357997418732,13.511997381059073,3.3363247305975245,3.3363247305975245,6.672649461195049,15.931213739290332,20.880748667168227,21.945096351278494,167.9322756665227,53.42644752616488,5.260562896728516,0.850095489941579,0.0,1.290694749046633,125.13220427872362,165.5513449379314,visual_inspection_why_00oEeNOhX2U.mp4,2772,Assembly Work,HIGH
90.0,90.0,78.23484873727335,19.06682188627663,5.09188528133373,3.6710758992670995,3.6710758992670995,7.342151798534199,26.37971315005056,22.431048051694084,30.831973149005773,157.44752507468314,49.67594287207739,2.4690404534339905,0.7623771624763008,0.0,1.3359871214792864,77.13756501544916,70.58053505474425,visual_inspection_why_00oEeNOhX2U.mp4,2816,Assembly Work,HIGH
90.0,90.0,89.25905358149768,16.90979322673047,5.960041144651589,3.2582793045546845,3.2582793045546845,6.516558609109369,25.535067811554885,13.80504336037286,17.650739645232292,151.7686739307366,53.65298769718765,6.936152279376984,0.9650788297586068,0.0,1.2261710064025062,116.63968053261597,118.59171640203816,visual_inspection_why_00oEeNOhX2U.mp4,2860,Assembly Work,HIGH
90.0,90.0,110.80409806591828,23.295520286142608,6.8265493910301025,5.120276942272227,5.120276942272227,10.240553884544454,24.507777060174767,13.216352472964418,18.875638030356228,160.46132445909728,59.49492674617737,8.355385065078735,0.9632647132578421,0.0,1.3167630235291023,49.03458746296398,41.728856171782645,visual_inspection_why_00oEeNOhX2U.mp4,2904,Inspection,HIGH
90.0,90.0,126.21224822305237,34.38148063340958,6.272282505013059,4.335290803436856,4.335290803436856,8.670581606873712,19.056507742266763,6.494982467243854,28.734302827245408,175.4568020423245,62.49097616940132,8.332522213459015,1.05153678862933,0.0,1.2114426176317636,147.63705092871945,267.70432432492817,visual_inspection_why_00oEeNOhX2U.mp4,2948,Inspection,HIGH
90.0,90.0,125.52272765649167,33.57426207533979,2.9585991855021327,2.4473961989880766,2.4473961989880766,4.894792397976153,4.422517910202773,9.18255348502299,37.56116070603638,173.05202585180524,53.52066688671149,7.966430485248566,1.4080286655411374,0.0,1.052183780567111,424.747989465117,497.39821792463016,visual_inspection_why_00oEeNOhX2U.mp4,2992,Inspection,HIGH
90.0,90.0,77.07003190077695,28.147122281817524,4.145854974634975,1.282621184970478,1.282621184970478,2.565242369940956,2.1921713849863984,0.32846875792630237,105.21715418259215,175.12554201496977,53.669091431216266,8.55599045753479,0.7801783336168344,0.0,1.0369441294541255,431.78213067086006,586.253098295135,visual_inspection_why_00oEeNOhX2U.mp4,3036,Assembly Work,HIGH
90.0,90.0,107.42830192815595,24.83482674566875,9.71167019662902,2.7602446146540656,2.7602446146540656,5.520489229308131,5.161260697448281,5.637926078463856,122.80134895578755,174.38883445695325,46.83203049495401,8.513155579566956,0.7546648956185507,0.0,0.9302996243065823,113.27250057274514,241.75763080102274,visual_inspection_why_00oEeNOhX2U.mp4,3080,Inspection,HIGH
90.0,90.0,88.17751794417771,25.528277591231742,3.524568138121071,2.8751615007046993,2.8751615007046993,5.750323001409399,6.671608824081625,7.909475805428203,101.3452366179481,162.35376354457952,62.85662492394414,8.346721529960632,0.775141454763669,0.0,1.1402710134218002,144.9337847130988,183.57900966932795,visual_inspection_why_00oEeNOhX2U.mp4,3124,Assembly Work,HIGH
90.0,90.0,92.92347807790543,25.925938979252443,3.490234780166868,2.013110339711022,2.013110339711022,4.026220679422044,8.244759084717346,6.2976040225133785,108.42280807271354,170.77179316428703,58.545940418865364,7.712896168231964,0.7464273586286932,0.0,1.0797887960574917,50.24191089996151,50.34377362763824,visual_inspection_why_00oEeNOhX2U.mp4,3168,Assembly Work,HIGH
90.0,90.0,86.38530964468427,25.9531639137973,1.5796016739234537,2.191592738809374,2.191592738809374,4.383185477618748,8.104698327338978,7.3117320192646025,101.85561188573828,166.91852091506175,61.17982746611378,7.354848086833954,0.7557112401166479,0.0,1.1223849269791633,29.398600661195495,41.107789229370646,visual_inspection_why_00oEeNOhX2U.mp4,3212,Assembly Work,HIGH
90.0,90.0,85.97082559283719,24.32695071445835,3.97005795897467,2.213418244527415,2.213418244527415,4.42683648905483,7.582133945050024,6.825319857257426,102.22824245968644,164.64425527939076,56.169324363598186,7.497625052928925,0.756771380037064,0.0,1.0192687873728197,23.433061103964658,41.035561425557006,visual_inspection_why_00oEeNOhX2U.mp4,3256,Assembly Work,HIGH
90.0,90.0,48.27814535072855,4.3798475305370435,2.543775169152502,2.558538143014102,2.558538143014102,5.117076286028204,6.726264316641969,4.930750721252529,124.97366964346827,155.007869848905,43.56401482643759,23.231501132249832,0.3957558738153523,0.0,1.1321180976282523,397.5643127839173,373.00285837416175,visual_inspection_why_00oEeNOhX2U.mp4,3300,Assembly Work,HIGH
90.0,90.0,44.484671987110865,46.829042751080465,40.47575300233062,1.2218643652663306,1.2218643652663306,2.443728730532661,4.296462654969866,7.540213609833401,92.34437076400013,78.69093919024914,33.56594693664455,43.96130507811904,0.27049002999585664,0.0,1.9809739138263205,409.8920596970041,370.02719763771194,visual_inspection_why_00oEeNOhX2U.mp4,3344,Lifting/Carrying,HIGH
16.381227348128597,47.32527191509003,110.61312535876192,124.26538372867279,90.0,5.698129403159028,5.698129403159028,11.396258806318055,73.52136450482011,16.14141923778879,67.3923117091659,149.25211232426255,55.8945966874731,28.248095512390137,1.1585788298372235,0.0,5.953652548502985,1364.968173978812,1233.4942185602927,visual_inspection_why_00oEeNOhX2U.mp4,3564,Assembly Work,HIGH
90.0,89.7378548527702,117.50745298757234,126.0498072990911,90.0,25.74386947639499,25.74386947639499,51.48773895278998,99.99895333518016,10.982567734253955,20.450110638655833,86.09662841418911,10.502427161173243,16.18967354297638,0.28676471453614577,0.0,2.112198966223863,0.0,0.0,cardboard_manipulation_station01_worker041.mp4,88,Lifting/Carrying,HIGH
90.0,90.0,127.3599078421974,66.84199117465205,90.0,7.036187338851383,7.036187338851383,14.072374677702767,81.9318438215163,54.84354876329613,29.48208333236837,161.5794573340179,3.607435684326019,15.219917893409729,0.7882601465722194,0.0,0.24255283382954235,386.2229930925379,329.00198618194804,cardboard_manipulation_station01_worker041.mp4,220,Inspection,HIGH
90.0,90.0,150.89000932356572,65.21866872443437,60.31079800209021,2.1043033955246817,2.1043033955246817,4.208606791049363,81.46541201234567,26.025766993896827,4.745582767729495,163.17251823338827,14.97311500367577,24.01413321495056,1.0296799786976614,0.0,60.643127199620395,111.26740700238801,86.88482363216922,cardboard_manipulation_station01_worker041.mp4,264,Inspection,HIGH
82.19853919132096,90.0,123.22407454240663,58.308060790762184,78.07676402003878,23.14896963040862,23.14896963040862,46.29793926081724,79.02092290792405,24.881200164167705,57.20778009487216,162.8571031497562,47.50295584129209,21.524596214294434,0.31180562269920287,0.0,2.925615195833102,117.36710176984569,104.64225458792272,cardboard_manipulation_station01_worker041.mp4,308,Inspection,HIGH
90.0,90.0,30.230835609419668,43.200104306258126,90.0,7.78742146295239,7.78742146295239,15.57484292590478,79.07009493140069,40.40552680196311,113.03550580206594,115.04252577052135,33.319523712691236,22.26046770811081,0.14588798495757982,0.0,23.61936937386891,52.970304458851885,36.38370363402766,cardboard_manipulation_station01_worker041.mp4,352,Assembly Work,HIGH
33.296971580754914,49.788508049429545,62.88019451498518,140.26255394471647,90.0,65.14777591148662,65.14777591148662,130.29555182297324,76.3666552290685,61.98727141778744,12.617640570264479,28.398083913268323,58.49064852811203,23.070846498012543,0.658679275203625,0.0,4.1816516380313855,197.24923196136044,130.0499609227776,cardboard_manipulation_station01_worker041.mp4,396,Lifting/Carrying,HIGH
90.0,90.0,118.88569118252073,124.19134800005547,90.0,23.24510610264141,23.24510610264141,46.49021220528282,84.32363120022079,28.85526765271597,153.07703918450522,136.64692280732012,11.92632950622556,0.4856869578361511,0.9358293709995485,0.0,0.6042872776521351,363.34266099743354,332.04768723639734,cardboard_manipulation_station01_worker041.mp4,792,Seated Work,HIGH
90.0,90.0,28.72357442245565,130.73158869883412,58.1000933141323,10.538751236808936,10.538751236808936,21.077502473617873,73.63210414731886,20.72955336151699,31.836849928832386,112.01215076563787,35.74845556063922,1.9215181469917297,0.1270482806503565,0.0,6.324226588249555,71.78896262836763,50.15135769732178,cardboard_manipulation_station01_worker041.mp4,836,Assembly Work,HIGH
90.0,90.0,113.96935672321528,138.3293201102774,90.0,12.166960424183523,12.166960424183523,24.333920848367047,70.63843823365296,26.615335985446187,27.068975944848596,124.52368298253272,45.137325709774565,5.985131859779358,0.8377047849709522,0.0,2.6217300723611086,37.57385879280261,25.904164195840586,cardboard_manipulation_station01_worker041.mp4,880,Inspection,HIGH
0.7139440078684005,90.0,115.4517709022922,16.527939224382227,90.0,7.3770570452343325,7.3770570452343325,14.754114090468665,75.32899643872645,4.155282244350706,138.02028987314117,170.79260106834533,46.08573146497951,3.849831223487854,0.506674243121379,0.0,14.493980252161753,67.00806651885847,86.09995455252366,cardboard_manipulation_station01_worker041.mp4,924,Assembly Work,HIGH
83.4711071381487,90.0,118.01482500522107,48.37101135419946,90.0,8.48275627400367,8.48275627400367,16.96551254800734,73.88496858826471,25.26105188904395,109.81485424936535,174.81300011117202,48.29074400411636,7.850256562232971,1.0973326739465257,0.0,1.4297136743010224,47.84546537046721,67.50809663309113,cardboard_manipulation_station01_worker041.mp4,968,Inspection,HIGH
90.0,90.0,116.23093948529646,146.22292101487454,61.36963852708466,18.373878160532232,18.373878160532232,36.747756321064465,67.58815880134695,3.514471888293267,79.83991695948316,104.30124743390391,61.84908401501564,1.9896239042282104,0.495421543262683,0.0,12.822386534709457,81.37475912854167,51.677577987010366,cardboard_manipulation_station01_worker041.mp4,1100,Inspection,HIGH
90.0,90.0,13.633440495946875,43.867531128535475,23.12879170011483,9.129878149491844,9.129878149491844,18.25975629898369,14.9565279917974,5.511831275302893,88.0142085696576,171.91405904252758,62.380842496917154,5.726887285709381,0.9354752218368204,0.0,1.0472506232264407,256.86246212398964,179.46097984551753,cardboard_manipulation_station01_worker041.mp4,1188,Assembly Work,HIGH
90.0,90.0,91.9510996243303,33.25639441494889,26.780023861223174,1.5295621129432668,1.5295621129432668,3.0591242258865337,11.222821139026967,14.407626393840307,68.50990674167201,171.8944996180416,63.906395017621456,16.78897589445114,0.9533058456920677,0.0,1.0919703522775126,180.65390863881612,231.70502665542918,cardboard_manipulation_station01_worker041.mp4,1232,Assembly Work,HIGH
90.0,90.0,14.33010170111038,66.53716501164098,27.70078459460122,2.789038812238929,2.789038812238929,5.578077624477858,0.698732821775546,20.133912511299442,90.36355232528496,177.97143837230163,64.36030013480455,3.1407013535499573,0.6115680583192104,0.0,1.088915553517208,189.08657782859336,251.13244174419714,cardboard_manipulation_station01_worker041.mp4,1276,Assembly Work,HIGH
90.0,90.0,18.494022454217646,65.32749103061573,4.177201250696637,0.630919240170278,0.630919240170278,1.261838480340556,2.449173849740418,0.7577859767298751,95.5995708018051,178.1245171781976,57.89318423435827,1.4812678098678589,0.4243193761868156,0.0,1.023559159031717,75.88712330537963,35.574699186026564,cardboard_manipulation_station01_worker041.mp4,1320,Assembly Work,HIGH
90.0,90.0,15.228409607476136,64.63821174709045,6.944366728594176,0.6672593648054819,0.6672593648054819,1.3345187296109637,2.3090068856524106,4.257216922147863,93.75086505293109,174.81658085705342,55.68877125381252,3.5216152667999268,0.5247232034203889,0.0,0.926630574405092,47.41118021504396,44.91890218874194,cardboard_manipulation_station01_worker041.mp4,1364,Assembly Work,HIGH
90.0,90.0,108.11676282019504,81.69493562763806,90.0,13.046546203173442,13.046546203173442,26.093092406346884,8.499201133586148,4.391810176426323,100.00457736428895,155.409249122107,109.23443706658382,5.808369815349579,1.8189077381109904,0.0,2.9540998858422465,438.4031683706239,499.9480328828922,cardboard_manipulation_station01_worker041.mp4,1408,Inspection,HIGH
90.0,90.0,16.8294117373527,63.9095368275197,8.326757816829833,2.0239026537237454,2.0239026537237454,4.047805307447491,9.903644988606692,8.691369803270877,83.9288334885658,173.71929107721306,57.09290317504377,3.150586783885956,0.5134894064270586,0.0,0.9308936704201521,442.4407788461337,495.00101035739544,cardboard_manipulation_station01_worker041.mp4,1452,Assembly Work,HIGH
90.0,90.0,10.131338857683922,59.07062304903095,9.135519845069158,1.2497313205854377,1.2497313205854377,2.4994626411708754,6.858653397602548,7.017848424929839,87.49303421429377,176.15113237855198,63.99406073833246,4.042549431324005,0.4405238564274087,0.0,0.9755530625893489,44.39946829808594,55.3156875208433,cardboard_manipulation_station01_worker041.mp4,1496,Assembly Work,HIGH
2.9326145020174366,90.0,24.7293333200563,65.73881265169655,12.211372676519654,0.8325997090386511,0.8325997090386511,1.6651994180773022,10.8156010976985,4.667318123247158,83.9969504032554,178.14537448264556,85.88375769186248,4.663184285163879,0.9866166838990345,0.0,0.9123932486446515,80.59142152571445,72.22964512368829,cardboard_manipulation_station01_worker041.mp4,1540,Assembly Work,HIGH
90.0,90.0,22.169599807728613,73.4750738092012,10.881992623680024,3.549113617139886,3.549113617139886,7.098227234279772,19.431498140765182,11.096520590320383,97.97781621582013,176.26560822575243,69.04671180118733,9.451285004615784,0.42353804280953966,0.0,1.106975230375325,70.98779178023796,108.20245594537482,cardboard_manipulation_station01_worker041.mp4,1584,Assembly Work,HIGH
90.0,90.0,20.5932073011298,64.3424845463891,7.789392768352054,1.0518841241514423,1.0518841241514423,2.1037682483028846,21.6832645980955,25.579442282780906,91.0818130400019,174.88390553249644,65.66610081311062,6.603518128395081,0.6147598475426717,0.0,1.0345997953884507,96.25589414085272,110.04389228398767,cardboard_manipulation_station01_worker041.mp4,1628,Assembly Work,HIGH
90.0,90.0,17.474504173606405,56.528972822968626,33.31769262116581,3.7773053422458824,3.7773053422458824,7.554610684491765,11.686556802268361,5.712348498218892,90.84346248915429,175.18966733068018,52.668491719703056,0.7566839456558228,0.2973972417204813,0.0,0.9802353308959643,92.10759322693025,121.62226774913073,cardboard_manipulation_station01_worker041.mp4,1672,Assembly Work,HIGH
90.0,90.0,18.727689424640523,67.80290339305085,3.545356018988078,0.2701852313863776,0.2701852313863776,0.5403704627727552,6.552823953317767,7.089795346653798,99.91330188001928,175.11461692108125,58.73628968535854,0.8436337113380432,0.34770828729815173,0.0,0.933793905636077,44.24669792102388,45.954038676808,cardboard_manipulation_station01_worker041.mp4,1716,Assembly Work,HIGH
43.63173115372493,22.33607233134195,156.27918603712757,165.93251741524102,90.0,6.869978555537937,6.869978555537937,13.739957111075874,38.00385787017744,23.13462870886431,80.34666862264297,17.280677011971758,7.620810781139318,37.7937912940979,0.9683467970432003,0.0,1.1487190680542716,0.0,0.0,cardboard_manipulation_station04_worker026.mp4,176,Inspection,HIGH
90.0,90.0,124.4744290729178,139.02588322910822,18.517989325682354,9.682334356958053,9.682334356958053,19.364668713916107,42.84147133606592,5.453064003050157,32.285140294328045,107.77941395477094,40.7929611405476,4.87847775220871,0.5315926011756739,0.0,9.39116369411499,590.8275720113352,538.7612309723788,cardboard_manipulation_station04_worker026.mp4,352,Inspection,HIGH
90.0,90.0,123.3412202271332,125.47967642000629,90.0,9.35652035001389,9.35652035001389,18.71304070002778,92.57970529444208,12.825726940949597,107.62638405932655,138.95450596593372,243.9241303863737,10.94890832901001,2.1078593630555544,0.0,10.263115472533693,353.77132662708584,285.5010130011308,cardboard_manipulation_station04_worker026.mp4,528,Inspection,HIGH
62.62260019726018,90.0,171.01484216562136,130.06667866639424,90.0,6.8302164464393025,6.8302164464393025,13.660432892878605,99.89030576000285,24.683866308206294,148.9184791670623,62.771840998268516,14.079645413843108,7.744967937469482,1.5062184655288586,0.0,1.0037071125687347,129.1378524430684,116.09775248905355,cardboard_manipulation_station04_worker026.mp4,572,Lifting/Carrying,HIGH
26.919690035446486,89.41789368824317,163.2825581685005,138.20065198447605,90.0,0.9234800585347345,0.9234800585347345,1.846960117069469,99.99483909790216,12.773909248892437,148.51678984690028,58.62757671256319,47.644544738744344,4.791995882987976,0.9503074140812191,0.0,5.435224607376305,45.7920059184302,69.32762741638899,cardboard_manipulation_station04_worker026.mp4,616,Lifting/Carrying,HIGH
90.0,79.19562449979576,171.66817411151612,132.8075805908029,75.22806353465235,20.987734446343268,20.987734446343268,41.975468892686536,98.22729381371022,15.271743441031182,145.52424529753856,36.39055178203701,11.05379690499895,0.8879303932189941,1.18982965977214,0.0,7.114901066278221,104.71749699164327,150.37976075824824,cardboard_manipulation_station04_worker026.mp4,660,Lifting/Carrying,HIGH
90.0,81.65101820023426,170.21399674102548,145.02191905476678,90.0,25.70325264048331,25.70325264048331,51.40650528096662,98.94020182860976,6.879714421024086,134.76408420304566,123.38490260361979,5.66971698393246,1.1486172676086426,1.7654846540630489,0.0,0.2672486861681878,130.90144193951758,205.69691443858494,cardboard_manipulation_station04_worker026.mp4,704,Inspection,HIGH
22.314791762088504,74.09496541658581,162.728754903212,142.31203444598754,78.01896613240312,7.611431810748693,7.611431810748693,15.222863621497385,96.17172330241952,24.13074964452948,144.95921065071224,35.65416081631905,2.7322410413807687,7.983952760696411,0.9735064603765479,0.0,1.706219434479667,235.7347762445349,193.68151237386667,cardboard_manipulation_station04_worker026.mp4,748,Lifting/Carrying,HIGH
90.0,70.8021314555889,153.46880318501883,147.22195515181642,90.0,26.02804258653424,26.02804258653424,52.05608517306848,94.43886037251339,1.8789100719605274,96.2468480333265,51.17960395830697,12.913487958137724,4.343000054359436,1.264651078467114,0.0,0.5966945518617592,150.5260438221758,65.8480641233879,cardboard_manipulation_station04_worker026.mp4,792,Lifting/Carrying,HIGH
90.0,90.0,160.66026801845305,155.62470243852712,90.0,10.616745536690475,10.616745536690475,21.23349107338095,69.87252330671673,27.782884064117972,123.52026713207452,119.24557006756115,13.320571237292292,45.828112959861755,0.4384111067622584,0.0,0.48945817003549835,442.6211583884555,329.90872353390813,cardboard_manipulation_station04_worker026.mp4,1056,Seated Work,HIGH
54.13175787182169,90.0,159.33145157235435,57.71610574710752,69.16616963615057,52.65884517499039,52.65884517499039,105.31769034998078,75.73951087269351,33.66337261504121,35.16475906521131,137.01302380082734,35.799232990200984,48.012372851371765,1.2309868935959132,0.0,0.9387692406034878,154.23377399459963,211.97895187998597,cardboard_manipulation_station04_worker026.mp4,1100,Inspection,HIGH
90.0,90.0,66.4851645992415,42.32364692424537,74.9778859176731,26.15982273385193,26.15982273385193,52.31964546770386,76.55396579837831,36.146657300235745,101.14983254297135,166.70826209011273,23.763220483139072,48.4631210565567,0.28240096091089817,0.0,1.1459222060003642,99.92958476080699,86.6811141246958,cardboard_manipulation_station04_worker026.mp4,1144,Assembly Work,HIGH
90.0,90.0,77.7176697902051,38.203833630356215,83.12551903056664,26.776640988884047,26.776640988884047,53.553281977768094,75.45327135961217,37.55292628832239,94.35434936610213,169.48782226980745,25.868734802122074,48.7520694732666,0.29624388596089185,0.0,1.095094599067941,20.292355803086735,15.688962247870766,cardboard_manipulation_station04_worker026.mp4,1188,Assembly Work,HIGH
90.0,90.0,63.96107299191242,24.141309858922437,69.5447048623398,29.325717274306086,29.325717274306086,58.65143454861217,73.53684118689615,40.57159847429359,105.50574139963719,171.32061564086945,31.550035136096678,48.16746115684509,0.213427327081358,0.0,1.2511924849186087,30.402538457739187,21.15283374661876,cardboard_manipulation_station04_worker026.mp4,1232,Assembly Work,HIGH
90.0,90.0,78.0308742041577,74.43164849557093,62.841617626369015,15.193255136340952,15.193255136340952,30.386510272681903,57.808783570071334,27.519876515550095,86.40077429144077,75.20307826473928,24.553644316805546,47.2672164440155,0.680093732733244,0.0,2.1752999803824533,198.38219848485144,230.01739817296874,cardboard_manipulation_station04_worker026.mp4,1276,Lifting/Carrying,HIGH
90.0,90.0,65.82644665973874,81.20753066316158,36.880884303257076,18.34292062817547,18.34292062817547,36.68584125635094,52.542083758786454,20.272485338124444,124.24254775732035,136.90280404612008,45.588681443552616,48.69590997695923,0.3046036298280157,0.0,1.3729061441743795,61.98804281636269,71.57400571627359,cardboard_manipulation_station04_worker026.mp4,1320,Seated Work,HIGH
90.0,90.0,105.271928365595,146.25887614258576,90.0,17.103351576735527,17.103351576735527,34.206703153471054,53.05023139099063,23.332049322811024,40.986947777140976,127.27160622202649,23.703325928328134,47.80186712741852,0.34098047226047606,0.0,1.0792079082574786,60.50162122209511,88.31207732392636,cardboard_manipulation_station04_worker026.mp4,1364,Seated Work,HIGH
90.0,90.0,162.47221229912833,7.003574333610289,45.97553028262767,30.37471553155655,30.37471553155655,60.7494310631131,40.69754410246641,24.944735131143336,98.18899054045198,16.458778582475272,49.96776229749459,50.04018545150757,0.5856321838130663,0.0,1.47445099335714,89.51325501698777,137.31933471829132,cardboard_manipulation_station04_worker026.mp4,1408,Lifting/Carrying,HIGH
90.0,90.0,129.9970507551068,98.0251610176324,42.8329144009115,12.736568395748499,12.736568395748499,25.473136791496998,43.81664562061294,19.52942502770212,121.97188973871974,170.03133623852443,52.88078219856288,54.510170221328735,0.24125538226085644,0.0,1.6195462602948703,107.01447348540843,127.39136313842127,cardboard_manipulation_station04_worker026.mp4,1452,Inspection,HIGH
90.0,90.0,158.99511401139495,118.92027009722494,42.83113239791167,5.641147446546781,5.641147446546781,11.282294893093562,47.12429580273322,32.2660265685643,130.07484392925497,153.0581467918439,7.9505635834767565,54.72378730773926,0.3657370833440646,0.0,0.5423005114193026,98.27606001838338,48.89506984707341,cardboard_manipulation_station04_worker026.mp4,1496,Inspection,HIGH
90.0,90.0,148.88590352220805,82.2545411237371,59.75188713640945,2.3962719969325676,2.3962719969325676,4.792543993865135,47.25855877344503,25.912842725742124,156.63136239940388,98.94047361996529,22.233125424941356,48.92941117286682,0.6338760149233964,0.0,3.324699873966965,104.40036823229785,104.60529582527656,cardboard_manipulation_station04_worker026.mp4,1540,Lifting/Carrying,HIGH
76.04078813907519,90.0,81.55385015317356,56.84564748377869,73.00246586272371,45.560525803576255,45.560525803576255,91.12105160715251,72.76332890451233,48.60273906104035,138.39949763696387,155.17498444761787,1.0073989472713418,42.572835087776184,0.6024821630139267,0.0,0.09018034893656099,199.62585360760863,224.85033707224187,cardboard_manipulation_station04_worker026.mp4,1672,Assembly Work,HIGH
90.0,90.0,14.130011359013738,48.804439018493696,39.509984472439555,16.58643077462309,16.58643077462309,33.17286154924618,18.32623127186413,21.264997313840468,87.88438616966076,168.7432514438655,74.200779566264,10.370361804962158,0.6769213803598169,0.0,1.0667506825147712,428.956216241749,378.5717113081036,cardboard_manipulation_station04_worker026.mp4,2244,Assembly Work,HIGH
90.0,90.0,10.347779567045244,47.98612787033311,17.241267489581407,14.626257849969065,14.626257849969065,29.25251569993813,4.528455542733554,20.696059775454938,91.36592006736795,174.0138956381972,83.2317047610119,11.480984091758728,0.6114808937439034,0.0,1.2135834173043412,58.89270698505027,42.187926997668455,cardboard_manipulation_station04_worker026.mp4,2288,Assembly Work,HIGH
90.0,90.0,52.9834278936371,53.90616308409727,9.575152961109847,12.226662621079852,12.226662621079852,24.453325242159703,7.102582997148077,2.7544547896594844,123.23781051417711,117.1659526562968,27.258869678123766,16.408738493919373,0.7825851234490372,0.0,0.6872228980008984,105.26581100980324,51.86639413620213,cardboard_manipulation_station04_worker026.mp4,2332,Seated Work,HIGH
11.702800315542069,55.728465773110926,166.5441967462885,29.54672305188273,23.34361681859697,1.5245015760387273,1.5245015760387273,3.0490031520774545,82.63781643678286,3.968368556339455,46.99747369486953,158.06221713251645,6.574049320323764,7.294872403144836,1.17366886529061,0.0,0.9486426431440754,0.0,0.0,defect_testing_station08_worker009.mp4,45,Assembly Work,HIGH
27.230484762786865,90.0,43.005488987275996,65.98952051348081,3.675696414926346,2.0777921493169376,2.0777921493169376,4.155584298633875,8.689415063928871,25.447412944577213,123.69815294198636,156.70842363736293,206.01233471097743,7.036668062210083,0.778959808220562,0.0,1.897375969726495,254.14766334724487,274.1934128844906,defect_testing_station08_worker009.mp4,450,Assembly Work,HIGH
60.53342582507415,90.0,39.6485765722489,70.87652161479487,10.014827556315243,16.850537245015285,16.850537245015285,33.70107449003057,17.365495673628473,10.515940657159337,75.73484151901671,46.38159554394757,369.6118913962894,10.943430662155151,1.840700714131954,0.0,2.038935977489823,121.08577672130322,134.93260016030655,defect_testing_station08_worker009.mp4,495,Lifting/Carrying,HIGH
90.0,90.0,5.138000450964333,27.4154367652477,90.0,0.036884947736261164,0.036884947736261164,0.07376989547252233,5.171327477302409,2.4792063858064277,106.85987583916683,168.17971016256584,32.064327774223756,6.317511200904846,0.17208587934478875,0.0,94.23220344361003,199.45976167910254,74.0339526604939,defect_testing_station08_worker009.mp4,540,Assembly Work,HIGH
39.85863312938699,90.0,54.07866308506677,93.81845072812953,9.81081496103748,16.20981838955813,16.20981838955813,32.41963677911626,14.508054662298772,2.504621236354619,89.94327014072636,120.33061375506335,205.84964861721627,5.138242244720459,1.0467237867012849,0.0,1.7335367772652646,146.50540885290607,52.3528598855365,defect_testing_station08_worker009.mp4,630,Assembly Work,HIGH
56.79634791900628,90.0,82.7620249054813,104.60130696293194,21.23622821391145,40.3546959085219,40.3546959085219,80.7093918170438,42.3160363849895,12.987006031107814,83.0264267952949,138.68531195213905,356.3188805567959,8.020547032356262,3.6048044803349883,0.0,1.55282271541841,61.18019842663818,109.78766752602836,defect_testing_station08_worker009.mp4,675,Assembly Work,HIGH
90.0,90.0,19.045600298059803,26.21504523214622,30.038248082107987,3.249167823021389,3.249167823021389,6.498335646042778,16.567136086507006,2.1532415630699497,97.16944493502626,165.57748167512995,95.88600051954974,4.010328650474548,0.25953961343179055,0.0,4.555752283209249,164.6030204973351,148.09610150827876,defect_testing_station08_worker009.mp4,765,Assembly Work,HIGH
87.3885447365377,90.0,46.55576013256953,56.24823564230796,10.63297315058037,17.851253546963722,17.851253546963722,35.702507093927444,40.11969081839115,44.18398053169093,80.30752448789897,172.5702326934748,804.8967027736479,8.32289457321167,0.6773716495131806,0.0,8.057269809696237,71.78388187784947,36.57658369670826,defect_testing_station08_worker009.mp4,810,Assembly Work,HIGH
22.004332245027005,90.0,113.39296635419544,107.01790222068085,90.0,31.89732116387105,31.89732116387105,63.7946423277421,19.613576962244437,6.1676023977883085,109.67169104174543,163.33168482290813,323.6256023435533,7.492038607597351,0.38258199053492314,0.0,35.38654428807365,56.27527328081113,64.48914711966928,defect_testing_station08_worker009.mp4,855,Assembly Work,HIGH
90.0,90.0,22.68156254762922,37.25421642204452,21.681004261844627,15.741593479780466,15.741593479780466,31.483186959560932,20.20446761448597,6.548585518269423,110.73207108593822,155.9991156875188,174.46881985647937,6.306833028793335,0.44505351862947107,0.0,1.9595789378531208,237.3525034661567,155.37843885008743,defect_testing_station08_worker009.mp4,945,Assembly Work,HIGH
18.393114712677637,90.0,33.91716746854925,65.78009416455852,22.23501039787738,24.063283999099667,24.063283999099667,48.126567998199334,41.052694883230224,29.889158463382927,94.05178819733578,162.22701969912916,338.5419551190784,8.0752432346344,2.492151910438039,0.0,1.4558054757313137,64.35586482822394,83.8338367095676,defect_testing_station08_worker009.mp4,990,Assembly Work,HIGH
31.976135675406223,90.0,137.09580236010675,131.8870576185356,52.660831004213236,35.99908248567966,35.99908248567966,71.99816497135932,48.828352000187095,61.61609801798298,84.79125525826078,162.75010751729934,1934.8190123735637,7.794052362442017,10.24409874025327,0.0,4.228431113751734,102.29162664753461,185.73791199508292,defect_testing_station08_worker009.mp4,1035,Assembly Work,HIGH
90.0,90.0,34.60503198490609,54.0093041149539,23.78813709615022,20.69199856778307,20.69199856778307,41.38399713556614,4.294632406523804,17.932729687355753,89.66501015426425,163.1364412540887,233.83799007345297,3.001677989959717,1.1887417676739067,0.0,2.500012207674191,119.82953547631517,133.59140482736737,defect_testing_station08_worker009.mp4,1080,Assembly Work,HIGH
1.3706711492080634,90.0,68.4183988085806,109.6942589119538,12.77574477599598,21.804017702893972,21.804017702893972,43.608035405787945,72.6794654141655,0.8346865687831375,85.66862868107022,64.90692575561698,805.7636746286029,5.659061670303345,9.610211630779208,0.0,0.9942145147961657,236.7323152440752,91.21170802682866,defect_testing_station08_worker009.mp4,1125,Lifting/Carrying,HIGH
90.0,90.0,38.98333512847562,63.35880156408298,27.400869321672538,17.348974944416007,17.348974944416007,34.697949888832014,2.226129458167614,27.358648966718917,70.23502882787446,92.34958546712286,307.20736974987005,9.362313151359558,1.2788770249665662,0.0,3.078146733256649,207.13949005369545,95.874898601523,defect_testing_station08_worker009.mp4,1170,Lifting/Carrying,HIGH
90.0,8.922874849212846,73.80865623969115,96.76416613859709,37.743342387889,26.129518340304365,26.129518340304365,52.25903668060873,15.510480847325525,39.932816746929,71.98223350785571,35.4594602800701,566.2837099237689,6.279000639915466,5.002767198725329,0.0,1.5250967194017782,161.27468165760453,28.20214703488798,defect_testing_station08_worker009.mp4,1215,Assembly Work,HIGH
90.0,90.0,11.362993926334418,47.7169817470042,2.9780661955542533,7.398510253822146,7.398510253822146,14.797020507644293,5.754881241213469,7.394054671289789,83.77851954164328,167.4061857334503,191.91409375570825,6.641460955142975,0.7256443056328443,0.0,1.4741141036746395,269.22587879131913,50.966144140186074,defect_testing_station08_worker009.mp4,1260,Assembly Work,HIGH
90.0,90.0,8.414212082778025,45.667971167096724,5.342851581358887,3.867321225154828,3.867321225154828,7.734642450309656,3.717953156129751,7.547544395999071,89.0243658247805,165.60041155808244,163.94793022995415,7.981777191162109,0.6890386825047076,0.0,1.3758639268980486,17.095151367865242,9.63500932461297,defect_testing_station08_worker009.mp4,1305,Assembly Work,HIGH
90.0,90.0,8.41893452827266,48.80436962955988,7.8394047838958345,2.0494214370139465,2.0494214370139465,4.098842874027893,3.475883710776826,5.256189748263698,84.52227396862293,166.1843574105819,86.92990636645773,6.757786870002747,0.7059783719943598,0.0,0.9392205592152156,46.555399376128534,36.61205867373253,defect_testing_station08_worker009.mp4,1350,Assembly Work,HIGH
49.90392117257181,90.0,151.78586543175786,141.8461770039372,8.422320111163888,11.989771755262971,11.989771755262971,23.979543510525943,21.409276652823888,46.01277747187113,69.30877155258763,168.50388316011367,146.9996061984675,8.784961700439453,6.579893438543738,0.0,0.9566206176250127,196.7098549186246,278.79217760640313,defect_testing_station08_worker009.mp4,1395,Inspection,HIGH
4.317596513648542,47.91720010160227,71.58898488011235,94.50791552906846,7.809099378872256,140.65996626724234,140.65996626724234,281.3199325344847,74.21770685409406,19.254683032177468,82.99261230403857,162.58264628471423,1857.6778138181091,3.859315812587738,16.626930576742268,0.0,1.2005251857464578,153.09269128295665,341.1057721645949,defect_testing_station08_worker009.mp4,1440,Assembly Work,HIGH
90.0,90.0,10.553136743603476,41.13016738175208,7.261666717306583,2.0745109089237204,2.0745109089237204,4.149021817847441,8.134363542481907,11.328387071344615,88.18350411667085,163.01493291297766,114.97088481247964,7.611986994743347,0.5587835103419194,0.0,1.275453306401742,124.1974092355641,62.75322467049658,defect_testing_station08_worker009.mp4,1485,Assembly Work,HIGH
90.0,90.0,24.05586762051028,54.521471255625514,5.558941040850415,19.539313675808547,19.539313675808547,39.078627351617094,5.295014188726397,13.852322494180846,81.05493928711851,162.30711400801985,274.8135208307079,9.955376386642456,1.4266414400530234,0.0,2.455722288934865,95.16986420543441,52.755548006757394,defect_testing_station08_worker009.mp4,1530,Assembly Work,HIGH
90.0,90.0,6.751373856954714,46.728184937458906,2.64098580986612,9.563082873371634,9.563082873371634,19.12616574674327,7.449170000017608,3.450261462986449,81.76620170827658,166.62329204603162,79.58258300122628,6.394141912460327,0.5218508600040777,0.0,1.0553224997717876,80.932049218151,29.6034177537311,defect_testing_station08_worker009.mp4,1575,Assembly Work,HIGH
90.0,90.0,5.477504308512813,28.91789247200204,90.0,2.631745832134132,2.631745832134132,5.263491664268264,10.166394584643404,6.919914110480625,90.32915915339909,162.0525518369725,67.51754246586013,5.727830529212952,0.23237937402210823,0.0,8.127010190138968,59.90595370675077,53.12528944175118,defect_testing_station08_worker009.mp4,1620,Assembly Work,HIGH
90.0,90.0,168.96888905060632,13.532298313098538,20.928033804515987,0.8407349882935341,0.8407349882935341,1.6814699765870682,24.93761792033789,10.662879559998615,114.56340925763438,61.88979780869299,14.113811323960615,5.8327242732048035,1.0390970379428761,0.0,0.4630709287071772,0.0,0.0,plastic_assembly_station05_worker032.mp4,176,Lifting/Carrying,HIGH
86.12678531048678,90.0,36.660628664916345,7.168099676683287,40.55023586749977,4.784061050502488,4.784061050502488,9.568122101004976,17.429539160392622,61.05051043649219,133.82872833982066,54.15388824946854,58.263790328716404,0.4527464509010315,0.18874787994737754,0.0,1.481577412023047,58.57929543147087,30.119017713904988,plastic_assembly_station05_worker032.mp4,352,Lifting/Carrying,HIGH
90.0,90.0,95.65939873144079,24.070017927251314,33.72343724231136,3.8362922866123146,3.8362922866123146,7.672584573224629,11.6267871088492,20.54055797862455,60.270583341506,107.63961030313553,104.58316854759427,4.419679939746857,1.7256342672416187,0.0,2.003491423675908,66.45695394760378,82.63782820939008,plastic_assembly_station05_worker032.mp4,396,Assembly Work,HIGH
90.0,90.0,169.09240539081162,17.541743417331755,45.21260617067691,12.904477003799636,12.904477003799636,25.808954007599272,48.68200694968028,20.004436621106933,83.36585116415488,157.7651588412308,32.312110562002474,8.290740847587585,0.3647989872037109,0.0,1.3317584967866893,167.35182542905315,195.23749969675404,plastic_assembly_station05_worker032.mp4,484,Inspection,HIGH
90.0,90.0,2.4700016292829514,31.387367427072967,2.468416807468591,5.4063090672605485,5.4063090672605485,10.812618134521097,12.950858165716769,0.26462845538301183,94.84053586938646,86.04220122222058,115.79652073401626,0.6459593772888184,0.39744933645281955,0.0,1.9148033351217626,243.68205638727903,184.68581145008724,plastic_assembly_station05_worker032.mp4,1276,Lifting/Carrying,HIGH
88.26198146024242,90.0,44.66986395791014,74.03861827230669,1.4677167947496919,1.0588535334621314,1.0588535334621314,2.117707066924263,15.636527339487674,56.8566805669481,85.05889106836902,115.2107724004514,181.4450890593555,0.577118992805481,2.2715325496288488,0.0,1.0783160173163604,84.51679331094817,41.42140420558307,plastic_assembly_station05_worker032.mp4,1320,Assembly Work,HIGH
90.0,90.0,29.769255267716957,35.08748228709139,15.34767623101992,2.077406709134555,2.077406709134555,4.15481341826911,11.359461436620222,0.6542381629369397,99.50919844779162,143.52256150059313,81.70052358398814,0.49626678228378296,0.39536279451626505,0.0,1.3145465819068591,107.81314745631353,63.47819554542663,plastic_assembly_station05_worker032.mp4,1364,Seated Work,HIGH
90.0,90.0,4.022486846685351,27.69381950186511,16.20116817729413,4.8380168150748295,4.8380168150748295,9.676033630149659,17.30048892640367,5.867357941803278,100.1515550962927,174.55126994162646,73.87969208743222,1.1656656861305237,0.45031187758166524,0.0,1.0214094963989782,90.59116332311591,51.31483700254245,plastic_assembly_station05_worker032.mp4,1408,Assembly Work,HIGH
46.53464879046338,90.0,10.153686159953427,23.984204489441804,8.164474382377808,1.6401828795037476,1.6401828795037476,3.2803657590074953,7.99780154377424,11.992762511945214,94.08050795762341,162.2567905203204,119.43025152058422,1.879197359085083,0.9661556162130499,0.0,0.976241435154047,55.55036056405103,25.73256092136101,plastic_assembly_station05_worker032.mp4,1452,Assembly Work,HIGH
49.40939628584279,90.0,6.966823182700445,15.77329507038761,10.017218286286399,2.016771931393758,2.016771931393758,4.033543862787516,16.612286275655013,2.8338368071560467,100.62604781814343,157.40248140757126,5.779273216704892,2.194361388683319,0.2753619823147861,0.0,0.22695217319587943,51.54500276087383,51.37592284228161,plastic_assembly_station05_worker032.mp4,1496,Assembly Work,HIGH
90.0,90.0,7.12475654815198,29.058211383452942,12.077614801170714,2.4279640276023025,2.4279640276023025,4.855928055204605,7.027659733685265,10.796321397653703,90.25491584530083,170.18084554560016,47.55343560033792,0.38355886936187744,0.5313781371068771,0.0,0.7711531913212626,58.88233690832471,65.21241808729127,plastic_assembly_station05_worker032.mp4,1540,Assembly Work,HIGH
90.0,90.0,10.054191654261452,31.505505995324484,18.398267888883282,1.2851167409975377,1.2851167409975377,2.5702334819950754,6.530721816393976,10.709444077149985,90.1631355702655,175.4546529306051,62.52115816402153,1.5222102403640747,0.2947215668098336,0.0,0.9226151743359894,41.84027139553813,43.934235464922864,plastic_assembly_station05_worker032.mp4,1584,Assembly Work,HIGH
90.0,90.0,7.304481758218818,32.27158696155382,8.273385111217578,2.471265496212608,2.471265496212608,4.942530992425216,4.752590496300554,11.105780742305019,83.09518456352254,174.4801170714793,57.88702088611366,0.5668699741363525,0.49589017899697685,0.0,0.9375009783456467,54.124925570145194,70.44934148689039,plastic_assembly_station05_worker032.mp4,1628,Assembly Work,HIGH
90.0,90.0,1.093175888698688,36.71853890398049,14.444359645522553,1.8633929643737717,1.8633929643737717,3.7267859287475433,0.8060554150736653,6.484258230374425,93.27021482123111,174.1240878339282,64.66755868045345,0.3164827823638916,0.314398754537432,0.0,1.0400815148331335,71.16563459322742,66.71680045826311,plastic_assembly_station05_worker032.mp4,1672,Assembly Work,HIGH
90.0,90.0,175.1181327868114,177.36003918897467,90.0,0.8054880654879699,0.8054880654879699,1.6109761309759398,0.19467682371564898,14.225245039223324,94.61007819123671,117.02923575930777,46.897460458420916,1.7924636602401733,2.3903087950107578,0.0,0.5879101490657161,326.0881315540617,191.22343373271633,plastic_assembly_station05_worker032.mp4,1716,Inspection,HIGH
90.0,90.0,155.20577209641436,152.73472531375853,90.0,26.6826904316734,26.6826904316734,53.3653808633468,3.1745338880025704,28.892980564742494,121.48312050634672,127.83454299643837,75.81122872169063,2.0080700516700745,2.9546233775931534,0.0,0.9181767899084514,98.9717518901812,178.9886398669362,plastic_assembly_station05_worker032.mp4,1760,Inspection,HIGH
90.0,90.0,6.99964712394489,44.52982068378691,6.56543565522084,2.362936860578084,2.362936860578084,4.725873721156168,0.19236656104667524,1.7544809923359033,94.79781725822144,34.57213974860323,36.43382929522334,0.5371570587158203,0.36099732822150793,0.0,0.7700462784179546,277.70346581514593,314.133136985939,plastic_assembly_station05_worker032.mp4,1804,Lifting/Carrying,HIGH
58.73943567900002,90.0,158.10793261789604,166.63352992627625,90.0,21.987536757336954,21.987536757336954,43.97507351467391,8.229076293715213,3.2292194623057284,90.85365118248296,36.972953712052636,52.219758514585045,1.3511091470718384,5.604244218832649,0.0,0.3523461215609789,211.50513462630977,159.0019338401066,plastic_assembly_station05_worker032.mp4,1848,Lifting/Carrying,HIGH
90.0,90.0,13.687303871268442,53.54182889055732,13.643693407952338,0.6368676716537852,0.6368676716537852,1.2737353433075704,2.519437511903897,6.4254749326046605,92.52892878565099,169.02676522078963,72.74981284886297,0.41046440601348877,0.48881936285805744,0.0,1.2468255954675618,216.34916775878688,135.77249232308958,plastic_assembly_station05_worker032.mp4,1892,Assembly Work,HIGH
37.00207768674338,90.0,12.473807410094476,31.42653959785947,86.83432076391445,10.19281990329066,10.19281990329066,20.38563980658132,3.129873315115735,4.2280153273543215,102.65476817195042,162.88021852961558,41.972267076401245,1.2831389904022217,0.6080904172367873,0.0,1.913693184266966,79.55539836296485,78.22590468729302,plastic_assembly_station05_worker032.mp4,1936,Assembly Work,HIGH
4.068099930652347,90.0,30.812885100936498,61.517680559938704,9.720568124824027,11.027006588778113,11.027006588778113,22.054013177556225,79.69620125984996,12.80250757377443,92.00936694699298,105.66169012363443,310.4413165691248,2.3727595806121826,5.357536828562201,0.0,1.1213722309220127,125.51502207944378,105.53548018494698,plastic_assembly_station05_worker032.mp4,1980,Assembly Work,HIGH
90.0,90.0,4.882160117492783,36.497072898783266,20.034826414275443,2.7527872386451895,2.7527872386451895,5.505574477290379,1.0985678493182336,7.340653090182809,92.48929179866958,172.28082514294465,62.375361954954755,0.42032450437545776,0.3035784138162038,0.0,0.9433456131285984,174.1461876153677,10.374748019491218,plastic_assembly_station05_worker032.mp4,2024,Assembly Work,HIGH
13.223779099967995,90.0,3.8772716837351653,33.62632657708751,17.902272606113875,5.549202494850449,5.549202494850449,11.098404989700898,4.018404401078243,1.8740019368599252,86.91922104349518,172.73065949652312,92.4812834889734,0.8159726858139038,0.7308044236772198,0.0,1.0232116632042585,45.49450391702926,25.66061304485629,plastic_assembly_station05_worker032.mp4,2068,Assembly Work,HIGH
90.0,90.0,7.338399349455955,36.86391699091352,15.76224383552435,1.8957357864525812,1.8957357864525812,3.7914715729051625,3.4394266645117404,2.1263845267328216,92.75650479907988,173.27775616020162,53.19744388813126,0.7077530026435852,0.2441590118475386,0.0,0.9262392428748883,55.84856195734943,35.558509898502365,plastic_assembly_station05_worker032.mp4,2112,Assembly Work,HIGH
7.185074336202924,90.0,14.008105400809594,46.31345402763525,23.072125685454314,8.736416858392452,8.736416858392452,17.472833716784905,3.4624978243415003,0.21520033516971943,88.59754693431154,172.5349743156362,104.37800842544733,1.0127261281013489,0.9049339343260813,0.0,1.0824191520563688,64.14456974616571,30.348164543981575,plastic_assembly_station05_worker032.mp4,2156,Assembly Work,HIGH
90.0,90.0,154.9702343058175,80.47678275691973,52.67906459297544,1.267752984774055,1.267752984774055,2.53550596954811,92.73628472773578,0.19717252673620175,16.241222088352767,134.3649976302937,15.432446941944358,27.970468997955322,1.1991026895947445,0.0,3.8757670683297256,0.0,0.0,plush_manipulation_station05_worker020.mp4,88,Inspection,HIGH
90.0,90.0,155.19364336430178,87.78950338628681,90.0,3.4071525788340185,3.4071525788340185,6.814305157668037,90.26423388389108,0.27825156589920835,22.59586002190961,122.88558232881468,22.557111246779836,32.13904947042465,1.1268221684381134,0.0,2.528592717759235,55.616194521823985,66.3878731650577,plush_manipulation_station05_worker020.mp4,132,Inspection,HIGH
68.78478893640467,52.17631189405037,60.67720962778959,101.46122644295349,90.0,27.40247404539653,27.40247404539653,54.80494809079306,78.99015473538941,25.85099517777996,86.43875751881032,27.30610532102952,23.05619015907137,14.0194833278656,0.3875181115949661,0.0,0.6478711336616826,700.9872256954558,639.9865242856131,plush_manipulation_station05_worker020.mp4,264,Lifting/Carrying,HIGH
65.78207483175406,52.87828350126641,12.475537613849044,128.9110054315015,90.0,31.1395537548876,31.1395537548876,62.2791075097752,79.73552409918594,40.4792571769556,39.0343666259558,172.15064135374536,22.27115855491466,17.53610074520111,0.27106936376675556,0.0,0.9387408051802166,135.19550923123208,125.38898755037317,plush_manipulation_station05_worker020.mp4,308,Assembly Work,HIGH
90.0,90.0,112.26159778325126,83.28048615140992,90.0,13.293795563098074,13.293795563098074,26.58759112619615,31.169462941383575,5.520390707133141,61.018888368125914,29.36620627367246,5.766614314614691,17.926205694675446,0.528406689527259,0.0,0.25193741827862487,576.5947224899782,560.522986904461,plush_manipulation_station05_worker020.mp4,396,Lifting/Carrying,HIGH
90.0,90.0,45.015806077394444,21.32989246628911,1.9477814818847696,7.8678342453858585,7.8678342453858585,15.735668490771717,3.8398601543944486,15.620794948435563,113.6859136110154,124.64923973908796,22.942660331127758,1.8724486231803894,0.3163233801317608,0.0,4.32502427628318,194.3874244519075,102.90362133345829,plush_manipulation_station05_worker020.mp4,484,Assembly Work,HIGH
90.0,90.0,42.13743138796391,20.629792377602136,16.156600765588415,6.284501916855841,6.284501916855841,12.569003833711681,8.332149514879157,22.13864787587381,111.50763901030655,74.59717049519843,34.844687650408126,0.5136474967002869,0.5382898969017926,0.0,2.974587091203684,53.79096136224032,52.88189687812443,plush_manipulation_station05_worker020.mp4,528,Lifting/Carrying,HIGH
90.0,90.0,54.63707371712496,14.980897710664832,8.403526602379399,8.283246439302001,8.283246439302001,16.566492878604002,10.242169384405315,23.27302000926755,134.0340172557456,62.907227614385036,36.21904664925179,7.770675420761108,0.7427359988538298,0.0,0.9265073643602434,116.09797338953533,104.84019390166377,plush_manipulation_station05_worker020.mp4,572,Lifting/Carrying,HIGH
90.0,90.0,41.07726296632731,40.79837272092315,90.0,0.820216132334998,0.820216132334998,1.640432264669996,30.411795009469294,34.16360491739008,74.86822715715033,102.04335441260696,81.78008969274552,13.803216814994812,1.0944621934830614,0.0,3.2689544054636728,159.7135631811546,135.88447091241596,plush_manipulation_station05_worker020.mp4,616,Assembly Work,HIGH
20.572145067378322,53.0554362403117,81.76739584476188,122.57035764051173,90.0,35.31586000162428,35.31586000162428,70.63172000324856,79.92174192053302,18.998783686475925,84.79124948420804,165.06800692896053,18.975665875236892,10.721981525421143,0.6027981853513182,0.0,0.7732541874869394,350.8933980335948,283.54742232302436,plush_manipulation_station05_worker020.mp4,1364,Assembly Work,HIGH
32.07464893167709,54.053732267521674,58.01259642037317,124.01387640807508,90.0,33.73259469633377,33.73259469633377,67.46518939266754,80.95678664762008,18.748240936800205,87.83392475282014,173.89023213480112,29.931326676334596,10.276368260383606,0.34194075646132266,0.0,1.3089198489795582,63.980786112016396,112.01340778666562,plush_manipulation_station05_worker020.mp4,1408,Assembly Work,HIGH
59.31533320189975,53.065380146740665,43.26836361376707,127.17469350456818,90.0,35.97405862115061,35.97405862115061,71.94811724230122,79.9321720360485,29.00408818955804,67.6636993800744,162.78174933917103,40.662567167629554,12.382560968399048,0.6233836399521211,0.0,1.3475817037883155,71.41950502748082,103.0970440975091,plush_manipulation_station05_worker020.mp4,1452,Assembly Work,HIGH
14.533281152593117,53.02648366545868,60.70111556536673,128.6271706604137,90.0,41.22103545174321,41.22103545174321,82.44207090348642,79.89135999707219,14.329410213057741,87.84344073606962,157.57765713129453,33.674697448351914,13.068145513534546,0.652343842989808,0.0,0.9536299373790078,37.3675903022119,47.26704024659748,plush_manipulation_station05_worker020.mp4,1496,Assembly Work,HIGH
33.99750411220017,52.28115093433842,77.03304096748803,125.89054614138648,90.0,38.76981659525081,38.76981659525081,77.53963319050162,79.10223110557489,22.501689215845154,78.94009102454336,160.8530468086696,27.283465246859183,11.416736245155334,0.5673801064811184,0.0,0.887692986831254,21.153744834597745,24.172841803080516,plush_manipulation_station05_worker020.mp4,1540,Assembly Work,HIGH
32.70164829984829,48.33394563441228,88.2112772894761,135.08473064530142,90.0,34.63119467050793,34.63119467050793,69.26238934101586,74.70321756522664,22.135291064029637,74.62585050673144,157.15517517882438,26.882163123194136,12.2173011302948,0.3204294191814111,0.0,0.83281223264805,38.950310139328934,56.98573501857108,plush_manipulation_station05_worker020.mp4,1584,Assembly Work,HIGH
55.64631565154395,47.03129653297804,61.16536170710994,132.2690181801645,90.0,34.371755625060786,34.371755625060786,68.74351125012157,73.17261187855067,28.82811912223342,83.85878774319542,169.40037064565053,45.874829895879394,14.018353819847107,0.59393752165814,0.0,1.2657292287133548,63.2128336561726,97.79417255589485,plush_manipulation_station05_worker020.mp4,1628,Assembly Work,HIGH
54.06734271636519,45.3368853886965,83.3376552305309,131.2930387577382,90.0,38.36992839624752,38.36992839624752,76.73985679249505,71.12521519971324,26.51262050610547,85.93065497246187,159.1734443645884,41.6759735973865,13.687324523925781,0.6196718680982186,0.0,1.0988782446018754,34.12321608115151,28.452410994461992,plush_manipulation_station05_worker020.mp4,1672,Assembly Work,HIGH
58.70157344762315,45.53789514741905,97.95506633323751,128.60950165317496,90.0,35.06115836620378,35.06115836620378,70.12231673240755,71.37138710650535,27.140820933002104,60.702455507731955,166.02005596275745,41.40709405889465,11.536803841590881,0.413713072296391,0.0,1.2029587973526885,29.88410700645499,37.577941185011575,plush_manipulation_station05_worker020.mp4,1716,Assembly Work,HIGH
63.30790210190621,45.38011522271878,77.83255217823131,138.8180457891296,90.0,33.96284290930364,33.96284290930364,67.92568581860728,71.17823175035082,26.343282084617236,78.42266973258148,142.77097650869632,35.84008268209023,11.565971374511719,0.515849526402143,0.0,0.9672481048832657,33.94750673115182,31.9425360866028,plush_manipulation_station05_worker020.mp4,1760,Seated Work,HIGH
57.67206009026949,44.530348781476576,73.343074432014,135.6360842793399,90.0,33.58973954441535,33.58973954441535,67.1794790888307,70.12869648480864,29.256288787998823,79.49805382519303,160.75981110003931,32.78450189022979,10.88041365146637,0.5977056771081747,0.0,0.9561768540487975,20.550738399705118,33.78593789912262,plush_manipulation_station05_worker020.mp4,1804,Assembly Work,HIGH
54.130797404334565,47.327892063787644,88.74280651395479,128.4007551700871,90.0,34.65960834935208,34.65960834935208,69.31921669870415,73.52446418447742,26.733837182632612,75.24886298352362,146.97576751739626,42.429213713375205,10.22481620311737,0.5022746053041919,0.0,1.1709322489662874,33.13731896019422,55.2841475799201,plush_manipulation_station05_worker020.mp4,1848,Seated Work,HIGH
58.01569767481068,47.44059059965535,80.27812113294647,130.54139777738771,90.0,34.01460209344375,34.01460209344375,68.0292041868875,73.6576428108506,30.70847039297157,82.21958614839065,162.5212538881172,66.86902944974254,9.826502203941345,0.4974557459031702,0.0,1.8267968613942702,22.23910729259797,11.835039068285973,plush_manipulation_station05_worker020.mp4,1892,Assembly Work,HIGH
53.13220643082771,47.44304298018815,34.36399685119311,126.9550410993946,90.0,32.20370958525617,32.20370958525617,64.40741917051234,73.66053768290219,24.615046379962557,58.13862388729305,159.93026111915393,36.84066647788375,9.191498160362244,0.46631164343558135,0.0,1.1084376908235962,39.24664828982961,68.87626219090997,plush_manipulation_station05_worker020.mp4,1936,Assembly Work,HIGH
39.565821040106016,46.67384691260918,78.40825350669357,122.31136008930605,90.0,34.002124084375716,34.002124084375716,68.00424816875143,72.74596349308825,21.17701840685246,84.25180716292597,168.27422521480457,47.354649790709374,9.034764766693115,0.5929671954793172,0.0,1.4227057935554062,73.76853743017931,128.14504076825938,plush_manipulation_station05_worker020.mp4,1980,Assembly Work,HIGH
50.72346473127426,46.30717241186813,76.48614981015982,131.44037030740472,90.0,30.95424869237698,30.95424869237698,61.90849738475396,72.30536264265072,24.70461703303677,81.35744404945328,154.68571224907288,38.2833506178084,9.117081761360168,0.5103434968764436,0.0,1.0880514000377781,38.71779068077101,63.528173252691886,plush_manipulation_station05_worker020.mp4,2024,Assembly Work,HIGH
90.0,69.24787254228768,89.91546532629636,116.78329405295554,79.04618962125268,27.221392725834615,27.221392725834615,54.44278545166923,93.51220538106068,46.572045123432844,63.1321712734106,137.06155044737216,0.009547595733003315,22.188714146614075,0.08755565966647706,0.0,0.0005745836548671112,0.0,0.0,screw_assembly_station01_worker015.mp4,44,Seated Work,HIGH
90.0,65.79153611038863,172.82970168924754,156.70786876362754,73.70586880108658,17.108007713361047,17.108007713361047,34.216015426722095,91.20595512660888,35.145991605265166,97.22541878657918,135.0086718719706,12.208762528607783,24.014940857887268,0.16184581091481187,0.0,5.360421965523019,34.827792084799334,39.965877445278,screw_assembly_station01_worker015.mp4,88,Inspection,HIGH
90.0,61.67399981505628,119.48301465609032,140.4888412432714,79.2624979063467,27.18865524842185,27.18865524842185,54.3773104968437,88.02621269253935,40.10065243913057,68.9941734129262,144.75023371723188,16.568281743111925,23.72385263442993,0.31695259660594055,0.0,1.062052353614219,40.38188798629362,15.701782067323283,screw_assembly_station01_worker015.mp4,132,Seated Work,HIGH
85.77942097737267,54.25992981781036,56.74877826820047,143.69824989570398,90.0,30.627569671718753,30.627569671718753,61.255139343437506,81.16752249261879,51.28337405749146,24.540989565446218,171.5481621599515,15.736188766377268,22.225859761238098,0.4936977733646801,0.0,0.530080368670798,47.89850555614968,47.07961160618309,screw_assembly_station01_worker015.mp4,176,Assembly Work,HIGH
90.0,51.94089682139316,166.27829458266612,137.93489277340655,90.0,27.73793706463711,27.73793706463711,55.47587412927422,78.73752519074564,46.84948618243933,135.48806272253273,167.5263144054689,34.94638899196352,20.526260137557983,1.3807067970899554,0.0,1.1525710390215196,96.45332267779128,196.05400015964562,screw_assembly_station01_worker015.mp4,220,Inspection,HIGH
68.57841405573896,58.7410221479159,74.73806002933958,99.9267004365559,90.0,16.47712028169078,16.47712028169078,32.95424056338156,85.48305719991437,39.260025101049244,64.81135959274252,156.71028466561364,12.911040589449808,20.722827315330505,0.4992178946847781,0.0,1.1628040513837274,95.02038736821576,139.89405759754703,screw_assembly_station01_worker015.mp4,264,Assembly Work,HIGH
90.0,67.91586508236912,130.2447345435645,129.8181987195503,79.30282579726699,40.92018870013613,40.92018870013613,81.84037740027226,92.66327710681031,66.34525545552266,137.18069959234992,177.49752724932551,18.900429196775058,18.1847482919693,0.9894811345526519,0.0,0.9478657943188965,136.9058429680846,231.22290784019674,screw_assembly_station01_worker015.mp4,352,Inspection,HIGH
90.0,64.09124683460517,173.30087293270503,126.3600552086948,90.0,33.44077003335945,33.44077003335945,66.8815400667189,89.94910375690624,71.69042522113926,149.4438269843473,156.3259309139885,27.39158362198942,19.22892928123474,1.4810060648928671,0.0,1.256007985929065,95.43391954174571,117.43391379351397,screw_assembly_station01_worker015.mp4,396,Inspection,HIGH
90.0,63.27040381531384,169.57290540318212,136.22005316882965,84.60514324834787,45.774758487985785,45.774758487985785,91.54951697597157,89.31391730322365,74.46892822606861,131.10987325006312,164.11206383125844,52.82284841981642,19.03383731842041,1.3286458877796639,0.0,1.9605929251755485,73.3698157081662,57.075246800273945,screw_assembly_station01_worker015.mp4,440,Inspection,HIGH
90.0,63.346436712727645,161.19257984514024,126.34268032949632,89.92703712464389,37.807371195501766,37.807371195501766,75.61474239100353,89.37352560300492,57.38745150553238,162.46473982531484,124.8562690948655,34.96502568718873,12.155815958976746,1.4708944881531933,0.0,1.032295479104943,79.71308859807291,139.61227543995085,screw_assembly_station01_worker015.mp4,484,Inspection,HIGH
90.0,63.57238475685992,173.48086391191066,123.7347336874632,90.0,23.36096494389454,23.36096494389454,46.72192988778908,89.54973523173625,53.88278342352187,150.99949267534834,117.26100590596555,21.775452775382895,10.79791784286499,1.1799995083613861,0.0,0.8204395056021218,84.02710138374952,132.7779179970021,screw_assembly_station01_worker015.mp4,528,Seated Work,HIGH
80.38474687063204,66.21811347147705,97.20442647273657,113.52866381114268,90.0,73.71308705679415,73.71308705679415,147.4261741135883,91.50871988206681,68.89980253949012,73.67576266160411,96.70774072027481,33.44696739928464,20.71641981601715,1.1185747113096787,0.0,0.655744086144191,155.7276371081804,165.3050068447756,screw_assembly_station01_worker015.mp4,572,Lifting/Carrying,HIGH
90.0,65.64101868252372,164.76908061153318,123.43611719904376,88.87545462807935,32.38515482007209,32.38515482007209,64.77030964014418,91.0979173437447,44.18396291003791,161.7948021893044,173.5085361736412,18.009023315654066,12.655434012413025,1.0018227149493677,0.0,0.8276844642432191,163.89096611355538,117.69982318715255,screw_assembly_station01_worker015.mp4,616,Inspection,HIGH
90.0,69.65447583774906,157.13465003836018,127.96454847380573,79.00534652258348,28.548113408319615,28.548113408319615,57.09622681663923,93.7612982079526,49.82846428992524,164.81850309316098,169.35554390324006,52.712664709794886,5.887308716773987,1.1247795724440812,0.0,3.062853606884198,116.48426760369604,101.87813407730313,screw_assembly_station01_worker015.mp4,660,Inspection,HIGH
90.0,65.53097644578514,134.4635312762822,118.29445283565316,90.0,27.470141430218597,27.470141430218597,54.94028286043719,91.01853380348868,50.9153564395905,106.16907844064752,161.126005924251,105.54988313451952,10.348975658416748,1.8599247439591107,0.0,3.1552141669132427,204.31482109542154,284.3319401467413,screw_assembly_station01_worker015.mp4,704,Inspection,HIGH
83.39763489160251,68.12460825816348,166.83348163481696,138.49471809999812,83.27178867028039,30.844734750888637,30.844734750888637,61.689469501777275,92.79963647523144,37.415218961697924,126.84745304973495,166.42626436453327,56.63143880532431,1.9149303436279297,1.5192786208237594,0.0,2.3667841068892446,255.43274419448392,163.12173622461918,screw_assembly_station01_worker015.mp4,748,Inspection,HIGH
90.0,69.08671808821258,153.96634804113506,135.13380205278315,90.0,28.007655745895548,28.007655745895548,56.015311491791095,93.41217526824217,59.312509128708115,108.83254598838252,136.0559255510929,65.68070440219915,1.3100624084472656,1.6412409390689167,0.0,2.2795677154999594,90.62418124283595,49.57360078143533,screw_assembly_station01_worker015.mp4,792,Inspection,HIGH
90.0,71.17711088626714,165.9322143881077,127.87581999824796,69.5867202820403,28.5064254776128,28.5064254776128,57.0128509552256,94.6520442529335,44.7206037552738,128.05639438991392,128.62073279325483,53.38832597652489,1.1939004063606262,1.4253293586795306,0.0,2.3286504294985804,48.517326379671296,48.132925383883446,screw_assembly_station01_worker015.mp4,836,Inspection,HIGH
78.52050753909829,72.02769687918433,172.1055485714732,144.797051859441,84.6438085319665,20.921259876583537,20.921259876583537,41.842519753167075,95.12057845202156,51.42018021245222,129.75626000806676,158.0066123400311,62.74568370261818,1.6744464635849,1.4048849182397396,0.0,3.459715667016802,153.6335012125076,40.8592998781426,screw_assembly_station01_worker015.mp4,880,Inspection,HIGH
48.65714285140201,71.95828457229538,168.68175129266632,143.50071051618227,90.0,24.929528577955242,24.929528577955242,49.859057155910484,95.08312777572445,45.343154913407076,125.00626270655513,167.8085433550503,65.15044081047392,6.494559347629547,1.390742577175209,0.0,3.4982884614287753,110.81408260632622,39.0775182782789,screw_assembly_station01_worker015.mp4,924,Inspection,HIGH
43.198912083577085,69.77909709152391,166.11765165801813,143.6832228179399,90.0,22.445138001800895,22.445138001800895,44.89027600360179,93.83669870379664,37.67297014863302,123.7187846676359,166.31374018897526,75.25067183157113,5.876438319683075,1.4245802437229595,0.0,3.8888644660187515,42.33506850770779,33.13091955914794,screw_assembly_station01_worker015.mp4,968,Inspection,HIGH
79.61794547154165,65.50530759268598,159.2788708859796,134.88037251114795,80.99068557928501,23.413551798330175,23.413551798330175,46.82710359666035,90.99996820673408,35.07102629028601,154.80505012802433,156.74621219697286,50.8260643049165,5.494515597820282,1.1260946292059881,0.0,2.840030181020886,148.25515607631326,208.9408887132416,screw_assembly_station01_worker015.mp4,1012,Inspection,HIGH
90.0,66.06199400273204,158.36029901632583,143.34051625438155,90.0,28.02839407209321,28.02839407209321,56.05678814418642,91.39850116323804,49.98823744586754,105.01978276408394,143.75301324857585,42.98727214109344,10.0913867354393,1.1630325680900766,0.0,1.4705614203802548,178.0650749789026,282.6740255817242,screw_assembly_station01_worker015.mp4,1056,Seated Work,HIGH
90.0,69.31488790129431,139.60890077330748,141.11069401640978,89.51644643413208,33.238872107139464,33.238872107139464,66.47774421427893,93.55358471762001,35.219584736952555,88.498206756935,97.81513705655966,110.29714177915476,34.147246927022934,0.5691168703867652,0.0,5.734884203319181,362.56334638503927,301.2686178288091,screw_assembly_station01_worker015.mp4,1100,Lifting/Carrying,HIGH
66.05923297609057,66.5994006954675,80.41002207067578,102.50817218001848,90.0,70.73501644441808,70.73501644441808,141.47003288883616,91.77504715314505,36.345007585759035,13.62341417251644,166.6525828889879,87.84835873759036,33.25110524892807,1.2964991854311674,0.0,2.5531205223010107,341.64397189499664,347.1095180916783,screw_assembly_station01_worker015.mp4,1144,Assembly Work,HIGH
37.657728519403065,46.11740367160484,86.93445337200916,110.39278216903004,17.452395063231506,38.644923579176364,38.644923579176364,77.28984715835273,72.07617001926032,276.4875962242819,35.87877728043112,44.625926896671984,598.9635686959127,3.0141055583953857,14.25568589766691,0.0,1.1299089028106162,0.0,0.0,screw_assembly_station12_worker003.mp4,176,Lifting/Carrying,HIGH
90.0,90.0,170.42509441862336,5.687304890101232,12.534539093168624,1.0789506378598375,1.0789506378598375,2.157901275719675,2.0571963213257405,6.558378492369878,101.16575352522496,117.29513139816862,14.065836950188586,7.528337836265564,1.0681862430373252,0.0,0.5782184590474937,163.56611151561975,147.721687285524,screw_assembly_station12_worker003.mp4,220,Seated Work,HIGH
90.0,90.0,98.39910900956036,15.420065047708196,66.47180130596506,10.876273894560892,10.876273894560892,21.752547789121785,55.53159181221001,7.6030665322447915,163.22255311335823,127.42974272417109,37.957813066184805,18.889138102531433,0.2065836325716003,0.0,5.080995363317485,107.10809969300738,53.44181196876946,screw_assembly_station12_worker003.mp4,352,Assembly Work,HIGH
90.0,90.0,166.62502885898948,109.66601850262498,64.8467467216036,7.239975556558351,7.239975556558351,14.479951113116702,55.178994107952484,30.213173093285327,146.9590103598402,64.07778505855754,56.13014741617566,24.319621920585632,0.5297789281578792,0.0,3.497981332439122,98.56934131745597,39.458511590651405,screw_assembly_station12_worker003.mp4,396,Lifting/Carrying,HIGH
90.0,90.0,154.20331325429856,109.65262030134832,79.74892712362292,6.313172835340956,6.313172835340956,12.626345670681912,58.86163855922324,33.20154999578311,134.55069295414702,52.58804631340121,68.83360527604707,26.271870732307434,0.5258754665626986,0.0,5.586499187087654,20.479341963971876,12.311915139231033,screw_assembly_station12_worker003.mp4,440,Lifting/Carrying,HIGH
90.0,90.0,167.30335906856232,78.79527466543716,90.0,4.245845448888021,4.245845448888021,8.491690897776042,59.64465091058998,47.46062243986366,156.09863373811055,169.03905840706298,14.750880177704309,14.818567037582397,0.3193620086386561,0.0,1.381994220385626,181.99444956969944,142.95019295670667,screw_assembly_station12_worker003.mp4,484,Inspection,HIGH
69.84341702727113,65.9565682429468,60.93210039530179,134.5514864725475,90.0,27.291873405059665,27.291873405059665,54.58374681011933,91.3236877785542,28.579531670674747,74.51641313324832,172.17627428752562,8.647433063261047,16.95283353328705,0.4472238910665057,0.0,0.9136377716098416,229.60264421334657,190.89348241339346,screw_assembly_station12_worker003.mp4,704,Assembly Work,HIGH
14.0280776347708,10.304125977898062,118.74709653955708,133.21881235519623,90.0,1.9310282181326002,1.9310282181326002,3.8620564362652003,17.88730660828418,0.43027566882602836,62.796255288131626,96.78830723024511,20.54932177578494,15.87742418050766,0.2728281037507789,0.0,0.9009724724266596,403.92166777682127,366.73268970722927,screw_assembly_station12_worker003.mp4,924,Seated Work,LOW
90.0,25.560337030825945,174.57326017535314,139.95925337670715,90.0,8.646564501412568,8.646564501412568,17.293129002825136,43.14613522939126,90.02569872898344,95.86203208234625,170.1222897965975,78.161121650179,17.650863528251648,2.721034684698936,0.0,1.4454635461259537,81.08073091421723,72.05594485715667,screw_assembly_station12_worker003.mp4,968,Inspection,HIGH
90.0,90.0,18.555188254595233,57.11647705510433,52.73309060890756,31.187749785321913,31.187749785321913,62.375499570643825,73.0391833944147,18.06558836088201,104.32833469143065,60.27552480193943,145.3282058849078,13.168379664421082,0.4020210128581296,0.0,3.6783480005953444,428.503216297065,397.3807990779785,screw_assembly_station12_worker003.mp4,1100,Lifting/Carrying,HIGH
90.0,90.0,159.6375469132329,104.2199993958173,48.22263717947131,8.93104179704871,8.93104179704871,17.86208359409742,66.8421990280188,16.40094336760797,145.4175475208375,71.49333609637938,10.783227546843767,22.5930392742157,0.3833033450866472,0.0,1.431331259655467,123.46531766701511,83.60167458154537,screw_assembly_station12_worker003.mp4,1144,Lifting/Carrying,HIGH
90.0,90.0,163.26407631888887,130.8048887250984,82.31701323209391,0.480963438744574,0.480963438744574,0.961926877489148,60.176446401017024,32.29126747007904,125.713034755606,86.62463847852874,38.01521810998626,23.576009273529053,0.37122202983795227,0.0,5.204080789221387,41.70410360273374,14.208846128159458,screw_assembly_station12_worker003.mp4,1188,Lifting/Carrying,HIGH
79.84964176831976,90.0,158.83444345674633,60.536128623734754,68.90775498665131,0.9306642448049753,0.9306642448049753,1.8613284896099507,58.3254467003972,50.228541082845936,138.84881136374307,152.31010198778617,12.893226601540334,12.27714717388153,0.6909305704683244,0.0,0.5909760476522578,207.25348978529982,213.99457724305384,screw_assembly_station12_worker003.mp4,1232,Inspection,HIGH
13.704213070937884,33.02629449523005,155.51524851725912,10.35537774931789,20.629700822215366,4.647688637969879,4.647688637969879,9.295377275939758,54.502386497150304,1.3619918584784771,84.67056304338396,37.594917630926666,36.45394939734655,9.865856170654297,0.930540025378938,0.0,1.1369535811672276,260.96038098913306,211.48147461716331,screw_assembly_station12_worker003.mp4,1320,Lifting/Carrying,HIGH
27.055167955898956,34.90135433784606,172.8578831370827,42.05272180094679,35.01688642596141,21.064669223840934,21.064669223840934,42.12933844768187,57.216525975243435,16.184842422332192,124.91060493941885,11.949899783485932,48.70979096055933,14.648932218551636,0.6964858391496442,0.0,1.1265424522243472,150.6969423791284,200.1378049001114,screw_assembly_station12_worker003.mp4,1364,Lifting/Carrying,HIGH
72.7359093686087,19.7659198587837,129.79458516101164,32.35272411907076,90.0,12.773517707263467,12.773517707263467,25.547035414526935,33.81782144314819,9.192959133870342,72.14730928149788,35.158757255504945,84.52807046267611,1.831403374671936,1.1036232683247396,0.0,6.319834917800858,337.32971585991857,413.45058854585847,screw_assembly_station12_worker003.mp4,1452,Inspection,HIGH
53.8110094748043,4.059714920563742,170.05111850379177,104.39425302136752,70.29856894025644,4.67308397507997,4.67308397507997,9.34616795015994,7.079611884628803,66.70571967780981,4.445371528369658,90.43111777547757,21.968061468052653,3.30144464969635,2.1021067214504163,0.0,0.48372839847109833,79.65939528561968,152.83139910555803,screw_assembly_station12_worker003.mp4,1496,Inspection,MEDIUM
90.0,90.0,156.15217637637988,28.69331507198934,56.074249593143215,28.218854498730934,28.218854498730934,56.43770899746187,68.3278030103527,60.16353729738412,94.84549144989782,91.45876629704492,114.71440101764827,8.794212341308594,1.1798399996409545,0.0,2.8160396305975235,90.7644099769904,66.32834792404653,screw_assembly_station12_worker003.mp4,1584,Lifting/Carrying,HIGH
90.0,90.0,149.75382682288,31.486729076296694,90.0,23.390534442370893,23.390534442370893,46.781068884741785,68.2919792637569,48.654389560210646,91.24055590096555,130.57334502787077,1.7878070126670067,8.453178405761719,0.5206820363430715,0.0,0.2030600986431249,69.2264470070511,81.34591764237793,screw_assembly_station12_worker003.mp4,1628,Seated Work,HIGH
76.34233333946624,72.86797639929488,52.9557183155737,89.11426195318168,90.0,29.454355342764703,29.454355342764703,58.90871068552941,95.56285213014706,29.257171974727463,101.11265545314077,164.46939804071388,34.07027010445541,17.590543627738953,0.4717445008418836,0.0,4.916918667549491,131.26891454572862,29.54542829455424,screw_assembly_station12_worker003.mp4,1892,Assembly Work,HIGH
43.303934861754584,73.82949545560584,174.1850392818514,101.67993826829127,57.27675462921399,8.455842009490503,8.455842009490503,16.911684018981006,96.04371810428525,29.225644972533722,12.72774875052565,142.21794070010714,15.497827946466455,17.923054099082947,0.572942928161371,0.0,2.088973661049127,55.54035806654876,27.430499024239236,screw_assembly_station12_worker003.mp4,1936,Inspection,HIGH
15.117280081146372,71.91659912406769,162.4232442474064,95.63652580884488,90.0,3.0808952983209577,3.0808952983209577,6.161790596641915,95.06056976094695,17.59622516567085,11.940229935493118,68.69776085081128,36.97496802837585,14.928704500198364,0.5575720874348213,0.0,7.250833702471853,43.64409818520284,38.38969840267502,screw_assembly_station12_worker003.mp4,1980,Lifting/Carrying,HIGH
47.05373350784766,45.21718940138357,173.9290166049326,55.86807564281254,90.0,50.00550276306893,50.00550276306893,100.01100552613786,70.97821030725801,76.98828359734821,28.33609949977013,162.7003464785086,2.8023203079299597,12.66707181930542,2.0531303963371608,0.0,0.17095925559329175,141.93030631513514,131.02058341017016,screw_assembly_station12_worker003.mp4,2024,Inspection,HIGH
84.00960687348211,90.0,102.89783991981659,123.83724513597272,90.0,3.6938607274946618,3.6938607274946618,7.3877214549893235,90.67294834131191,31.4675844315106,126.34435584503095,159.55495470264054,2.2323169987122853,26.06809213757515,0.4784548621043427,0.0,0.7067105015488294,673.7762653806669,734.4368235463005,screw_assembly_station12_worker003.mp4,2464,Inspection,HIGH
90.0,90.0,71.77304272981588,87.33020481749037,90.0,7.303345331201274,7.303345331201274,14.606690662402547,84.52787443913734,18.603106225670974,109.12525412875189,164.6004708457636,0.3657399206234149,31.566103547811508,0.3325454777943851,0.0,0.015619355865997027,175.68935218902072,198.06353691848494,screw_assembly_station12_worker003.mp4,2508,Assembly Work,HIGH
90.0,90.0,165.50395915826977,84.17852709593583,22.3875268234747,2.389691033004236,2.389691033004236,4.779382066008472,18.14095699537862,6.462621913014259,81.32543206415835,119.08791802685927,13.992752332596314,8.881895244121552,0.5817038570297216,0.0,0.47453262717500616,0.0,0.0,video_003.mp4,296,Seated Work,HIGH
90.0,90.0,131.48322871865287,45.374393471202076,18.410355514720827,6.0063798356040525,6.0063798356040525,12.012759671208105,10.476643750405774,7.442901309877342,4.5976715388397995,153.08951541299228,18.98094647735748,7.731330394744873,1.2686279948133679,0.0,0.5276620212355917,139.13754711117042,236.12760450820758,video_003.mp4,333,Inspection,HIGH
90.0,90.0,123.4085903843283,28.62221659939673,15.167296793821293,0.09447969975949229,0.09447969975949229,0.18895939951898458,17.145804277114483,10.72290316209596,82.76452478694313,168.46358628828642,38.41134193053061,6.063435971736908,0.7538451090768301,0.0,1.0895069970073183,0.0,0.0,video_004.mp4,111,Inspection,HIGH
14.194713940535726,2.1563014146218245,32.89620598819881,160.594098464173,90.0,2.0157801283764782,2.0157801283764782,4.0315602567529565,3.7625675965248155,10.42279698009164,109.45059829868902,167.5660787739203,7.358198209042468,21.475669741630554,0.1381225010225399,0.0,0.3067134369632815,0.0,0.0,video_005.mp4,37,Seated Work,LOW
9.372263858967838,16.43249728811829,68.54726798813476,170.6735724254089,90.0,3.846812996268341,3.846812996268341,7.693625992536682,28.28855195847792,8.64155344021098,113.37135447521896,178.98983453138396,7.544802669115325,15.507499873638153,0.23817876367175767,0.0,0.3673533811608832,107.40458777683381,33.195592325624176,video_005.mp4,333,Assembly Work,LOW
23.68853690820203,26.751084558836276,135.3744824776498,167.89038060097232,90.0,3.277066994600728,3.277066994600728,6.554133989201456,45.01153442647172,14.90372092853286,122.5158981220349,177.26220687398984,13.803854297958345,12.983408570289612,0.32056222028549575,0.0,2.454261247493632,0.0,0.0,video_006.mp4,111,Assembly Work,MEDIUM
36.87066016098152,29.59191277274743,169.26008906180678,37.76525793819507,24.27016955249448,3.168743257910566,3.168743257910566,6.337486515821132,49.381913354797454,16.326685076335878,117.02534700055148,172.30470867808248,3.3280025242692557,10.423564910888672,0.5178081882284676,0.0,0.18236670426500848,0.0,0.0,video_007.mp4,37,Assembly Work,MEDIUM
90.0,90.0,131.76790564176667,24.772638143851125,21.601633544071596,8.431634796800754,8.431634796800754,16.86326959360151,12.131501187642217,16.07160751735327,77.54944344192614,164.9673462264215,13.229455354439445,8.556696772575378,0.616024085219358,0.0,0.37274346699596694,0.0,0.0,video_012.mp4,74,Inspection,HIGH
90.0,90.0,163.0330575156247,74.87282102841434,29.89240620986314,13.803579992456205,13.803579992456205,27.60715998491241,39.92031870927996,13.945684311996107,17.25678547189083,78.8508945512428,80.90220807511625,9.196221828460693,0.6303733298952926,0.0,2.696089061442031,0.0,0.0,video_013.mp4,185,Lifting/Carrying,HIGH
0.8837294406250626,31.08432129699316,144.16643067772895,153.9585996607866,90.0,2.4899269048868176,2.4899269048868176,4.979853809773635,51.6298996332423,6.192111775531183,28.125030338936014,176.6417318968173,7.219900820240252,9.081092476844788,0.3198943975730168,0.0,0.466343454837513,0.0,0.0,video_015.mp4,222,Assembly Work,MEDIUM
78.06766307801443,90.0,37.23528592045885,99.47893146011089,90.0,28.62693958986981,28.62693958986981,57.25387917973962,99.9764232378348,33.548558782857384,126.8558332482175,156.44485728765622,2.5179781362251874,30.313154309988022,0.26831317371104946,0.0,10.842055464842513,0.0,0.0,video_016.mp4,37,Assembly Work,HIGH
88.66703681042341,89.02741378780897,59.788869580692506,79.65895173251063,90.0,20.297029612639314,20.297029612639314,40.59405922527863,99.98559310044648,40.62281487698375,120.97576727400579,168.40042903095403,7.621299040508061,26.45932361483574,0.2156427173053351,0.0,14.453593797919535,63.04286990406194,36.75501950429937,video_016.mp4,185,Assembly Work,HIGH
87.3924972090496,90.0,77.23868563080141,63.92473064601239,90.0,27.969863924646504,27.969863924646504,55.93972784929301,99.51585210330008,29.486317488593222,128.83658372313627,160.27564125686973,0.5810089269411224,28.24053093791008,0.4572754739399367,0.0,0.7391631204767335,0.0,0.0,video_017.mp4,74,Assembly Work,HIGH
29.74026860865039,33.27430411023775,158.9209020823067,64.05945162567554,90.0,0.4047173917794594,0.4047173917794594,0.8094347835589188,54.86479216835568,11.942443260345197,132.9803537083883,96.18030861086315,4.470618285851499,0.13033896684646606,0.6099861750636779,0.0,2.5769561922095354,592.3636252520015,559.2444976974407,video_017.mp4,222,Assembly Work,MEDIUM
8.545053994786937,7.17924216145133,32.47933102649544,157.21172841396776,90.0,2.0901814237002183,2.0901814237002183,4.180362847400437,12.497378950411491,5.556957045909696,96.30893583189274,176.71504812342303,25.56872768528617,18.055304884910583,0.3158804455126612,0.0,1.183444703946771,0.0,0.0,video_018.mp4,37,Seated Work,LOW
7.062720092963983,15.611139450683758,42.92274080964681,156.24589167357115,90.0,3.0100808034114754,3.0100808034114754,6.020161606822951,26.91070736857816,1.0362149797355111,36.02936404082419,175.89891042228442,4.855390219860309,8.872957527637482,0.2945553340535629,0.0,0.2415578264385137,153.3686586053619,167.07131181209616,video_018.mp4,148,Assembly Work,LOW
39.23656364887499,17.74544218837045,154.89877488660483,163.0262711579914,90.0,1.4238037079098744,1.4238037079098744,2.847607415819749,30.478853610182387,23.943574267181866,98.12749627113601,176.50165532202828,0.5038501650423307,8.333995938301086,0.5724012330671902,0.0,0.08921417074163575,0.0,0.0,video_020.mp4,111,Inspection,MEDIUM
5.197595780244606,6.661024193149718,128.35495288762922,172.19900051253904,90.0,0.19767621442596311,0.19767621442596311,0.39535242885192623,11.599509970638852,4.092654307103638,105.67138719272768,177.45269709325635,87.5747064109265,18.725113570690155,0.5316613127166498,0.0,2.952259402431926,155.63673461966033,168.81793494678624,video_020.mp4,222,Seated Work,LOW
56.9855434942611,43.610744385021206,54.49030618742367,165.915640511454,90.0,0.6199221924108772,0.6199221924108772,15.219721647777304,16.596273709292134,2.0169252101238144,90.02896419323224,138.32818577619457,29.801285220019274,4.459673166275024,0.1320792030305333,0.0,1.117284093900977,88.74562582239174,82.22401402942131,Lifting in the Workplace ｜ WorkSafeBC.mp4,352,Seated Work,LOW
84.10800215592286,46.43059680657748,125.81336784529873,170.16773644798255,90.0,3.0192056109645597,3.0192056109645597,14.223497882103263,17.51958888279928,9.485060299549747,33.579628206833135,134.32052259305752,19.912342494265136,11.881330609321594,0.4605798496542719,0.0,1.5416039738003773,88.00742816029674,115.75221195085095,lifting_worker_J3-5DPWQlj8.mp4,484,Seated Work,LOW
53.90543528389881,34.139763372238875,78.11623581633474,52.07039834009003,90.0,7.590217676836172,7.590217676836172,24.562605081700617,28.980478518261286,3.034566799622536,43.98515058654641,124.7498062039402,30.381886073027196,4.075793921947479,0.6074206602745523,0.0,0.44454717398522764,133.03681893764693,113.25286436945396,lifting_worker_zss9jRW4oWw.mp4,1276,Assembly Work,LOW
55.750570515298314,37.20873016503624,135.35158523603926,32.96810435727052,90.0,4.013618367311323,4.013618367311323,13.72399292542261,18.29788868476347,4.47707868508511,105.38694910937161,92.03845269679486,10.425092399333554,1.6384363174438477,0.6913172735535074,0.0,2.7145535664516998,120.47617596507641,164.81030087370155,lifting_worker_zss9jRW4oWw.mp4,1320,Assembly Work,LOW
41.636516790695325,39.262127077425745,32.89620598819881,160.594098464173,90.0,2.0157801283764782,2.0157801283764782,15.633847662846975,10.593141119196497,10.42279698009164,109.45059829868902,136.53442314046376,7.358198209042468,21.475669741630554,0.1381225010225399,0.0,0.3067134369632815,0.0,0.0,video_005.mp4,37,Seated Work,LOW
50.10811110363649,34.9720190636866,32.47933102649544,157.21172841396776,90.0,2.0901814237002183,2.0901814237002183,16.981383165067598,25.698033140560685,5.556957045909696,96.30893583189274,117.62750929048627,25.56872768528617,18.055304884910583,0.3158804455126612,0.0,1.183444703946771,0.0,0.0,video_018.mp4,37,Seated Work,LOW
