subdir,path,video,frame_name,auto_task,auto_risk,confidence,human_task,human_risk,quality,notes
frames,outputs\real_data\frames\frame_000360.jpg,VIDJOB-92d24689.mp4,frame_000360.jpg,Seated Work,MEDIUM,91.70640251215767,Seated Work,LOW,occluded,
frames,outputs\real_data\frames\frame_000330.jpg,VIDJOB-92d24689.mp4,frame_000330.jpg,Seated Work,MEDIUM,91.33330443326165,Seated Work,LOW,occluded,
frames,outputs\real_data\frames\frame_000390.jpg,VIDJOB-92d24689.mp4,frame_000390.jpg,Seated Work,MEDIUM,91.06322632116431,Seated Work,LOW,partial,
frames,outputs\real_data\frames\frame_000270.jpg,VIDJOB-92d24689.mp4,frame_000270.jpg,Seated Work,MEDIUM,90.77373813180363,Seated Work,LOW,occluded,
frames,outputs\real_data\frames\frame_000300.jpg,VIDJOB-92d24689.mp4,frame_000300.jpg,Seated Work,MEDIUM,90.6989311470705,Seated Work,LOW,occluded,
frames,outputs\real_data\frames\frame_000420.jpg,VIDJOB-92d24689.mp4,frame_000420.jpg,Seated Work,MEDIUM,90.47539251692154,Seated Work,LOW,partial,
frames,outputs\real_data\frames\frame_000240.jpg,VIDJOB-92d24689.mp4,frame_000240.jpg,Neutral Standing,MEDIUM,90.45985551441417,Seated Work,LOW,occluded,
frames,outputs\real_data\frames\frame_000210.jpg,VIDJOB-92d24689.mp4,frame_000210.jpg,Seated Work,MEDIUM,89.904843007817,Seated Work,LOW,occluded,
frames,outputs\real_data\frames\frame_000180.jpg,VIDJOB-92d24689.mp4,frame_000180.jpg,Seated Work,MEDIUM,89.7147767684039,Seated Work,LOW,occluded,
frames,outputs\real_data\frames\frame_000450.jpg,VIDJOB-92d24689.mp4,frame_000450.jpg,Seated Work,MEDIUM,89.70644193537095,Seated Work,MEDIUM,partial,
frames,outputs\real_data\frames\frame_000150.jpg,VIDJOB-92d24689.mp4,frame_000150.jpg,Seated Work,MEDIUM,89.07811676754672,Seated Work,LOW,partial,
frames,outputs\real_data\frames\frame_000480.jpg,VIDJOB-92d24689.mp4,frame_000480.jpg,Seated Work,MEDIUM,89.02271126999575,Seated Work,LOW,partial,
frames,outputs\real_data\frames\frame_000090.jpg,VIDJOB-92d24689.mp4,frame_000090.jpg,Assembly Work,MEDIUM,88.9002824530882,Seated Work,MEDIUM,partial,f
frames,outputs\real_data\frames\frame_000120.jpg,VIDJOB-92d24689.mp4,frame_000120.jpg,Seated Work,MEDIUM,88.3775928441216,Seated Work,LOW,partial,
frames,outputs\real_data\frames\frame_000060.jpg,VIDJOB-92d24689.mp4,frame_000060.jpg,Assembly Work,MEDIUM,88.27149938134586,Seated Work,LOW,partial,lower
frames,outputs\real_data\frames\frame_000570.jpg,VIDJOB-92d24689.mp4,frame_000570.jpg,Seated Work,MEDIUM,88.21451348416946,Seated Work,LOW,partial,
frames,outputs\real_data\frames\frame_000540.jpg,VIDJOB-92d24689.mp4,frame_000540.jpg,Seated Work,MEDIUM,87.94981714557198,Seated Work,LOW,partial,
frames,outputs\real_data\frames\frame_000030.jpg,VIDJOB-92d24689.mp4,frame_000030.jpg,Assembly Work,MEDIUM,87.50860182677998,Seated Work,LOW,partial,the
frames,outputs\real_data\frames\frame_001350.jpg,VIDJOB-92d24689.mp4,frame_001350.jpg,Neutral Standing,MEDIUM,86.58810503342572,Seated Work,LOW,partial,
frames,outputs\real_data\frames\frame_001050.jpg,VIDJOB-92d24689.mp4,frame_001050.jpg,Neutral Standing,MEDIUM,84.90533521946739,Seated Work,LOW,partial,
frames,outputs\real_data\frames\frame_000510.jpg,VIDJOB-92d24689.mp4,frame_000510.jpg,Seated Work,LOW,88.59370070345261,Seated Work,LOW,partial,
frames,outputs\real_data\frames\frame_000600.jpg,VIDJOB-92d24689.mp4,frame_000600.jpg,Seated Work,LOW,88.0139839999816,Assembly Work,LOW,partial,theoverl
frames,outputs\real_data\frames\frame_000630.jpg,VIDJOB-92d24689.mp4,frame_000630.jpg,Seated Work,LOW,87.60010477374581,Assembly Work,LOW,partial,l
frames,outputs\real_data\frames\frame_000660.jpg,VIDJOB-92d24689.mp4,frame_000660.jpg,Seated Work,LOW,87.03920367886039,Seated Work,LOW,partial,
frames,outputs\real_data\frames\frame_001230.jpg,VIDJOB-92d24689.mp4,frame_001230.jpg,Neutral Standing,LOW,86.89846782123341,Seated Work,LOW,partial,
frames,outputs\real_data\frames\frame_000690.jpg,VIDJOB-92d24689.mp4,frame_000690.jpg,Seated Work,LOW,86.6867763154647,Seated Work,LOW,partial,
frames,outputs\real_data\frames\frame_001320.jpg,VIDJOB-92d24689.mp4,frame_001320.jpg,Neutral Standing,LOW,86.49687223574695,Seated Work,LOW,partial,lag
frames,outputs\real_data\frames\frame_000720.jpg,VIDJOB-92d24689.mp4,frame_000720.jpg,Seated Work,LOW,86.36621324455037,Seated Work,LOW,partial,
frames,outputs\real_data\frames\frame_001260.jpg,VIDJOB-92d24689.mp4,frame_001260.jpg,Neutral Standing,LOW,86.1693824038786,Seated Work,LOW,partial,
frames,outputs\real_data\frames\frame_000750.jpg,VIDJOB-92d24689.mp4,frame_000750.jpg,Seated Work,LOW,86.07397850822,Seated Work,LOW,partial,
frames,outputs\real_data\frames\frame_000840.jpg,VIDJOB-92d24689.mp4,frame_000840.jpg,Seated Work,LOW,85.95613372676513,Seated Work,LOW,partial,
frames,outputs\real_data\frames\frame_000780.jpg,VIDJOB-92d24689.mp4,frame_000780.jpg,Seated Work,LOW,85.93998744207269,Seated Work,LOW,partial,
frames,outputs\real_data\frames\frame_001200.jpg,VIDJOB-92d24689.mp4,frame_001200.jpg,Neutral Standing,LOW,85.89134128654705,Seated Work,LOW,partial,
frames,outputs\real_data\frames\frame_001380.jpg,VIDJOB-92d24689.mp4,frame_001380.jpg,Neutral Standing,LOW,85.87856187539941,Seated Work,LOW,clear,
frames,outputs\real_data\frames\frame_000870.jpg,VIDJOB-92d24689.mp4,frame_000870.jpg,Seated Work,LOW,85.84898271981407,Seated Work,LOW,partial,
frames,outputs\real_data\frames\frame_000900.jpg,VIDJOB-92d24689.mp4,frame_000900.jpg,Seated Work,LOW,85.84275289493448,Seated Work,LOW,partial,
frames,outputs\real_data\frames\frame_000810.jpg,VIDJOB-92d24689.mp4,frame_000810.jpg,Seated Work,LOW,85.79523011165506,Seated Work,LOW,partial,
frames,outputs\real_data\frames\frame_001290.jpg,VIDJOB-92d24689.mp4,frame_001290.jpg,Neutral Standing,LOW,85.78459234798656,Assembly Work,LOW,partial,l
frames,outputs\real_data\frames\frame_000930.jpg,VIDJOB-92d24689.mp4,frame_000930.jpg,Seated Work,LOW,85.47059411511701,Seated Work,LOW,,
frames,outputs\real_data\frames\frame_001140.jpg,VIDJOB-92d24689.mp4,frame_001140.jpg,Neutral Standing,LOW,85.06732591811348,Seated Work,LOW,partial,
frames,outputs\real_data\frames\frame_000960.jpg,VIDJOB-92d24689.mp4,frame_000960.jpg,Seated Work,LOW,84.85296955879997,Seated Work,LOW,partial,
frames,outputs\real_data\frames\frame_001170.jpg,VIDJOB-92d24689.mp4,frame_001170.jpg,Neutral Standing,LOW,84.74931629265056,Seated Work,LOW,partial,
frames,outputs\real_data\frames\frame_000990.jpg,VIDJOB-92d24689.mp4,frame_000990.jpg,Seated Work,LOW,84.59717254428303,Seated Work,LOW,partial,
frames,outputs\real_data\frames\frame_001080.jpg,VIDJOB-92d24689.mp4,frame_001080.jpg,Neutral Standing,LOW,84.5280671820921,Seated Work,LOW,partial,
frames,outputs\real_data\frames\frame_001110.jpg,VIDJOB-92d24689.mp4,frame_001110.jpg,Neutral Standing,LOW,84.3311864663573,Seated Work,LOW,partial,
frames,outputs\real_data\frames\frame_001020.jpg,VIDJOB-92d24689.mp4,frame_001020.jpg,Neutral Standing,LOW,84.2818566104945,Seated Work,LOW,partial,
frames,outputs\real_data\frames\frame_cardboard_manipulation_station01_worker041_0006.jpg,,frame_cardboard_manipulation_station01_worker041_0006.jpg,Unknown,LOW,0.0,Seated Work,LOW,occluded,
frames,outputs\real_data\frames\frame_cardboard_manipulation_station01_worker041_0016.jpg,,frame_cardboard_manipulation_station01_worker041_0016.jpg,Unknown,LOW,0.0,Seated Work,LOW,blurry,
frames,outputs\real_data\frames\frame_cardboard_manipulation_station01_worker041_0026.jpg,,frame_cardboard_manipulation_station01_worker041_0026.jpg,Unknown,LOW,0.0,Seated Work,LOW,blurry,
frames,outputs\real_data\frames\frame_cardboard_manipulation_station01_worker041_0036.jpg,,frame_cardboard_manipulation_station01_worker041_0036.jpg,Unknown,LOW,0.0,Seated Work,LOW,partial,
frames,outputs\real_data\frames\frame_cardboard_manipulation_station01_worker041_0046.jpg,,frame_cardboard_manipulation_station01_worker041_0046.jpg,Unknown,LOW,0.0,Seated Work,LOW,partial,
frames,outputs\real_data\frames\frame_cardboard_manipulation_station01_worker041_0056.jpg,,frame_cardboard_manipulation_station01_worker041_0056.jpg,Unknown,LOW,0.0,Seated Work,LOW,partial,
frames,outputs\real_data\frames\frame_cardboard_manipulation_station01_worker041_0066.jpg,,frame_cardboard_manipulation_station01_worker041_0066.jpg,Unknown,LOW,0.0,Seated Work,LOW,partial,
frames,outputs\real_data\frames\frame_cardboard_manipulation_station01_worker041_0076.jpg,,frame_cardboard_manipulation_station01_worker041_0076.jpg,Unknown,LOW,0.0,Seated Work,LOW,partial,
frames,outputs\real_data\frames\frame_cardboard_manipulation_station01_worker041_0086.jpg,,frame_cardboard_manipulation_station01_worker041_0086.jpg,Unknown,LOW,0.0,Seated Work,LOW,partial,
frames,outputs\real_data\frames\frame_cardboard_manipulation_station01_worker041_0096.jpg,,frame_cardboard_manipulation_station01_worker041_0096.jpg,Unknown,LOW,0.0,Seated Work,LOW,partial,
frames,outputs\real_data\frames\frame_cardboard_manipulation_station01_worker041_0106.jpg,,frame_cardboard_manipulation_station01_worker041_0106.jpg,Unknown,LOW,0.0,Seated Work,LOW,partial,
frames,outputs\real_data\frames\frame_cardboard_manipulation_station01_worker041_0116.jpg,,frame_cardboard_manipulation_station01_worker041_0116.jpg,Unknown,LOW,0.0,Seated Work,LOW,partial,
frames,outputs\real_data\frames\frame_cardboard_manipulation_station01_worker041_0126.jpg,,frame_cardboard_manipulation_station01_worker041_0126.jpg,Unknown,LOW,0.0,Seated Work,LOW,partial,
frames,outputs\real_data\frames\frame_cardboard_manipulation_station01_worker041_0136.jpg,,frame_cardboard_manipulation_station01_worker041_0136.jpg,Unknown,LOW,0.0,Seated Work,LOW,partial,
frames,outputs\real_data\frames\frame_cardboard_manipulation_station01_worker041_0146.jpg,,frame_cardboard_manipulation_station01_worker041_0146.jpg,Unknown,LOW,0.0,Reaching,LOW,,
frames,outputs\real_data\frames\frame_cardboard_manipulation_station01_worker041_0156.jpg,,frame_cardboard_manipulation_station01_worker041_0156.jpg,Unknown,LOW,0.0,Seated Work,LOW,partial,
frames,outputs\real_data\frames\frame_cardboard_manipulation_station01_worker041_0166.jpg,,frame_cardboard_manipulation_station01_worker041_0166.jpg,Unknown,LOW,0.0,Seated Work,LOW,partial,
frames,outputs\real_data\frames\frame_cardboard_manipulation_station01_worker041_0176.jpg,,frame_cardboard_manipulation_station01_worker041_0176.jpg,Unknown,LOW,0.0,Seated Work,LOW,partial,
frames,outputs\real_data\frames\frame_cardboard_manipulation_station01_worker041_0186.jpg,,frame_cardboard_manipulation_station01_worker041_0186.jpg,Unknown,LOW,0.0,Seated Work,LOW,partial,
frames,outputs\real_data\frames\frame_cardboard_manipulation_station01_worker041_0196.jpg,,frame_cardboard_manipulation_station01_worker041_0196.jpg,Unknown,LOW,0.0,Seated Work,LOW,,
frames,outputs\real_data\frames\frame_cardboard_manipulation_station01_worker041_0206.jpg,,frame_cardboard_manipulation_station01_worker041_0206.jpg,Unknown,LOW,0.0,Seated Work,LOW,,
frames,outputs\real_data\frames\frame_cardboard_manipulation_station01_worker041_0216.jpg,,frame_cardboard_manipulation_station01_worker041_0216.jpg,Unknown,LOW,0.0,Seated Work,LOW,,
frames,outputs\real_data\frames\frame_cardboard_manipulation_station01_worker041_0226.jpg,,frame_cardboard_manipulation_station01_worker041_0226.jpg,Unknown,LOW,0.0,Seated Work,LOW,,
frames,outputs\real_data\frames\frame_cardboard_manipulation_station01_worker041_0236.jpg,,frame_cardboard_manipulation_station01_worker041_0236.jpg,Unknown,LOW,0.0,Seated Work,LOW,,
frames,outputs\real_data\frames\frame_cardboard_manipulation_station01_worker041_0246.jpg,,frame_cardboard_manipulation_station01_worker041_0246.jpg,Unknown,LOW,0.0,Seated Work,LOW,,
frames,outputs\real_data\frames\frame_cardboard_manipulation_station01_worker041_0256.jpg,,frame_cardboard_manipulation_station01_worker041_0256.jpg,Unknown,LOW,0.0,Seated Work,LOW,,
frames,outputs\real_data\frames\frame_cardboard_manipulation_station01_worker041_0266.jpg,,frame_cardboard_manipulation_station01_worker041_0266.jpg,Unknown,LOW,0.0,Seated Work,LOW,,
frames,outputs\real_data\frames\frame_cardboard_manipulation_station01_worker041_0276.jpg,,frame_cardboard_manipulation_station01_worker041_0276.jpg,Unknown,LOW,0.0,Seated Work,LOW,,
frames,outputs\real_data\frames\frame_cardboard_manipulation_station01_worker041_0286.jpg,,frame_cardboard_manipulation_station01_worker041_0286.jpg,Unknown,LOW,0.0,Seated Work,LOW,,
frames,outputs\real_data\frames\frame_cardboard_manipulation_station01_worker041_0296.jpg,,frame_cardboard_manipulation_station01_worker041_0296.jpg,Unknown,LOW,0.0,Seated Work,LOW,,
frames,outputs\real_data\frames\frame_cardboard_manipulation_station01_worker041_0306.jpg,,frame_cardboard_manipulation_station01_worker041_0306.jpg,Unknown,LOW,0.0,Seated Work,LOW,,
frames,outputs\real_data\frames\frame_cardboard_manipulation_station01_worker041_0316.jpg,,frame_cardboard_manipulation_station01_worker041_0316.jpg,Unknown,LOW,0.0,Seated Work,LOW,,
frames,outputs\real_data\frames\frame_cardboard_manipulation_station01_worker041_0326.jpg,,frame_cardboard_manipulation_station01_worker041_0326.jpg,Unknown,LOW,0.0,Seated Work,LOW,,
frames,outputs\real_data\frames\frame_cardboard_manipulation_station01_worker041_0336.jpg,,frame_cardboard_manipulation_station01_worker041_0336.jpg,Unknown,LOW,0.0,Seated Work,LOW,,
frames,outputs\real_data\frames\frame_cardboard_manipulation_station01_worker041_0346.jpg,,frame_cardboard_manipulation_station01_worker041_0346.jpg,Unknown,LOW,0.0,Seated Work,LOW,,
frames,outputs\real_data\frames\frame_cardboard_manipulation_station01_worker041_0356.jpg,,frame_cardboard_manipulation_station01_worker041_0356.jpg,Unknown,LOW,0.0,Seated Work,LOW,,
frames,outputs\real_data\frames\frame_cardboard_manipulation_station01_worker041_0366.jpg,,frame_cardboard_manipulation_station01_worker041_0366.jpg,Unknown,LOW,0.0,Seated Work,LOW,,
frames,outputs\real_data\frames\frame_cardboard_manipulation_station01_worker041_0376.jpg,,frame_cardboard_manipulation_station01_worker041_0376.jpg,Unknown,LOW,0.0,Seated Work,LOW,,
frames,outputs\real_data\frames\frame_cardboard_manipulation_station01_worker041_0386.jpg,,frame_cardboard_manipulation_station01_worker041_0386.jpg,Unknown,LOW,0.0,Seated Work,LOW,,
frames,outputs\real_data\frames\frame_cardboard_manipulation_station01_worker041_0396.jpg,,frame_cardboard_manipulation_station01_worker041_0396.jpg,Unknown,LOW,0.0,Seated Work,LOW,,
frames,outputs\real_data\frames\frame_cardboard_manipulation_station01_worker041_0406.jpg,,frame_cardboard_manipulation_station01_worker041_0406.jpg,Unknown,LOW,0.0,Seated Work,LOW,,
frames,outputs\real_data\frames\frame_cardboard_manipulation_station01_worker041_0416.jpg,,frame_cardboard_manipulation_station01_worker041_0416.jpg,Unknown,LOW,0.0,Seated Work,LOW,,
frames,outputs\real_data\frames\frame_cardboard_manipulation_station01_worker041_0426.jpg,,frame_cardboard_manipulation_station01_worker041_0426.jpg,Unknown,LOW,0.0,Seated Work,LOW,,
frames,outputs\real_data\frames\frame_cardboard_manipulation_station01_worker041_0436.jpg,,frame_cardboard_manipulation_station01_worker041_0436.jpg,Unknown,LOW,0.0,Seated Work,LOW,,
frames,outputs\real_data\frames\frame_cardboard_manipulation_station01_worker041_0446.jpg,,frame_cardboard_manipulation_station01_worker041_0446.jpg,Unknown,LOW,0.0,Seated Work,LOW,,
frames,outputs\real_data\frames\frame_cardboard_manipulation_station01_worker041_0456.jpg,,frame_cardboard_manipulation_station01_worker041_0456.jpg,Unknown,LOW,0.0,Seated Work,LOW,,
frames,outputs\real_data\frames\frame_cardboard_manipulation_station01_worker041_0466.jpg,,frame_cardboard_manipulation_station01_worker041_0466.jpg,Unknown,LOW,0.0,Seated Work,LOW,,
frames,outputs\real_data\frames\frame_cardboard_manipulation_station01_worker041_0476.jpg,,frame_cardboard_manipulation_station01_worker041_0476.jpg,Unknown,LOW,0.0,Seated Work,LOW,,
frames,outputs\real_data\frames\frame_cardboard_manipulation_station01_worker041_0486.jpg,,frame_cardboard_manipulation_station01_worker041_0486.jpg,Unknown,LOW,0.0,Seated Work,LOW,,
frames,outputs\real_data\frames\frame_cardboard_manipulation_station01_worker041_0496.jpg,,frame_cardboard_manipulation_station01_worker041_0496.jpg,Unknown,LOW,0.0,Seated Work,LOW,,
frames,outputs\real_data\frames\frame_cardboard_manipulation_station01_worker041_0506.jpg,,frame_cardboard_manipulation_station01_worker041_0506.jpg,Unknown,LOW,0.0,Seated Work,LOW,,
frames,outputs\real_data\frames\frame_cardboard_manipulation_station01_worker041_0516.jpg,,frame_cardboard_manipulation_station01_worker041_0516.jpg,Unknown,LOW,0.0,Seated Work,LOW,,
frames,outputs\real_data\frames\frame_cardboard_manipulation_station01_worker041_0526.jpg,,frame_cardboard_manipulation_station01_worker041_0526.jpg,Unknown,LOW,0.0,Seated Work,LOW,,
frames,outputs\real_data\frames\frame_cardboard_manipulation_station01_worker041_0536.jpg,,frame_cardboard_manipulation_station01_worker041_0536.jpg,Unknown,LOW,0.0,Seated Work,LOW,,
frames,outputs\real_data\frames\frame_cardboard_manipulation_station01_worker041_0546.jpg,,frame_cardboard_manipulation_station01_worker041_0546.jpg,Unknown,LOW,0.0,Seated Work,LOW,,
frames,outputs\real_data\frames\frame_cardboard_manipulation_station01_worker041_0556.jpg,,frame_cardboard_manipulation_station01_worker041_0556.jpg,Unknown,LOW,0.0,Seated Work,LOW,,
frames,outputs\real_data\frames\frame_cardboard_manipulation_station01_worker041_0566.jpg,,frame_cardboard_manipulation_station01_worker041_0566.jpg,Unknown,LOW,0.0,Seated Work,LOW,,
frames,outputs\real_data\frames\frame_cardboard_manipulation_station01_worker041_0576.jpg,,frame_cardboard_manipulation_station01_worker041_0576.jpg,Unknown,LOW,0.0,Seated Work,LOW,,
frames,outputs\real_data\frames\frame_cardboard_manipulation_station01_worker041_0586.jpg,,frame_cardboard_manipulation_station01_worker041_0586.jpg,Unknown,LOW,0.0,Seated Work,LOW,,
frames,outputs\real_data\frames\frame_cardboard_manipulation_station01_worker041_0596.jpg,,frame_cardboard_manipulation_station01_worker041_0596.jpg,Unknown,LOW,0.0,Seated Work,LOW,,
frames,outputs\real_data\frames\frame_cardboard_manipulation_station01_worker041_0606.jpg,,frame_cardboard_manipulation_station01_worker041_0606.jpg,Unknown,LOW,0.0,Seated Work,LOW,,
frames,outputs\real_data\frames\frame_cardboard_manipulation_station01_worker041_0616.jpg,,frame_cardboard_manipulation_station01_worker041_0616.jpg,Unknown,LOW,0.0,Seated Work,LOW,,
frames,outputs\real_data\frames\frame_cardboard_manipulation_station01_worker041_0626.jpg,,frame_cardboard_manipulation_station01_worker041_0626.jpg,Unknown,LOW,0.0,Seated Work,LOW,,
frames,outputs\real_data\frames\frame_cardboard_manipulation_station01_worker041_0636.jpg,,frame_cardboard_manipulation_station01_worker041_0636.jpg,Unknown,LOW,0.0,Seated Work,LOW,,
frames,outputs\real_data\frames\frame_cardboard_manipulation_station01_worker041_0646.jpg,,frame_cardboard_manipulation_station01_worker041_0646.jpg,Unknown,LOW,0.0,Seated Work,LOW,,
frames,outputs\real_data\frames\frame_cardboard_manipulation_station01_worker041_0656.jpg,,frame_cardboard_manipulation_station01_worker041_0656.jpg,Unknown,LOW,0.0,Seated Work,LOW,,
frames,outputs\real_data\frames\frame_cardboard_manipulation_station01_worker041_0666.jpg,,frame_cardboard_manipulation_station01_worker041_0666.jpg,Unknown,LOW,0.0,Seated Work,LOW,,
frames,outputs\real_data\frames\frame_cardboard_manipulation_station01_worker041_0676.jpg,,frame_cardboard_manipulation_station01_worker041_0676.jpg,Unknown,LOW,0.0,Seated Work,LOW,,
frames,outputs\real_data\frames\frame_cardboard_manipulation_station01_worker041_0686.jpg,,frame_cardboard_manipulation_station01_worker041_0686.jpg,Unknown,LOW,0.0,Seated Work,LOW,,
frames,outputs\real_data\frames\frame_cardboard_manipulation_station01_worker041_0696.jpg,,frame_cardboard_manipulation_station01_worker041_0696.jpg,Unknown,LOW,0.0,Seated Work,LOW,,
frames,outputs\real_data\frames\frame_cardboard_manipulation_station01_worker041_0706.jpg,,frame_cardboard_manipulation_station01_worker041_0706.jpg,Unknown,LOW,0.0,Seated Work,LOW,,
frames,outputs\real_data\frames\frame_Ergonomic workplace analysis - Tutorial Video_0010.jpg,,frame_Ergonomic workplace analysis - Tutorial Video_0010.jpg,Unknown,LOW,0.0,Seated Work,LOW,,
frames,outputs\real_data\frames\frame_Ergonomic workplace analysis - Tutorial Video_0020.jpg,,frame_Ergonomic workplace analysis - Tutorial Video_0020.jpg,Unknown,LOW,0.0,Seated Work,LOW,,
frames,outputs\real_data\frames\frame_Ergonomic workplace analysis - Tutorial Video_0030.jpg,,frame_Ergonomic workplace analysis - Tutorial Video_0030.jpg,Unknown,LOW,0.0,,,,
frames,outputs\real_data\frames\frame_Ergonomic workplace analysis - Tutorial Video_0040.jpg,,frame_Ergonomic workplace analysis - Tutorial Video_0040.jpg,Unknown,LOW,0.0,,,,
frames,outputs\real_data\frames\frame_Ergonomic workplace analysis - Tutorial Video_0050.jpg,,frame_Ergonomic workplace analysis - Tutorial Video_0050.jpg,Unknown,LOW,0.0,,,,
frames,outputs\real_data\frames\frame_Ergonomic workplace analysis - Tutorial Video_0060.jpg,,frame_Ergonomic workplace analysis - Tutorial Video_0060.jpg,Unknown,LOW,0.0,,,,
frames,outputs\real_data\frames\frame_Ergonomic workplace analysis - Tutorial Video_0070.jpg,,frame_Ergonomic workplace analysis - Tutorial Video_0070.jpg,Unknown,LOW,0.0,,,,
frames,outputs\real_data\frames\frame_Ergonomic workplace analysis - Tutorial Video_0080.jpg,,frame_Ergonomic workplace analysis - Tutorial Video_0080.jpg,Unknown,LOW,0.0,,,,
frames,outputs\real_data\frames\frame_Ergonomic workplace analysis - Tutorial Video_0090.jpg,,frame_Ergonomic workplace analysis - Tutorial Video_0090.jpg,Unknown,LOW,0.0,,,,
frames,outputs\real_data\frames\frame_Five Steps For Ergonomic Workstation Design_0010.jpg,,frame_Five Steps For Ergonomic Workstation Design_0010.jpg,Unknown,LOW,0.0,,,,
frames,outputs\real_data\frames\frame_Five Steps For Ergonomic Workstation Design_0020.jpg,,frame_Five Steps For Ergonomic Workstation Design_0020.jpg,Unknown,LOW,0.0,,,,
frames,outputs\real_data\frames\frame_Five Steps For Ergonomic Workstation Design_0030.jpg,,frame_Five Steps For Ergonomic Workstation Design_0030.jpg,Unknown,LOW,0.0,,,,
frames,outputs\real_data\frames\frame_Five Steps For Ergonomic Workstation Design_0040.jpg,,frame_Five Steps For Ergonomic Workstation Design_0040.jpg,Unknown,LOW,0.0,,,,
frames,outputs\real_data\frames\frame_Five Steps For Ergonomic Workstation Design_0050.jpg,,frame_Five Steps For Ergonomic Workstation Design_0050.jpg,Unknown,LOW,0.0,,,,
frames,outputs\real_data\frames\frame_Five Steps For Ergonomic Workstation Design_0060.jpg,,frame_Five Steps For Ergonomic Workstation Design_0060.jpg,Unknown,LOW,0.0,,,,
frames,outputs\real_data\frames\frame_Five Steps For Ergonomic Workstation Design_0070.jpg,,frame_Five Steps For Ergonomic Workstation Design_0070.jpg,Unknown,LOW,0.0,,,,
frames,outputs\real_data\frames\frame_Five Steps For Ergonomic Workstation Design_0080.jpg,,frame_Five Steps For Ergonomic Workstation Design_0080.jpg,Unknown,LOW,0.0,,,,
frames,outputs\real_data\frames\frame_Five Steps For Ergonomic Workstation Design_0090.jpg,,frame_Five Steps For Ergonomic Workstation Design_0090.jpg,Unknown,LOW,0.0,,,,
frames,outputs\real_data\frames\frame_Manual Handling Training Video - Unitas3d_0004.jpg,,frame_Manual Handling Training Video - Unitas3d_0004.jpg,Unknown,LOW,0.0,,,,
frames,outputs\real_data\frames\frame_screw_assembly_station01_worker015_0007.jpg,,frame_screw_assembly_station01_worker015_0007.jpg,Unknown,LOW,0.0,,,,
frames,outputs\real_data\frames\frame_screw_assembly_station01_worker015_0017.jpg,,frame_screw_assembly_station01_worker015_0017.jpg,Unknown,LOW,0.0,,,,
frames,outputs\real_data\frames\frame_screw_assembly_station01_worker015_0027.jpg,,frame_screw_assembly_station01_worker015_0027.jpg,Unknown,LOW,0.0,,,,
frames,outputs\real_data\frames\frame_screw_assembly_station01_worker015_0037.jpg,,frame_screw_assembly_station01_worker015_0037.jpg,Unknown,LOW,0.0,,,,
frames,outputs\real_data\frames\frame_screw_assembly_station01_worker015_0047.jpg,,frame_screw_assembly_station01_worker015_0047.jpg,Unknown,LOW,0.0,,,,
frames,outputs\real_data\frames\frame_screw_assembly_station01_worker015_0057.jpg,,frame_screw_assembly_station01_worker015_0057.jpg,Unknown,LOW,0.0,,,,
frames,outputs\real_data\frames\frame_screw_assembly_station01_worker015_0067.jpg,,frame_screw_assembly_station01_worker015_0067.jpg,Unknown,LOW,0.0,,,,
frames,outputs\real_data\frames\frame_screw_assembly_station01_worker015_0077.jpg,,frame_screw_assembly_station01_worker015_0077.jpg,Unknown,LOW,0.0,,,,
frames,outputs\real_data\frames\frame_screw_assembly_station01_worker015_0087.jpg,,frame_screw_assembly_station01_worker015_0087.jpg,Unknown,LOW,0.0,,,,
frames,outputs\real_data\frames\frame_screw_assembly_station01_worker015_0097.jpg,,frame_screw_assembly_station01_worker015_0097.jpg,Unknown,LOW,0.0,,,,
frames,outputs\real_data\frames\frame_screw_assembly_station01_worker015_0107.jpg,,frame_screw_assembly_station01_worker015_0107.jpg,Unknown,LOW,0.0,,,,
frames,outputs\real_data\frames\frame_screw_assembly_station01_worker015_0117.jpg,,frame_screw_assembly_station01_worker015_0117.jpg,Unknown,LOW,0.0,,,,
frames,outputs\real_data\frames\frame_screw_assembly_station01_worker015_0127.jpg,,frame_screw_assembly_station01_worker015_0127.jpg,Unknown,LOW,0.0,,,,
frames,outputs\real_data\frames\frame_screw_assembly_station01_worker015_0137.jpg,,frame_screw_assembly_station01_worker015_0137.jpg,Unknown,LOW,0.0,,,,
frames,outputs\real_data\frames\frame_screw_assembly_station01_worker015_0147.jpg,,frame_screw_assembly_station01_worker015_0147.jpg,Unknown,LOW,0.0,,,,
frames,outputs\real_data\frames\frame_screw_assembly_station01_worker015_0157.jpg,,frame_screw_assembly_station01_worker015_0157.jpg,Unknown,LOW,0.0,,,,
frames,outputs\real_data\frames\frame_screw_assembly_station01_worker015_0167.jpg,,frame_screw_assembly_station01_worker015_0167.jpg,Unknown,LOW,0.0,,,,
frames,outputs\real_data\frames\frame_screw_assembly_station01_worker015_0177.jpg,,frame_screw_assembly_station01_worker015_0177.jpg,Unknown,LOW,0.0,,,,
frames,outputs\real_data\frames\frame_screw_assembly_station01_worker015_0187.jpg,,frame_screw_assembly_station01_worker015_0187.jpg,Unknown,LOW,0.0,,,,
frames,outputs\real_data\frames\frame_screw_assembly_station01_worker015_0197.jpg,,frame_screw_assembly_station01_worker015_0197.jpg,Unknown,LOW,0.0,,,,
frames,outputs\real_data\frames\frame_screw_assembly_station01_worker015_0207.jpg,,frame_screw_assembly_station01_worker015_0207.jpg,Unknown,LOW,0.0,,,,
frames,outputs\real_data\frames\frame_screw_assembly_station01_worker015_0217.jpg,,frame_screw_assembly_station01_worker015_0217.jpg,Unknown,LOW,0.0,,,,
frames,outputs\real_data\frames\frame_screw_assembly_station01_worker015_0227.jpg,,frame_screw_assembly_station01_worker015_0227.jpg,Unknown,LOW,0.0,,,,
frames,outputs\real_data\frames\frame_screw_assembly_station01_worker015_0237.jpg,,frame_screw_assembly_station01_worker015_0237.jpg,Unknown,LOW,0.0,,,,
frames,outputs\real_data\frames\frame_screw_assembly_station01_worker015_0247.jpg,,frame_screw_assembly_station01_worker015_0247.jpg,Unknown,LOW,0.0,,,,
frames,outputs\real_data\frames\frame_screw_assembly_station01_worker015_0257.jpg,,frame_screw_assembly_station01_worker015_0257.jpg,Unknown,LOW,0.0,,,,
frames,outputs\real_data\frames\frame_screw_assembly_station01_worker015_0267.jpg,,frame_screw_assembly_station01_worker015_0267.jpg,Unknown,LOW,0.0,,,,
frames,outputs\real_data\frames\frame_screw_assembly_station01_worker015_0277.jpg,,frame_screw_assembly_station01_worker015_0277.jpg,Unknown,LOW,0.0,,,,
frames,outputs\real_data\frames\frame_screw_assembly_station01_worker015_0287.jpg,,frame_screw_assembly_station01_worker015_0287.jpg,Unknown,LOW,0.0,,,,
frames,outputs\real_data\frames\frame_screw_assembly_station01_worker015_0297.jpg,,frame_screw_assembly_station01_worker015_0297.jpg,Unknown,LOW,0.0,,,,
frames,outputs\real_data\frames\frame_screw_assembly_station01_worker015_0307.jpg,,frame_screw_assembly_station01_worker015_0307.jpg,Unknown,LOW,0.0,,,,
frames,outputs\real_data\frames\frame_screw_assembly_station01_worker015_0317.jpg,,frame_screw_assembly_station01_worker015_0317.jpg,Unknown,LOW,0.0,,,,
frames,outputs\real_data\frames\frame_screw_assembly_station01_worker015_0327.jpg,,frame_screw_assembly_station01_worker015_0327.jpg,Unknown,LOW,0.0,,,,
frames,outputs\real_data\frames\frame_screw_assembly_station01_worker015_0337.jpg,,frame_screw_assembly_station01_worker015_0337.jpg,Unknown,LOW,0.0,,,,
frames,outputs\real_data\frames\frame_screw_assembly_station01_worker015_0347.jpg,,frame_screw_assembly_station01_worker015_0347.jpg,Unknown,LOW,0.0,,,,
frames,outputs\real_data\frames\frame_screw_assembly_station01_worker015_0357.jpg,,frame_screw_assembly_station01_worker015_0357.jpg,Unknown,LOW,0.0,,,,
frames,outputs\real_data\frames\frame_screw_assembly_station01_worker015_0367.jpg,,frame_screw_assembly_station01_worker015_0367.jpg,Unknown,LOW,0.0,,,,
frames,outputs\real_data\frames\frame_screw_assembly_station01_worker015_0377.jpg,,frame_screw_assembly_station01_worker015_0377.jpg,Unknown,LOW,0.0,,,,
frames,outputs\real_data\frames\frame_screw_assembly_station01_worker015_0387.jpg,,frame_screw_assembly_station01_worker015_0387.jpg,Unknown,LOW,0.0,,,,
frames,outputs\real_data\frames\frame_screw_assembly_station01_worker015_0397.jpg,,frame_screw_assembly_station01_worker015_0397.jpg,Unknown,LOW,0.0,,,,
frames,outputs\real_data\frames\frame_screw_assembly_station01_worker015_0407.jpg,,frame_screw_assembly_station01_worker015_0407.jpg,Unknown,LOW,0.0,,,,
frames,outputs\real_data\frames\frame_screw_assembly_station01_worker015_0417.jpg,,frame_screw_assembly_station01_worker015_0417.jpg,Unknown,LOW,0.0,,,,
frames,outputs\real_data\frames\frame_screw_assembly_station01_worker015_0427.jpg,,frame_screw_assembly_station01_worker015_0427.jpg,Unknown,LOW,0.0,,,,
frames,outputs\real_data\frames\frame_screw_assembly_station01_worker015_0437.jpg,,frame_screw_assembly_station01_worker015_0437.jpg,Unknown,LOW,0.0,,,,
frames,outputs\real_data\frames\frame_screw_assembly_station01_worker015_0447.jpg,,frame_screw_assembly_station01_worker015_0447.jpg,Unknown,LOW,0.0,,,,
frames,outputs\real_data\frames\frame_screw_assembly_station01_worker015_0457.jpg,,frame_screw_assembly_station01_worker015_0457.jpg,Unknown,LOW,0.0,,,,
frames,outputs\real_data\frames\frame_screw_assembly_station01_worker015_0467.jpg,,frame_screw_assembly_station01_worker015_0467.jpg,Unknown,LOW,0.0,,,,
frames,outputs\real_data\frames\frame_screw_assembly_station01_worker015_0477.jpg,,frame_screw_assembly_station01_worker015_0477.jpg,Unknown,LOW,0.0,,,,
frames_diverse,outputs\real_data\frames_diverse\frame_cardboard_manipulation_station01_worker041_0001.jpg,,frame_cardboard_manipulation_station01_worker041_0001.jpg,Unknown,LOW,0.0,,,,
frames_diverse,outputs\real_data\frames_diverse\frame_cardboard_manipulation_station01_worker041_0002.jpg,,frame_cardboard_manipulation_station01_worker041_0002.jpg,Unknown,LOW,0.0,,,,
frames_diverse,outputs\real_data\frames_diverse\frame_cardboard_manipulation_station01_worker041_0003.jpg,,frame_cardboard_manipulation_station01_worker041_0003.jpg,Unknown,LOW,0.0,,,,
frames_diverse,outputs\real_data\frames_diverse\frame_cardboard_manipulation_station01_worker041_0004.jpg,,frame_cardboard_manipulation_station01_worker041_0004.jpg,Unknown,LOW,0.0,,,,
frames_diverse,outputs\real_data\frames_diverse\frame_cardboard_manipulation_station01_worker041_0005.jpg,,frame_cardboard_manipulation_station01_worker041_0005.jpg,Unknown,LOW,0.0,,,,
frames_diverse,outputs\real_data\frames_diverse\frame_cardboard_manipulation_station01_worker041_0007.jpg,,frame_cardboard_manipulation_station01_worker041_0007.jpg,Unknown,LOW,0.0,,,,
frames_diverse,outputs\real_data\frames_diverse\frame_cardboard_manipulation_station01_worker041_0008.jpg,,frame_cardboard_manipulation_station01_worker041_0008.jpg,Unknown,LOW,0.0,,,,
frames_diverse,outputs\real_data\frames_diverse\frame_cardboard_manipulation_station01_worker041_0009.jpg,,frame_cardboard_manipulation_station01_worker041_0009.jpg,Unknown,LOW,0.0,,,,
frames_diverse,outputs\real_data\frames_diverse\frame_cardboard_manipulation_station01_worker041_0010.jpg,,frame_cardboard_manipulation_station01_worker041_0010.jpg,Unknown,LOW,0.0,,,,
frames_diverse,outputs\real_data\frames_diverse\frame_cardboard_manipulation_station01_worker041_0011.jpg,,frame_cardboard_manipulation_station01_worker041_0011.jpg,Unknown,LOW,0.0,,,,
frames_diverse,outputs\real_data\frames_diverse\frame_cardboard_manipulation_station01_worker041_0012.jpg,,frame_cardboard_manipulation_station01_worker041_0012.jpg,Unknown,LOW,0.0,,,,
frames_diverse,outputs\real_data\frames_diverse\frame_cardboard_manipulation_station01_worker041_0013.jpg,,frame_cardboard_manipulation_station01_worker041_0013.jpg,Unknown,LOW,0.0,,,,
frames_diverse,outputs\real_data\frames_diverse\frame_cardboard_manipulation_station01_worker041_0014.jpg,,frame_cardboard_manipulation_station01_worker041_0014.jpg,Unknown,LOW,0.0,,,,
frames_diverse,outputs\real_data\frames_diverse\frame_cardboard_manipulation_station01_worker041_0015.jpg,,frame_cardboard_manipulation_station01_worker041_0015.jpg,Unknown,LOW,0.0,,,,
frames_diverse,outputs\real_data\frames_diverse\frame_cardboard_manipulation_station01_worker041_0017.jpg,,frame_cardboard_manipulation_station01_worker041_0017.jpg,Unknown,LOW,0.0,,,,
frames_diverse,outputs\real_data\frames_diverse\frame_cardboard_manipulation_station01_worker041_0018.jpg,,frame_cardboard_manipulation_station01_worker041_0018.jpg,Unknown,LOW,0.0,,,,
frames_diverse,outputs\real_data\frames_diverse\frame_cardboard_manipulation_station01_worker041_0019.jpg,,frame_cardboard_manipulation_station01_worker041_0019.jpg,Unknown,LOW,0.0,,,,
frames_diverse,outputs\real_data\frames_diverse\frame_cardboard_manipulation_station01_worker041_0020.jpg,,frame_cardboard_manipulation_station01_worker041_0020.jpg,Unknown,LOW,0.0,,,,
frames_diverse,outputs\real_data\frames_diverse\frame_cardboard_manipulation_station01_worker041_0021.jpg,,frame_cardboard_manipulation_station01_worker041_0021.jpg,Unknown,LOW,0.0,,,,
frames_diverse,outputs\real_data\frames_diverse\frame_cardboard_manipulation_station01_worker041_0022.jpg,,frame_cardboard_manipulation_station01_worker041_0022.jpg,Unknown,LOW,0.0,,,,
frames_diverse,outputs\real_data\frames_diverse\frame_cardboard_manipulation_station01_worker041_0023.jpg,,frame_cardboard_manipulation_station01_worker041_0023.jpg,Unknown,LOW,0.0,,,,
frames_diverse,outputs\real_data\frames_diverse\frame_cardboard_manipulation_station01_worker041_0024.jpg,,frame_cardboard_manipulation_station01_worker041_0024.jpg,Unknown,LOW,0.0,,,,
frames_diverse,outputs\real_data\frames_diverse\frame_cardboard_manipulation_station01_worker041_0025.jpg,,frame_cardboard_manipulation_station01_worker041_0025.jpg,Unknown,LOW,0.0,,,,
frames_diverse,outputs\real_data\frames_diverse\frame_cardboard_manipulation_station01_worker041_0027.jpg,,frame_cardboard_manipulation_station01_worker041_0027.jpg,Unknown,LOW,0.0,,,,
frames_diverse,outputs\real_data\frames_diverse\frame_cardboard_manipulation_station01_worker041_0028.jpg,,frame_cardboard_manipulation_station01_worker041_0028.jpg,Unknown,LOW,0.0,,,,
frames_diverse,outputs\real_data\frames_diverse\frame_cardboard_manipulation_station01_worker041_0029.jpg,,frame_cardboard_manipulation_station01_worker041_0029.jpg,Unknown,LOW,0.0,,,,
frames_diverse,outputs\real_data\frames_diverse\frame_cardboard_manipulation_station01_worker041_0030.jpg,,frame_cardboard_manipulation_station01_worker041_0030.jpg,Unknown,LOW,0.0,,,,
frames_diverse,outputs\real_data\frames_diverse\frame_cardboard_manipulation_station01_worker041_0031.jpg,,frame_cardboard_manipulation_station01_worker041_0031.jpg,Unknown,LOW,0.0,,,,
frames_diverse,outputs\real_data\frames_diverse\frame_cardboard_manipulation_station01_worker041_0032.jpg,,frame_cardboard_manipulation_station01_worker041_0032.jpg,Unknown,LOW,0.0,,,,
frames_diverse,outputs\real_data\frames_diverse\frame_cardboard_manipulation_station01_worker041_0033.jpg,,frame_cardboard_manipulation_station01_worker041_0033.jpg,Unknown,LOW,0.0,,,,
frames_diverse,outputs\real_data\frames_diverse\frame_cardboard_manipulation_station01_worker041_0034.jpg,,frame_cardboard_manipulation_station01_worker041_0034.jpg,Unknown,LOW,0.0,,,,
frames_diverse,outputs\real_data\frames_diverse\frame_cardboard_manipulation_station01_worker041_0035.jpg,,frame_cardboard_manipulation_station01_worker041_0035.jpg,Unknown,LOW,0.0,,,,
frames_diverse,outputs\real_data\frames_diverse\frame_cardboard_manipulation_station01_worker041_0037.jpg,,frame_cardboard_manipulation_station01_worker041_0037.jpg,Unknown,LOW,0.0,,,,
frames_diverse,outputs\real_data\frames_diverse\frame_cardboard_manipulation_station01_worker041_0038.jpg,,frame_cardboard_manipulation_station01_worker041_0038.jpg,Unknown,LOW,0.0,,,,
frames_diverse,outputs\real_data\frames_diverse\frame_cardboard_manipulation_station01_worker041_0039.jpg,,frame_cardboard_manipulation_station01_worker041_0039.jpg,Unknown,LOW,0.0,,,,
frames_diverse,outputs\real_data\frames_diverse\frame_cardboard_manipulation_station01_worker041_0040.jpg,,frame_cardboard_manipulation_station01_worker041_0040.jpg,Unknown,LOW,0.0,,,,
frames_diverse,outputs\real_data\frames_diverse\frame_cardboard_manipulation_station01_worker041_0041.jpg,,frame_cardboard_manipulation_station01_worker041_0041.jpg,Unknown,LOW,0.0,,,,
frames_diverse,outputs\real_data\frames_diverse\frame_cardboard_manipulation_station01_worker041_0042.jpg,,frame_cardboard_manipulation_station01_worker041_0042.jpg,Unknown,LOW,0.0,,,,
frames_diverse,outputs\real_data\frames_diverse\frame_cardboard_manipulation_station01_worker041_0043.jpg,,frame_cardboard_manipulation_station01_worker041_0043.jpg,Unknown,LOW,0.0,,,,
frames_diverse,outputs\real_data\frames_diverse\frame_cardboard_manipulation_station01_worker041_0044.jpg,,frame_cardboard_manipulation_station01_worker041_0044.jpg,Unknown,LOW,0.0,,,,
frames_diverse,outputs\real_data\frames_diverse\frame_cardboard_manipulation_station01_worker041_0045.jpg,,frame_cardboard_manipulation_station01_worker041_0045.jpg,Unknown,LOW,0.0,,,,
frames_diverse,outputs\real_data\frames_diverse\frame_cardboard_manipulation_station01_worker041_0047.jpg,,frame_cardboard_manipulation_station01_worker041_0047.jpg,Unknown,LOW,0.0,,,,
frames_diverse,outputs\real_data\frames_diverse\frame_cardboard_manipulation_station01_worker041_0048.jpg,,frame_cardboard_manipulation_station01_worker041_0048.jpg,Unknown,LOW,0.0,,,,
frames_diverse,outputs\real_data\frames_diverse\frame_cardboard_manipulation_station01_worker041_0049.jpg,,frame_cardboard_manipulation_station01_worker041_0049.jpg,Unknown,LOW,0.0,,,,
frames_diverse,outputs\real_data\frames_diverse\frame_cardboard_manipulation_station01_worker041_0050.jpg,,frame_cardboard_manipulation_station01_worker041_0050.jpg,Unknown,LOW,0.0,,,,
frames_diverse,outputs\real_data\frames_diverse\frame_cardboard_manipulation_station01_worker041_0051.jpg,,frame_cardboard_manipulation_station01_worker041_0051.jpg,Unknown,LOW,0.0,,,,
frames_diverse,outputs\real_data\frames_diverse\frame_cardboard_manipulation_station01_worker041_0052.jpg,,frame_cardboard_manipulation_station01_worker041_0052.jpg,Unknown,LOW,0.0,,,,
frames_diverse,outputs\real_data\frames_diverse\frame_cardboard_manipulation_station01_worker041_0053.jpg,,frame_cardboard_manipulation_station01_worker041_0053.jpg,Unknown,LOW,0.0,,,,
frames_diverse,outputs\real_data\frames_diverse\frame_cardboard_manipulation_station01_worker041_0054.jpg,,frame_cardboard_manipulation_station01_worker041_0054.jpg,Unknown,LOW,0.0,,,,
frames_diverse,outputs\real_data\frames_diverse\frame_cardboard_manipulation_station01_worker041_0055.jpg,,frame_cardboard_manipulation_station01_worker041_0055.jpg,Unknown,LOW,0.0,,,,
frames_diverse,outputs\real_data\frames_diverse\frame_cardboard_manipulation_station01_worker041_0057.jpg,,frame_cardboard_manipulation_station01_worker041_0057.jpg,Unknown,LOW,0.0,,,,
frames_diverse,outputs\real_data\frames_diverse\frame_cardboard_manipulation_station01_worker041_0058.jpg,,frame_cardboard_manipulation_station01_worker041_0058.jpg,Unknown,LOW,0.0,,,,
frames_diverse,outputs\real_data\frames_diverse\frame_cardboard_manipulation_station01_worker041_0059.jpg,,frame_cardboard_manipulation_station01_worker041_0059.jpg,Unknown,LOW,0.0,,,,
frames_diverse,outputs\real_data\frames_diverse\frame_cardboard_manipulation_station01_worker041_0060.jpg,,frame_cardboard_manipulation_station01_worker041_0060.jpg,Unknown,LOW,0.0,,,,
frames_diverse,outputs\real_data\frames_diverse\frame_cardboard_manipulation_station01_worker041_0061.jpg,,frame_cardboard_manipulation_station01_worker041_0061.jpg,Unknown,LOW,0.0,,,,
frames_diverse,outputs\real_data\frames_diverse\frame_cardboard_manipulation_station01_worker041_0062.jpg,,frame_cardboard_manipulation_station01_worker041_0062.jpg,Unknown,LOW,0.0,,,,
frames_diverse,outputs\real_data\frames_diverse\frame_cardboard_manipulation_station01_worker041_0063.jpg,,frame_cardboard_manipulation_station01_worker041_0063.jpg,Unknown,LOW,0.0,,,,
frames_diverse,outputs\real_data\frames_diverse\frame_cardboard_manipulation_station01_worker041_0064.jpg,,frame_cardboard_manipulation_station01_worker041_0064.jpg,Unknown,LOW,0.0,,,,
frames_diverse,outputs\real_data\frames_diverse\frame_cardboard_manipulation_station01_worker041_0065.jpg,,frame_cardboard_manipulation_station01_worker041_0065.jpg,Unknown,LOW,0.0,,,,
frames_diverse,outputs\real_data\frames_diverse\frame_cardboard_manipulation_station01_worker041_0067.jpg,,frame_cardboard_manipulation_station01_worker041_0067.jpg,Unknown,LOW,0.0,,,,
frames_diverse,outputs\real_data\frames_diverse\frame_cardboard_manipulation_station01_worker041_0068.jpg,,frame_cardboard_manipulation_station01_worker041_0068.jpg,Unknown,LOW,0.0,,,,
frames_diverse,outputs\real_data\frames_diverse\frame_cardboard_manipulation_station01_worker041_0069.jpg,,frame_cardboard_manipulation_station01_worker041_0069.jpg,Unknown,LOW,0.0,,,,
frames_diverse,outputs\real_data\frames_diverse\frame_cardboard_manipulation_station01_worker041_0070.jpg,,frame_cardboard_manipulation_station01_worker041_0070.jpg,Unknown,LOW,0.0,,,,
frames_diverse,outputs\real_data\frames_diverse\frame_cardboard_manipulation_station01_worker041_0071.jpg,,frame_cardboard_manipulation_station01_worker041_0071.jpg,Unknown,LOW,0.0,,,,
frames_diverse,outputs\real_data\frames_diverse\frame_cardboard_manipulation_station01_worker041_0072.jpg,,frame_cardboard_manipulation_station01_worker041_0072.jpg,Unknown,LOW,0.0,,,,
frames_diverse,outputs\real_data\frames_diverse\frame_cardboard_manipulation_station01_worker041_0073.jpg,,frame_cardboard_manipulation_station01_worker041_0073.jpg,Unknown,LOW,0.0,,,,
frames_diverse,outputs\real_data\frames_diverse\frame_cardboard_manipulation_station01_worker041_0074.jpg,,frame_cardboard_manipulation_station01_worker041_0074.jpg,Unknown,LOW,0.0,,,,
frames_diverse,outputs\real_data\frames_diverse\frame_cardboard_manipulation_station01_worker041_0075.jpg,,frame_cardboard_manipulation_station01_worker041_0075.jpg,Unknown,LOW,0.0,,,,
frames_diverse,outputs\real_data\frames_diverse\frame_cardboard_manipulation_station01_worker041_0077.jpg,,frame_cardboard_manipulation_station01_worker041_0077.jpg,Unknown,LOW,0.0,,,,
frames_diverse,outputs\real_data\frames_diverse\frame_cardboard_manipulation_station01_worker041_0078.jpg,,frame_cardboard_manipulation_station01_worker041_0078.jpg,Unknown,LOW,0.0,,,,
frames_diverse,outputs\real_data\frames_diverse\frame_cardboard_manipulation_station01_worker041_0079.jpg,,frame_cardboard_manipulation_station01_worker041_0079.jpg,Unknown,LOW,0.0,,,,
frames_diverse,outputs\real_data\frames_diverse\frame_cardboard_manipulation_station01_worker041_0080.jpg,,frame_cardboard_manipulation_station01_worker041_0080.jpg,Unknown,LOW,0.0,,,,
frames_diverse,outputs\real_data\frames_diverse\frame_cardboard_manipulation_station01_worker041_0081.jpg,,frame_cardboard_manipulation_station01_worker041_0081.jpg,Unknown,LOW,0.0,,,,
frames_diverse,outputs\real_data\frames_diverse\frame_cardboard_manipulation_station01_worker041_0082.jpg,,frame_cardboard_manipulation_station01_worker041_0082.jpg,Unknown,LOW,0.0,,,,
frames_diverse,outputs\real_data\frames_diverse\frame_cardboard_manipulation_station01_worker041_0083.jpg,,frame_cardboard_manipulation_station01_worker041_0083.jpg,Unknown,LOW,0.0,,,,
frames_diverse,outputs\real_data\frames_diverse\frame_cardboard_manipulation_station01_worker041_0084.jpg,,frame_cardboard_manipulation_station01_worker041_0084.jpg,Unknown,LOW,0.0,,,,
frames_diverse,outputs\real_data\frames_diverse\frame_cardboard_manipulation_station01_worker041_0085.jpg,,frame_cardboard_manipulation_station01_worker041_0085.jpg,Unknown,LOW,0.0,,,,
frames_diverse,outputs\real_data\frames_diverse\frame_cardboard_manipulation_station01_worker041_0087.jpg,,frame_cardboard_manipulation_station01_worker041_0087.jpg,Unknown,LOW,0.0,,,,
frames_diverse,outputs\real_data\frames_diverse\frame_cardboard_manipulation_station01_worker041_0088.jpg,,frame_cardboard_manipulation_station01_worker041_0088.jpg,Unknown,LOW,0.0,,,,
frames_diverse,outputs\real_data\frames_diverse\frame_cardboard_manipulation_station01_worker041_0089.jpg,,frame_cardboard_manipulation_station01_worker041_0089.jpg,Unknown,LOW,0.0,,,,
frames_diverse,outputs\real_data\frames_diverse\frame_cardboard_manipulation_station01_worker041_0090.jpg,,frame_cardboard_manipulation_station01_worker041_0090.jpg,Unknown,LOW,0.0,,,,
frames_diverse,outputs\real_data\frames_diverse\frame_cardboard_manipulation_station01_worker041_0091.jpg,,frame_cardboard_manipulation_station01_worker041_0091.jpg,Unknown,LOW,0.0,,,,
frames_diverse,outputs\real_data\frames_diverse\frame_cardboard_manipulation_station01_worker041_0092.jpg,,frame_cardboard_manipulation_station01_worker041_0092.jpg,Unknown,LOW,0.0,,,,
frames_diverse,outputs\real_data\frames_diverse\frame_cardboard_manipulation_station01_worker041_0093.jpg,,frame_cardboard_manipulation_station01_worker041_0093.jpg,Unknown,LOW,0.0,,,,
frames_diverse,outputs\real_data\frames_diverse\frame_cardboard_manipulation_station01_worker041_0094.jpg,,frame_cardboard_manipulation_station01_worker041_0094.jpg,Unknown,LOW,0.0,,,,
frames_diverse,outputs\real_data\frames_diverse\frame_cardboard_manipulation_station01_worker041_0095.jpg,,frame_cardboard_manipulation_station01_worker041_0095.jpg,Unknown,LOW,0.0,,,,
frames_diverse,outputs\real_data\frames_diverse\frame_cardboard_manipulation_station01_worker041_0097.jpg,,frame_cardboard_manipulation_station01_worker041_0097.jpg,Unknown,LOW,0.0,,,,
frames_diverse,outputs\real_data\frames_diverse\frame_cardboard_manipulation_station01_worker041_0098.jpg,,frame_cardboard_manipulation_station01_worker041_0098.jpg,Unknown,LOW,0.0,,,,
frames_diverse,outputs\real_data\frames_diverse\frame_cardboard_manipulation_station01_worker041_0099.jpg,,frame_cardboard_manipulation_station01_worker041_0099.jpg,Unknown,LOW,0.0,,,,
frames_diverse,outputs\real_data\frames_diverse\frame_cardboard_manipulation_station01_worker041_0100.jpg,,frame_cardboard_manipulation_station01_worker041_0100.jpg,Unknown,LOW,0.0,,,,
frames_diverse,outputs\real_data\frames_diverse\frame_cardboard_manipulation_station01_worker041_0101.jpg,,frame_cardboard_manipulation_station01_worker041_0101.jpg,Unknown,LOW,0.0,,,,
frames_diverse,outputs\real_data\frames_diverse\frame_cardboard_manipulation_station01_worker041_0102.jpg,,frame_cardboard_manipulation_station01_worker041_0102.jpg,Unknown,LOW,0.0,,,,
frames_diverse,outputs\real_data\frames_diverse\frame_cardboard_manipulation_station01_worker041_0103.jpg,,frame_cardboard_manipulation_station01_worker041_0103.jpg,Unknown,LOW,0.0,,,,
frames_diverse,outputs\real_data\frames_diverse\frame_cardboard_manipulation_station01_worker041_0104.jpg,,frame_cardboard_manipulation_station01_worker041_0104.jpg,Unknown,LOW,0.0,,,,
frames_diverse,outputs\real_data\frames_diverse\frame_cardboard_manipulation_station01_worker041_0105.jpg,,frame_cardboard_manipulation_station01_worker041_0105.jpg,Unknown,LOW,0.0,,,,
frames_diverse,outputs\real_data\frames_diverse\frame_cardboard_manipulation_station01_worker041_0107.jpg,,frame_cardboard_manipulation_station01_worker041_0107.jpg,Unknown,LOW,0.0,,,,
frames_diverse,outputs\real_data\frames_diverse\frame_cardboard_manipulation_station01_worker041_0108.jpg,,frame_cardboard_manipulation_station01_worker041_0108.jpg,Unknown,LOW,0.0,,,,
frames_diverse,outputs\real_data\frames_diverse\frame_cardboard_manipulation_station01_worker041_0109.jpg,,frame_cardboard_manipulation_station01_worker041_0109.jpg,Unknown,LOW,0.0,,,,
frames_diverse,outputs\real_data\frames_diverse\frame_cardboard_manipulation_station01_worker041_0110.jpg,,frame_cardboard_manipulation_station01_worker041_0110.jpg,Unknown,LOW,0.0,,,,
frames_diverse,outputs\real_data\frames_diverse\frame_cardboard_manipulation_station01_worker041_0111.jpg,,frame_cardboard_manipulation_station01_worker041_0111.jpg,Unknown,LOW,0.0,,,,
frames_diverse,outputs\real_data\frames_diverse\frame_cardboard_manipulation_station01_worker041_0112.jpg,,frame_cardboard_manipulation_station01_worker041_0112.jpg,Unknown,LOW,0.0,,,,
frames_diverse,outputs\real_data\frames_diverse\frame_cardboard_manipulation_station01_worker041_0113.jpg,,frame_cardboard_manipulation_station01_worker041_0113.jpg,Unknown,LOW,0.0,,,,
frames_diverse,outputs\real_data\frames_diverse\frame_cardboard_manipulation_station01_worker041_0114.jpg,,frame_cardboard_manipulation_station01_worker041_0114.jpg,Unknown,LOW,0.0,,,,
frames_diverse,outputs\real_data\frames_diverse\frame_cardboard_manipulation_station01_worker041_0115.jpg,,frame_cardboard_manipulation_station01_worker041_0115.jpg,Unknown,LOW,0.0,,,,
frames_diverse,outputs\real_data\frames_diverse\frame_cardboard_manipulation_station01_worker041_0117.jpg,,frame_cardboard_manipulation_station01_worker041_0117.jpg,Unknown,LOW,0.0,,,,
frames_diverse,outputs\real_data\frames_diverse\frame_cardboard_manipulation_station01_worker041_0118.jpg,,frame_cardboard_manipulation_station01_worker041_0118.jpg,Unknown,LOW,0.0,,,,
frames_diverse,outputs\real_data\frames_diverse\frame_cardboard_manipulation_station01_worker041_0119.jpg,,frame_cardboard_manipulation_station01_worker041_0119.jpg,Unknown,LOW,0.0,,,,
frames_diverse,outputs\real_data\frames_diverse\frame_cardboard_manipulation_station01_worker041_0120.jpg,,frame_cardboard_manipulation_station01_worker041_0120.jpg,Unknown,LOW,0.0,,,,
frames_diverse,outputs\real_data\frames_diverse\frame_cardboard_manipulation_station01_worker041_0121.jpg,,frame_cardboard_manipulation_station01_worker041_0121.jpg,Unknown,LOW,0.0,,,,
frames_diverse,outputs\real_data\frames_diverse\frame_cardboard_manipulation_station01_worker041_0122.jpg,,frame_cardboard_manipulation_station01_worker041_0122.jpg,Unknown,LOW,0.0,,,,
frames_diverse,outputs\real_data\frames_diverse\frame_cardboard_manipulation_station01_worker041_0123.jpg,,frame_cardboard_manipulation_station01_worker041_0123.jpg,Unknown,LOW,0.0,,,,
frames_diverse,outputs\real_data\frames_diverse\frame_cardboard_manipulation_station01_worker041_0124.jpg,,frame_cardboard_manipulation_station01_worker041_0124.jpg,Unknown,LOW,0.0,,,,
frames_diverse,outputs\real_data\frames_diverse\frame_cardboard_manipulation_station01_worker041_0125.jpg,,frame_cardboard_manipulation_station01_worker041_0125.jpg,Unknown,LOW,0.0,,,,
frames_diverse,outputs\real_data\frames_diverse\frame_cardboard_manipulation_station01_worker041_0127.jpg,,frame_cardboard_manipulation_station01_worker041_0127.jpg,Unknown,LOW,0.0,,,,
frames_diverse,outputs\real_data\frames_diverse\frame_cardboard_manipulation_station01_worker041_0128.jpg,,frame_cardboard_manipulation_station01_worker041_0128.jpg,Unknown,LOW,0.0,,,,
frames_diverse,outputs\real_data\frames_diverse\frame_cardboard_manipulation_station01_worker041_0129.jpg,,frame_cardboard_manipulation_station01_worker041_0129.jpg,Unknown,LOW,0.0,,,,
frames_diverse,outputs\real_data\frames_diverse\frame_cardboard_manipulation_station01_worker041_0130.jpg,,frame_cardboard_manipulation_station01_worker041_0130.jpg,Unknown,LOW,0.0,,,,
frames_diverse,outputs\real_data\frames_diverse\frame_cardboard_manipulation_station01_worker041_0131.jpg,,frame_cardboard_manipulation_station01_worker041_0131.jpg,Unknown,LOW,0.0,,,,
frames_diverse,outputs\real_data\frames_diverse\frame_cardboard_manipulation_station01_worker041_0132.jpg,,frame_cardboard_manipulation_station01_worker041_0132.jpg,Unknown,LOW,0.0,,,,
frames_diverse,outputs\real_data\frames_diverse\frame_cardboard_manipulation_station01_worker041_0133.jpg,,frame_cardboard_manipulation_station01_worker041_0133.jpg,Unknown,LOW,0.0,,,,
frames_diverse,outputs\real_data\frames_diverse\frame_cardboard_manipulation_station01_worker041_0134.jpg,,frame_cardboard_manipulation_station01_worker041_0134.jpg,Unknown,LOW,0.0,,,,
frames_diverse,outputs\real_data\frames_diverse\frame_cardboard_manipulation_station01_worker041_0135.jpg,,frame_cardboard_manipulation_station01_worker041_0135.jpg,Unknown,LOW,0.0,,,,
frames_diverse,outputs\real_data\frames_diverse\frame_cardboard_manipulation_station01_worker041_0137.jpg,,frame_cardboard_manipulation_station01_worker041_0137.jpg,Unknown,LOW,0.0,,,,
frames_diverse,outputs\real_data\frames_diverse\frame_cardboard_manipulation_station01_worker041_0138.jpg,,frame_cardboard_manipulation_station01_worker041_0138.jpg,Unknown,LOW,0.0,,,,
frames_diverse,outputs\real_data\frames_diverse\frame_cardboard_manipulation_station01_worker041_0139.jpg,,frame_cardboard_manipulation_station01_worker041_0139.jpg,Unknown,LOW,0.0,,,,
frames_diverse,outputs\real_data\frames_diverse\frame_cardboard_manipulation_station01_worker041_0140.jpg,,frame_cardboard_manipulation_station01_worker041_0140.jpg,Unknown,LOW,0.0,,,,
frames_diverse,outputs\real_data\frames_diverse\frame_cardboard_manipulation_station01_worker041_0141.jpg,,frame_cardboard_manipulation_station01_worker041_0141.jpg,Unknown,LOW,0.0,,,,
frames_diverse,outputs\real_data\frames_diverse\frame_cardboard_manipulation_station01_worker041_0142.jpg,,frame_cardboard_manipulation_station01_worker041_0142.jpg,Unknown,LOW,0.0,,,,
frames_diverse,outputs\real_data\frames_diverse\frame_cardboard_manipulation_station01_worker041_0143.jpg,,frame_cardboard_manipulation_station01_worker041_0143.jpg,Unknown,LOW,0.0,,,,
frames_diverse,outputs\real_data\frames_diverse\frame_cardboard_manipulation_station01_worker041_0144.jpg,,frame_cardboard_manipulation_station01_worker041_0144.jpg,Unknown,LOW,0.0,,,,
frames_diverse,outputs\real_data\frames_diverse\frame_cardboard_manipulation_station01_worker041_0145.jpg,,frame_cardboard_manipulation_station01_worker041_0145.jpg,Unknown,LOW,0.0,,,,
frames_diverse,outputs\real_data\frames_diverse\frame_cardboard_manipulation_station01_worker041_0147.jpg,,frame_cardboard_manipulation_station01_worker041_0147.jpg,Unknown,LOW,0.0,,,,
frames_diverse,outputs\real_data\frames_diverse\frame_cardboard_manipulation_station01_worker041_0148.jpg,,frame_cardboard_manipulation_station01_worker041_0148.jpg,Unknown,LOW,0.0,,,,
frames_diverse,outputs\real_data\frames_diverse\frame_cardboard_manipulation_station01_worker041_0149.jpg,,frame_cardboard_manipulation_station01_worker041_0149.jpg,Unknown,LOW,0.0,,,,
frames_diverse,outputs\real_data\frames_diverse\frame_cardboard_manipulation_station01_worker041_0150.jpg,,frame_cardboard_manipulation_station01_worker041_0150.jpg,Unknown,LOW,0.0,,,,
frames_diverse,outputs\real_data\frames_diverse\frame_cardboard_manipulation_station01_worker041_0151.jpg,,frame_cardboard_manipulation_station01_worker041_0151.jpg,Unknown,LOW,0.0,,,,
frames_diverse,outputs\real_data\frames_diverse\frame_cardboard_manipulation_station01_worker041_0152.jpg,,frame_cardboard_manipulation_station01_worker041_0152.jpg,Unknown,LOW,0.0,,,,
frames_diverse,outputs\real_data\frames_diverse\frame_cardboard_manipulation_station01_worker041_0153.jpg,,frame_cardboard_manipulation_station01_worker041_0153.jpg,Unknown,LOW,0.0,,,,
frames_diverse,outputs\real_data\frames_diverse\frame_cardboard_manipulation_station01_worker041_0154.jpg,,frame_cardboard_manipulation_station01_worker041_0154.jpg,Unknown,LOW,0.0,,,,
frames_diverse,outputs\real_data\frames_diverse\frame_cardboard_manipulation_station01_worker041_0155.jpg,,frame_cardboard_manipulation_station01_worker041_0155.jpg,Unknown,LOW,0.0,,,,
frames_diverse,outputs\real_data\frames_diverse\frame_cardboard_manipulation_station01_worker041_0157.jpg,,frame_cardboard_manipulation_station01_worker041_0157.jpg,Unknown,LOW,0.0,,,,
frames_diverse,outputs\real_data\frames_diverse\frame_cardboard_manipulation_station01_worker041_0158.jpg,,frame_cardboard_manipulation_station01_worker041_0158.jpg,Unknown,LOW,0.0,,,,
frames_diverse,outputs\real_data\frames_diverse\frame_cardboard_manipulation_station01_worker041_0159.jpg,,frame_cardboard_manipulation_station01_worker041_0159.jpg,Unknown,LOW,0.0,,,,
frames_diverse,outputs\real_data\frames_diverse\frame_cardboard_manipulation_station01_worker041_0160.jpg,,frame_cardboard_manipulation_station01_worker041_0160.jpg,Unknown,LOW,0.0,,,,
frames_diverse,outputs\real_data\frames_diverse\frame_cardboard_manipulation_station01_worker041_0161.jpg,,frame_cardboard_manipulation_station01_worker041_0161.jpg,Unknown,LOW,0.0,,,,
frames_diverse,outputs\real_data\frames_diverse\frame_cardboard_manipulation_station01_worker041_0162.jpg,,frame_cardboard_manipulation_station01_worker041_0162.jpg,Unknown,LOW,0.0,,,,
frames_diverse,outputs\real_data\frames_diverse\frame_cardboard_manipulation_station01_worker041_0163.jpg,,frame_cardboard_manipulation_station01_worker041_0163.jpg,Unknown,LOW,0.0,,,,
frames_diverse,outputs\real_data\frames_diverse\frame_cardboard_manipulation_station01_worker041_0164.jpg,,frame_cardboard_manipulation_station01_worker041_0164.jpg,Unknown,LOW,0.0,,,,
frames_diverse,outputs\real_data\frames_diverse\frame_cardboard_manipulation_station01_worker041_0165.jpg,,frame_cardboard_manipulation_station01_worker041_0165.jpg,Unknown,LOW,0.0,,,,
frames_diverse,outputs\real_data\frames_diverse\frame_cardboard_manipulation_station01_worker041_0167.jpg,,frame_cardboard_manipulation_station01_worker041_0167.jpg,Unknown,LOW,0.0,,,,
frames_diverse,outputs\real_data\frames_diverse\frame_cardboard_manipulation_station01_worker041_0168.jpg,,frame_cardboard_manipulation_station01_worker041_0168.jpg,Unknown,LOW,0.0,,,,
frames_diverse,outputs\real_data\frames_diverse\frame_cardboard_manipulation_station01_worker041_0169.jpg,,frame_cardboard_manipulation_station01_worker041_0169.jpg,Unknown,LOW,0.0,,,,
frames_diverse,outputs\real_data\frames_diverse\frame_cardboard_manipulation_station01_worker041_0170.jpg,,frame_cardboard_manipulation_station01_worker041_0170.jpg,Unknown,LOW,0.0,,,,
frames_diverse,outputs\real_data\frames_diverse\frame_cardboard_manipulation_station01_worker041_0171.jpg,,frame_cardboard_manipulation_station01_worker041_0171.jpg,Unknown,LOW,0.0,,,,
frames_diverse,outputs\real_data\frames_diverse\frame_cardboard_manipulation_station01_worker041_0172.jpg,,frame_cardboard_manipulation_station01_worker041_0172.jpg,Unknown,LOW,0.0,,,,
frames_diverse,outputs\real_data\frames_diverse\frame_cardboard_manipulation_station01_worker041_0173.jpg,,frame_cardboard_manipulation_station01_worker041_0173.jpg,Unknown,LOW,0.0,,,,
frames_diverse,outputs\real_data\frames_diverse\frame_cardboard_manipulation_station01_worker041_0174.jpg,,frame_cardboard_manipulation_station01_worker041_0174.jpg,Unknown,LOW,0.0,,,,
frames_diverse,outputs\real_data\frames_diverse\frame_cardboard_manipulation_station01_worker041_0175.jpg,,frame_cardboard_manipulation_station01_worker041_0175.jpg,Unknown,LOW,0.0,,,,
frames_diverse,outputs\real_data\frames_diverse\frame_cardboard_manipulation_station01_worker041_0177.jpg,,frame_cardboard_manipulation_station01_worker041_0177.jpg,Unknown,LOW,0.0,,,,
frames_diverse,outputs\real_data\frames_diverse\frame_cardboard_manipulation_station01_worker041_0178.jpg,,frame_cardboard_manipulation_station01_worker041_0178.jpg,Unknown,LOW,0.0,,,,
frames_diverse,outputs\real_data\frames_diverse\frame_cardboard_manipulation_station01_worker041_0179.jpg,,frame_cardboard_manipulation_station01_worker041_0179.jpg,Unknown,LOW,0.0,,,,
frames_diverse,outputs\real_data\frames_diverse\frame_cardboard_manipulation_station01_worker041_0180.jpg,,frame_cardboard_manipulation_station01_worker041_0180.jpg,Unknown,LOW,0.0,,,,
frames_diverse,outputs\real_data\frames_diverse\frame_cardboard_manipulation_station01_worker041_0181.jpg,,frame_cardboard_manipulation_station01_worker041_0181.jpg,Unknown,LOW,0.0,,,,
frames_diverse,outputs\real_data\frames_diverse\frame_cardboard_manipulation_station01_worker041_0182.jpg,,frame_cardboard_manipulation_station01_worker041_0182.jpg,Unknown,LOW,0.0,,,,
frames_diverse,outputs\real_data\frames_diverse\frame_cardboard_manipulation_station01_worker041_0183.jpg,,frame_cardboard_manipulation_station01_worker041_0183.jpg,Unknown,LOW,0.0,,,,
frames_diverse,outputs\real_data\frames_diverse\frame_cardboard_manipulation_station01_worker041_0184.jpg,,frame_cardboard_manipulation_station01_worker041_0184.jpg,Unknown,LOW,0.0,,,,
frames_diverse,outputs\real_data\frames_diverse\frame_cardboard_manipulation_station01_worker041_0185.jpg,,frame_cardboard_manipulation_station01_worker041_0185.jpg,Unknown,LOW,0.0,,,,
frames_diverse,outputs\real_data\frames_diverse\frame_cardboard_manipulation_station01_worker041_0187.jpg,,frame_cardboard_manipulation_station01_worker041_0187.jpg,Unknown,LOW,0.0,,,,
frames_diverse,outputs\real_data\frames_diverse\frame_cardboard_manipulation_station01_worker041_0188.jpg,,frame_cardboard_manipulation_station01_worker041_0188.jpg,Unknown,LOW,0.0,,,,
frames_diverse,outputs\real_data\frames_diverse\frame_cardboard_manipulation_station01_worker041_0189.jpg,,frame_cardboard_manipulation_station01_worker041_0189.jpg,Unknown,LOW,0.0,,,,
frames_diverse,outputs\real_data\frames_diverse\frame_cardboard_manipulation_station01_worker041_0190.jpg,,frame_cardboard_manipulation_station01_worker041_0190.jpg,Unknown,LOW,0.0,,,,
frames_diverse,outputs\real_data\frames_diverse\frame_cardboard_manipulation_station01_worker041_0191.jpg,,frame_cardboard_manipulation_station01_worker041_0191.jpg,Unknown,LOW,0.0,,,,
frames_diverse,outputs\real_data\frames_diverse\frame_cardboard_manipulation_station01_worker041_0192.jpg,,frame_cardboard_manipulation_station01_worker041_0192.jpg,Unknown,LOW,0.0,,,,
frames_diverse,outputs\real_data\frames_diverse\frame_cardboard_manipulation_station01_worker041_0193.jpg,,frame_cardboard_manipulation_station01_worker041_0193.jpg,Unknown,LOW,0.0,,,,
frames_diverse,outputs\real_data\frames_diverse\frame_cardboard_manipulation_station01_worker041_0194.jpg,,frame_cardboard_manipulation_station01_worker041_0194.jpg,Unknown,LOW,0.0,,,,
frames_diverse,outputs\real_data\frames_diverse\frame_cardboard_manipulation_station01_worker041_0195.jpg,,frame_cardboard_manipulation_station01_worker041_0195.jpg,Unknown,LOW,0.0,,,,
frames_diverse,outputs\real_data\frames_diverse\frame_cardboard_manipulation_station01_worker041_0197.jpg,,frame_cardboard_manipulation_station01_worker041_0197.jpg,Unknown,LOW,0.0,,,,
frames_diverse,outputs\real_data\frames_diverse\frame_cardboard_manipulation_station01_worker041_0198.jpg,,frame_cardboard_manipulation_station01_worker041_0198.jpg,Unknown,LOW,0.0,,,,
frames_diverse,outputs\real_data\frames_diverse\frame_cardboard_manipulation_station01_worker041_0199.jpg,,frame_cardboard_manipulation_station01_worker041_0199.jpg,Unknown,LOW,0.0,,,,
frames_diverse,outputs\real_data\frames_diverse\frame_cardboard_manipulation_station01_worker041_0200.jpg,,frame_cardboard_manipulation_station01_worker041_0200.jpg,Unknown,LOW,0.0,,,,
frames_diverse,outputs\real_data\frames_diverse\frame_cardboard_manipulation_station01_worker041_0201.jpg,,frame_cardboard_manipulation_station01_worker041_0201.jpg,Unknown,LOW,0.0,,,,
frames_diverse,outputs\real_data\frames_diverse\frame_cardboard_manipulation_station01_worker041_0202.jpg,,frame_cardboard_manipulation_station01_worker041_0202.jpg,Unknown,LOW,0.0,,,,
frames_diverse,outputs\real_data\frames_diverse\frame_cardboard_manipulation_station01_worker041_0203.jpg,,frame_cardboard_manipulation_station01_worker041_0203.jpg,Unknown,LOW,0.0,,,,
frames_diverse,outputs\real_data\frames_diverse\frame_cardboard_manipulation_station01_worker041_0204.jpg,,frame_cardboard_manipulation_station01_worker041_0204.jpg,Unknown,LOW,0.0,,,,
frames_diverse,outputs\real_data\frames_diverse\frame_cardboard_manipulation_station01_worker041_0205.jpg,,frame_cardboard_manipulation_station01_worker041_0205.jpg,Unknown,LOW,0.0,,,,
frames_diverse,outputs\real_data\frames_diverse\frame_cardboard_manipulation_station01_worker041_0207.jpg,,frame_cardboard_manipulation_station01_worker041_0207.jpg,Unknown,LOW,0.0,,,,
frames_diverse,outputs\real_data\frames_diverse\frame_cardboard_manipulation_station01_worker041_0208.jpg,,frame_cardboard_manipulation_station01_worker041_0208.jpg,Unknown,LOW,0.0,,,,
frames_diverse,outputs\real_data\frames_diverse\frame_cardboard_manipulation_station01_worker041_0209.jpg,,frame_cardboard_manipulation_station01_worker041_0209.jpg,Unknown,LOW,0.0,,,,
frames_diverse,outputs\real_data\frames_diverse\frame_cardboard_manipulation_station01_worker041_0210.jpg,,frame_cardboard_manipulation_station01_worker041_0210.jpg,Unknown,LOW,0.0,,,,
frames_diverse,outputs\real_data\frames_diverse\frame_cardboard_manipulation_station01_worker041_0211.jpg,,frame_cardboard_manipulation_station01_worker041_0211.jpg,Unknown,LOW,0.0,,,,
frames_diverse,outputs\real_data\frames_diverse\frame_cardboard_manipulation_station01_worker041_0212.jpg,,frame_cardboard_manipulation_station01_worker041_0212.jpg,Unknown,LOW,0.0,,,,
frames_diverse,outputs\real_data\frames_diverse\frame_cardboard_manipulation_station01_worker041_0213.jpg,,frame_cardboard_manipulation_station01_worker041_0213.jpg,Unknown,LOW,0.0,,,,
frames_diverse,outputs\real_data\frames_diverse\frame_cardboard_manipulation_station01_worker041_0214.jpg,,frame_cardboard_manipulation_station01_worker041_0214.jpg,Unknown,LOW,0.0,,,,
frames_diverse,outputs\real_data\frames_diverse\frame_cardboard_manipulation_station01_worker041_0215.jpg,,frame_cardboard_manipulation_station01_worker041_0215.jpg,Unknown,LOW,0.0,,,,
frames_diverse,outputs\real_data\frames_diverse\frame_cardboard_manipulation_station01_worker041_0217.jpg,,frame_cardboard_manipulation_station01_worker041_0217.jpg,Unknown,LOW,0.0,,,,
frames_diverse,outputs\real_data\frames_diverse\frame_cardboard_manipulation_station01_worker041_0218.jpg,,frame_cardboard_manipulation_station01_worker041_0218.jpg,Unknown,LOW,0.0,,,,
frames_diverse,outputs\real_data\frames_diverse\frame_cardboard_manipulation_station01_worker041_0219.jpg,,frame_cardboard_manipulation_station01_worker041_0219.jpg,Unknown,LOW,0.0,,,,
frames_diverse,outputs\real_data\frames_diverse\frame_cardboard_manipulation_station01_worker041_0220.jpg,,frame_cardboard_manipulation_station01_worker041_0220.jpg,Unknown,LOW,0.0,,,,
frames_diverse,outputs\real_data\frames_diverse\frame_cardboard_manipulation_station01_worker041_0221.jpg,,frame_cardboard_manipulation_station01_worker041_0221.jpg,Unknown,LOW,0.0,,,,
frames_diverse,outputs\real_data\frames_diverse\frame_cardboard_manipulation_station01_worker041_0222.jpg,,frame_cardboard_manipulation_station01_worker041_0222.jpg,Unknown,LOW,0.0,,,,
frames_diverse,outputs\real_data\frames_diverse\frame_cardboard_manipulation_station01_worker041_0223.jpg,,frame_cardboard_manipulation_station01_worker041_0223.jpg,Unknown,LOW,0.0,,,,
frames_diverse,outputs\real_data\frames_diverse\frame_cardboard_manipulation_station01_worker041_0224.jpg,,frame_cardboard_manipulation_station01_worker041_0224.jpg,Unknown,LOW,0.0,,,,
frames_diverse,outputs\real_data\frames_diverse\frame_cardboard_manipulation_station01_worker041_0225.jpg,,frame_cardboard_manipulation_station01_worker041_0225.jpg,Unknown,LOW,0.0,,,,
frames_diverse,outputs\real_data\frames_diverse\frame_cardboard_manipulation_station01_worker041_0227.jpg,,frame_cardboard_manipulation_station01_worker041_0227.jpg,Unknown,LOW,0.0,,,,
frames_diverse,outputs\real_data\frames_diverse\frame_cardboard_manipulation_station01_worker041_0228.jpg,,frame_cardboard_manipulation_station01_worker041_0228.jpg,Unknown,LOW,0.0,,,,
frames_diverse,outputs\real_data\frames_diverse\frame_cardboard_manipulation_station01_worker041_0229.jpg,,frame_cardboard_manipulation_station01_worker041_0229.jpg,Unknown,LOW,0.0,,,,
frames_diverse,outputs\real_data\frames_diverse\frame_cardboard_manipulation_station01_worker041_0230.jpg,,frame_cardboard_manipulation_station01_worker041_0230.jpg,Unknown,LOW,0.0,,,,
frames_diverse,outputs\real_data\frames_diverse\frame_cardboard_manipulation_station01_worker041_0231.jpg,,frame_cardboard_manipulation_station01_worker041_0231.jpg,Unknown,LOW,0.0,,,,
frames_diverse,outputs\real_data\frames_diverse\frame_cardboard_manipulation_station01_worker041_0232.jpg,,frame_cardboard_manipulation_station01_worker041_0232.jpg,Unknown,LOW,0.0,,,,
frames_diverse,outputs\real_data\frames_diverse\frame_cardboard_manipulation_station01_worker041_0233.jpg,,frame_cardboard_manipulation_station01_worker041_0233.jpg,Unknown,LOW,0.0,,,,
frames_diverse,outputs\real_data\frames_diverse\frame_cardboard_manipulation_station01_worker041_0234.jpg,,frame_cardboard_manipulation_station01_worker041_0234.jpg,Unknown,LOW,0.0,,,,
frames_diverse,outputs\real_data\frames_diverse\frame_cardboard_manipulation_station01_worker041_0235.jpg,,frame_cardboard_manipulation_station01_worker041_0235.jpg,Unknown,LOW,0.0,,,,
frames_diverse,outputs\real_data\frames_diverse\frame_cardboard_manipulation_station01_worker041_0237.jpg,,frame_cardboard_manipulation_station01_worker041_0237.jpg,Unknown,LOW,0.0,,,,
frames_diverse,outputs\real_data\frames_diverse\frame_cardboard_manipulation_station01_worker041_0238.jpg,,frame_cardboard_manipulation_station01_worker041_0238.jpg,Unknown,LOW,0.0,,,,
frames_diverse,outputs\real_data\frames_diverse\frame_cardboard_manipulation_station01_worker041_0239.jpg,,frame_cardboard_manipulation_station01_worker041_0239.jpg,Unknown,LOW,0.0,,,,
frames_diverse,outputs\real_data\frames_diverse\frame_cardboard_manipulation_station01_worker041_0240.jpg,,frame_cardboard_manipulation_station01_worker041_0240.jpg,Unknown,LOW,0.0,,,,
frames_diverse,outputs\real_data\frames_diverse\frame_cardboard_manipulation_station01_worker041_0241.jpg,,frame_cardboard_manipulation_station01_worker041_0241.jpg,Unknown,LOW,0.0,,,,
frames_diverse,outputs\real_data\frames_diverse\frame_cardboard_manipulation_station01_worker041_0242.jpg,,frame_cardboard_manipulation_station01_worker041_0242.jpg,Unknown,LOW,0.0,,,,
frames_diverse,outputs\real_data\frames_diverse\frame_cardboard_manipulation_station01_worker041_0243.jpg,,frame_cardboard_manipulation_station01_worker041_0243.jpg,Unknown,LOW,0.0,,,,
frames_diverse,outputs\real_data\frames_diverse\frame_cardboard_manipulation_station01_worker041_0244.jpg,,frame_cardboard_manipulation_station01_worker041_0244.jpg,Unknown,LOW,0.0,,,,
frames_diverse,outputs\real_data\frames_diverse\frame_cardboard_manipulation_station01_worker041_0245.jpg,,frame_cardboard_manipulation_station01_worker041_0245.jpg,Unknown,LOW,0.0,,,,
frames_diverse,outputs\real_data\frames_diverse\frame_cardboard_manipulation_station01_worker041_0247.jpg,,frame_cardboard_manipulation_station01_worker041_0247.jpg,Unknown,LOW,0.0,,,,
frames_diverse,outputs\real_data\frames_diverse\frame_cardboard_manipulation_station01_worker041_0248.jpg,,frame_cardboard_manipulation_station01_worker041_0248.jpg,Unknown,LOW,0.0,,,,
frames_diverse,outputs\real_data\frames_diverse\frame_cardboard_manipulation_station01_worker041_0249.jpg,,frame_cardboard_manipulation_station01_worker041_0249.jpg,Unknown,LOW,0.0,,,,
frames_diverse,outputs\real_data\frames_diverse\frame_cardboard_manipulation_station01_worker041_0250.jpg,,frame_cardboard_manipulation_station01_worker041_0250.jpg,Unknown,LOW,0.0,,,,
frames_diverse,outputs\real_data\frames_diverse\frame_cardboard_manipulation_station01_worker041_0251.jpg,,frame_cardboard_manipulation_station01_worker041_0251.jpg,Unknown,LOW,0.0,,,,
frames_diverse,outputs\real_data\frames_diverse\frame_cardboard_manipulation_station01_worker041_0252.jpg,,frame_cardboard_manipulation_station01_worker041_0252.jpg,Unknown,LOW,0.0,,,,
frames_diverse,outputs\real_data\frames_diverse\frame_cardboard_manipulation_station01_worker041_0253.jpg,,frame_cardboard_manipulation_station01_worker041_0253.jpg,Unknown,LOW,0.0,,,,
frames_diverse,outputs\real_data\frames_diverse\frame_cardboard_manipulation_station01_worker041_0254.jpg,,frame_cardboard_manipulation_station01_worker041_0254.jpg,Unknown,LOW,0.0,,,,
frames_diverse,outputs\real_data\frames_diverse\frame_cardboard_manipulation_station01_worker041_0255.jpg,,frame_cardboard_manipulation_station01_worker041_0255.jpg,Unknown,LOW,0.0,,,,
frames_diverse,outputs\real_data\frames_diverse\frame_cardboard_manipulation_station01_worker041_0257.jpg,,frame_cardboard_manipulation_station01_worker041_0257.jpg,Unknown,LOW,0.0,,,,
frames_diverse,outputs\real_data\frames_diverse\frame_cardboard_manipulation_station01_worker041_0258.jpg,,frame_cardboard_manipulation_station01_worker041_0258.jpg,Unknown,LOW,0.0,,,,
frames_diverse,outputs\real_data\frames_diverse\frame_cardboard_manipulation_station01_worker041_0259.jpg,,frame_cardboard_manipulation_station01_worker041_0259.jpg,Unknown,LOW,0.0,,,,
frames_diverse,outputs\real_data\frames_diverse\frame_cardboard_manipulation_station01_worker041_0260.jpg,,frame_cardboard_manipulation_station01_worker041_0260.jpg,Unknown,LOW,0.0,,,,
frames_diverse,outputs\real_data\frames_diverse\frame_cardboard_manipulation_station01_worker041_0261.jpg,,frame_cardboard_manipulation_station01_worker041_0261.jpg,Unknown,LOW,0.0,,,,
frames_diverse,outputs\real_data\frames_diverse\frame_cardboard_manipulation_station01_worker041_0262.jpg,,frame_cardboard_manipulation_station01_worker041_0262.jpg,Unknown,LOW,0.0,,,,
frames_diverse,outputs\real_data\frames_diverse\frame_cardboard_manipulation_station01_worker041_0263.jpg,,frame_cardboard_manipulation_station01_worker041_0263.jpg,Unknown,LOW,0.0,,,,
frames_diverse,outputs\real_data\frames_diverse\frame_cardboard_manipulation_station01_worker041_0264.jpg,,frame_cardboard_manipulation_station01_worker041_0264.jpg,Unknown,LOW,0.0,,,,
frames_diverse,outputs\real_data\frames_diverse\frame_cardboard_manipulation_station01_worker041_0265.jpg,,frame_cardboard_manipulation_station01_worker041_0265.jpg,Unknown,LOW,0.0,,,,
frames_diverse,outputs\real_data\frames_diverse\frame_cardboard_manipulation_station01_worker041_0267.jpg,,frame_cardboard_manipulation_station01_worker041_0267.jpg,Unknown,LOW,0.0,,,,
frames_diverse,outputs\real_data\frames_diverse\frame_cardboard_manipulation_station01_worker041_0268.jpg,,frame_cardboard_manipulation_station01_worker041_0268.jpg,Unknown,LOW,0.0,,,,
frames_diverse,outputs\real_data\frames_diverse\frame_cardboard_manipulation_station01_worker041_0269.jpg,,frame_cardboard_manipulation_station01_worker041_0269.jpg,Unknown,LOW,0.0,,,,
frames_diverse,outputs\real_data\frames_diverse\frame_cardboard_manipulation_station01_worker041_0270.jpg,,frame_cardboard_manipulation_station01_worker041_0270.jpg,Unknown,LOW,0.0,,,,
frames_diverse,outputs\real_data\frames_diverse\frame_cardboard_manipulation_station01_worker041_0271.jpg,,frame_cardboard_manipulation_station01_worker041_0271.jpg,Unknown,LOW,0.0,,,,
frames_diverse,outputs\real_data\frames_diverse\frame_cardboard_manipulation_station01_worker041_0272.jpg,,frame_cardboard_manipulation_station01_worker041_0272.jpg,Unknown,LOW,0.0,,,,
frames_diverse,outputs\real_data\frames_diverse\frame_cardboard_manipulation_station01_worker041_0273.jpg,,frame_cardboard_manipulation_station01_worker041_0273.jpg,Unknown,LOW,0.0,,,,
frames_diverse,outputs\real_data\frames_diverse\frame_cardboard_manipulation_station01_worker041_0274.jpg,,frame_cardboard_manipulation_station01_worker041_0274.jpg,Unknown,LOW,0.0,,,,
frames_diverse,outputs\real_data\frames_diverse\frame_cardboard_manipulation_station01_worker041_0275.jpg,,frame_cardboard_manipulation_station01_worker041_0275.jpg,Unknown,LOW,0.0,,,,
frames_diverse,outputs\real_data\frames_diverse\frame_cardboard_manipulation_station01_worker041_0277.jpg,,frame_cardboard_manipulation_station01_worker041_0277.jpg,Unknown,LOW,0.0,,,,
frames_diverse,outputs\real_data\frames_diverse\frame_cardboard_manipulation_station01_worker041_0278.jpg,,frame_cardboard_manipulation_station01_worker041_0278.jpg,Unknown,LOW,0.0,,,,
frames_diverse,outputs\real_data\frames_diverse\frame_cardboard_manipulation_station01_worker041_0279.jpg,,frame_cardboard_manipulation_station01_worker041_0279.jpg,Unknown,LOW,0.0,,,,
frames_diverse,outputs\real_data\frames_diverse\frame_cardboard_manipulation_station01_worker041_0280.jpg,,frame_cardboard_manipulation_station01_worker041_0280.jpg,Unknown,LOW,0.0,,,,
frames_diverse,outputs\real_data\frames_diverse\frame_cardboard_manipulation_station01_worker041_0281.jpg,,frame_cardboard_manipulation_station01_worker041_0281.jpg,Unknown,LOW,0.0,,,,
frames_diverse,outputs\real_data\frames_diverse\frame_cardboard_manipulation_station01_worker041_0282.jpg,,frame_cardboard_manipulation_station01_worker041_0282.jpg,Unknown,LOW,0.0,,,,
frames_diverse,outputs\real_data\frames_diverse\frame_cardboard_manipulation_station01_worker041_0283.jpg,,frame_cardboard_manipulation_station01_worker041_0283.jpg,Unknown,LOW,0.0,,,,
frames_diverse,outputs\real_data\frames_diverse\frame_cardboard_manipulation_station01_worker041_0284.jpg,,frame_cardboard_manipulation_station01_worker041_0284.jpg,Unknown,LOW,0.0,,,,
frames_diverse,outputs\real_data\frames_diverse\frame_cardboard_manipulation_station01_worker041_0285.jpg,,frame_cardboard_manipulation_station01_worker041_0285.jpg,Unknown,LOW,0.0,,,,
frames_diverse,outputs\real_data\frames_diverse\frame_cardboard_manipulation_station01_worker041_0287.jpg,,frame_cardboard_manipulation_station01_worker041_0287.jpg,Unknown,LOW,0.0,,,,
frames_diverse,outputs\real_data\frames_diverse\frame_cardboard_manipulation_station01_worker041_0288.jpg,,frame_cardboard_manipulation_station01_worker041_0288.jpg,Unknown,LOW,0.0,,,,
frames_diverse,outputs\real_data\frames_diverse\frame_cardboard_manipulation_station01_worker041_0289.jpg,,frame_cardboard_manipulation_station01_worker041_0289.jpg,Unknown,LOW,0.0,,,,
frames_diverse,outputs\real_data\frames_diverse\frame_cardboard_manipulation_station01_worker041_0290.jpg,,frame_cardboard_manipulation_station01_worker041_0290.jpg,Unknown,LOW,0.0,,,,
frames_diverse,outputs\real_data\frames_diverse\frame_cardboard_manipulation_station01_worker041_0291.jpg,,frame_cardboard_manipulation_station01_worker041_0291.jpg,Unknown,LOW,0.0,,,,
frames_diverse,outputs\real_data\frames_diverse\frame_cardboard_manipulation_station01_worker041_0292.jpg,,frame_cardboard_manipulation_station01_worker041_0292.jpg,Unknown,LOW,0.0,,,,
frames_diverse,outputs\real_data\frames_diverse\frame_cardboard_manipulation_station01_worker041_0293.jpg,,frame_cardboard_manipulation_station01_worker041_0293.jpg,Unknown,LOW,0.0,,,,
frames_diverse,outputs\real_data\frames_diverse\frame_cardboard_manipulation_station01_worker041_0294.jpg,,frame_cardboard_manipulation_station01_worker041_0294.jpg,Unknown,LOW,0.0,,,,
frames_diverse,outputs\real_data\frames_diverse\frame_cardboard_manipulation_station01_worker041_0295.jpg,,frame_cardboard_manipulation_station01_worker041_0295.jpg,Unknown,LOW,0.0,,,,
frames_diverse,outputs\real_data\frames_diverse\frame_cardboard_manipulation_station01_worker041_0297.jpg,,frame_cardboard_manipulation_station01_worker041_0297.jpg,Unknown,LOW,0.0,,,,
frames_diverse,outputs\real_data\frames_diverse\frame_cardboard_manipulation_station01_worker041_0298.jpg,,frame_cardboard_manipulation_station01_worker041_0298.jpg,Unknown,LOW,0.0,,,,
frames_diverse,outputs\real_data\frames_diverse\frame_cardboard_manipulation_station01_worker041_0299.jpg,,frame_cardboard_manipulation_station01_worker041_0299.jpg,Unknown,LOW,0.0,,,,
frames_diverse,outputs\real_data\frames_diverse\frame_cardboard_manipulation_station01_worker041_0300.jpg,,frame_cardboard_manipulation_station01_worker041_0300.jpg,Unknown,LOW,0.0,,,,
frames_diverse,outputs\real_data\frames_diverse\frame_cardboard_manipulation_station01_worker041_0301.jpg,,frame_cardboard_manipulation_station01_worker041_0301.jpg,Unknown,LOW,0.0,,,,
frames_diverse,outputs\real_data\frames_diverse\frame_cardboard_manipulation_station01_worker041_0302.jpg,,frame_cardboard_manipulation_station01_worker041_0302.jpg,Unknown,LOW,0.0,,,,
frames_diverse,outputs\real_data\frames_diverse\frame_cardboard_manipulation_station01_worker041_0303.jpg,,frame_cardboard_manipulation_station01_worker041_0303.jpg,Unknown,LOW,0.0,,,,
frames_diverse,outputs\real_data\frames_diverse\frame_cardboard_manipulation_station01_worker041_0304.jpg,,frame_cardboard_manipulation_station01_worker041_0304.jpg,Unknown,LOW,0.0,,,,
frames_diverse,outputs\real_data\frames_diverse\frame_cardboard_manipulation_station01_worker041_0305.jpg,,frame_cardboard_manipulation_station01_worker041_0305.jpg,Unknown,LOW,0.0,,,,
frames_diverse,outputs\real_data\frames_diverse\frame_cardboard_manipulation_station01_worker041_0307.jpg,,frame_cardboard_manipulation_station01_worker041_0307.jpg,Unknown,LOW,0.0,,,,
frames_diverse,outputs\real_data\frames_diverse\frame_cardboard_manipulation_station01_worker041_0308.jpg,,frame_cardboard_manipulation_station01_worker041_0308.jpg,Unknown,LOW,0.0,,,,
frames_diverse,outputs\real_data\frames_diverse\frame_cardboard_manipulation_station01_worker041_0309.jpg,,frame_cardboard_manipulation_station01_worker041_0309.jpg,Unknown,LOW,0.0,,,,
frames_diverse,outputs\real_data\frames_diverse\frame_cardboard_manipulation_station01_worker041_0310.jpg,,frame_cardboard_manipulation_station01_worker041_0310.jpg,Unknown,LOW,0.0,,,,
frames_diverse,outputs\real_data\frames_diverse\frame_cardboard_manipulation_station01_worker041_0311.jpg,,frame_cardboard_manipulation_station01_worker041_0311.jpg,Unknown,LOW,0.0,,,,
frames_diverse,outputs\real_data\frames_diverse\frame_cardboard_manipulation_station01_worker041_0312.jpg,,frame_cardboard_manipulation_station01_worker041_0312.jpg,Unknown,LOW,0.0,,,,
frames_diverse,outputs\real_data\frames_diverse\frame_cardboard_manipulation_station01_worker041_0313.jpg,,frame_cardboard_manipulation_station01_worker041_0313.jpg,Unknown,LOW,0.0,,,,
frames_diverse,outputs\real_data\frames_diverse\frame_cardboard_manipulation_station01_worker041_0314.jpg,,frame_cardboard_manipulation_station01_worker041_0314.jpg,Unknown,LOW,0.0,,,,
frames_diverse,outputs\real_data\frames_diverse\frame_cardboard_manipulation_station01_worker041_0315.jpg,,frame_cardboard_manipulation_station01_worker041_0315.jpg,Unknown,LOW,0.0,,,,
frames_diverse,outputs\real_data\frames_diverse\frame_cardboard_manipulation_station01_worker041_0317.jpg,,frame_cardboard_manipulation_station01_worker041_0317.jpg,Unknown,LOW,0.0,,,,
frames_diverse,outputs\real_data\frames_diverse\frame_cardboard_manipulation_station01_worker041_0318.jpg,,frame_cardboard_manipulation_station01_worker041_0318.jpg,Unknown,LOW,0.0,,,,
frames_diverse,outputs\real_data\frames_diverse\frame_cardboard_manipulation_station01_worker041_0319.jpg,,frame_cardboard_manipulation_station01_worker041_0319.jpg,Unknown,LOW,0.0,,,,
frames_diverse,outputs\real_data\frames_diverse\frame_cardboard_manipulation_station01_worker041_0320.jpg,,frame_cardboard_manipulation_station01_worker041_0320.jpg,Unknown,LOW,0.0,,,,
frames_diverse,outputs\real_data\frames_diverse\frame_cardboard_manipulation_station01_worker041_0321.jpg,,frame_cardboard_manipulation_station01_worker041_0321.jpg,Unknown,LOW,0.0,,,,
frames_diverse,outputs\real_data\frames_diverse\frame_cardboard_manipulation_station01_worker041_0322.jpg,,frame_cardboard_manipulation_station01_worker041_0322.jpg,Unknown,LOW,0.0,,,,
frames_diverse,outputs\real_data\frames_diverse\frame_cardboard_manipulation_station01_worker041_0323.jpg,,frame_cardboard_manipulation_station01_worker041_0323.jpg,Unknown,LOW,0.0,,,,
frames_diverse,outputs\real_data\frames_diverse\frame_cardboard_manipulation_station01_worker041_0324.jpg,,frame_cardboard_manipulation_station01_worker041_0324.jpg,Unknown,LOW,0.0,,,,
frames_diverse,outputs\real_data\frames_diverse\frame_cardboard_manipulation_station01_worker041_0325.jpg,,frame_cardboard_manipulation_station01_worker041_0325.jpg,Unknown,LOW,0.0,,,,
frames_diverse,outputs\real_data\frames_diverse\frame_cardboard_manipulation_station01_worker041_0327.jpg,,frame_cardboard_manipulation_station01_worker041_0327.jpg,Unknown,LOW,0.0,,,,
frames_diverse,outputs\real_data\frames_diverse\frame_cardboard_manipulation_station01_worker041_0328.jpg,,frame_cardboard_manipulation_station01_worker041_0328.jpg,Unknown,LOW,0.0,,,,
frames_diverse,outputs\real_data\frames_diverse\frame_cardboard_manipulation_station01_worker041_0329.jpg,,frame_cardboard_manipulation_station01_worker041_0329.jpg,Unknown,LOW,0.0,,,,
frames_diverse,outputs\real_data\frames_diverse\frame_cardboard_manipulation_station01_worker041_0330.jpg,,frame_cardboard_manipulation_station01_worker041_0330.jpg,Unknown,LOW,0.0,,,,
frames_diverse,outputs\real_data\frames_diverse\frame_cardboard_manipulation_station01_worker041_0331.jpg,,frame_cardboard_manipulation_station01_worker041_0331.jpg,Unknown,LOW,0.0,,,,
frames_diverse,outputs\real_data\frames_diverse\frame_cardboard_manipulation_station01_worker041_0332.jpg,,frame_cardboard_manipulation_station01_worker041_0332.jpg,Unknown,LOW,0.0,,,,
frames_diverse,outputs\real_data\frames_diverse\frame_cardboard_manipulation_station01_worker041_0333.jpg,,frame_cardboard_manipulation_station01_worker041_0333.jpg,Unknown,LOW,0.0,,,,
frames_diverse,outputs\real_data\frames_diverse\frame_cardboard_manipulation_station01_worker041_0334.jpg,,frame_cardboard_manipulation_station01_worker041_0334.jpg,Unknown,LOW,0.0,,,,
frames_diverse,outputs\real_data\frames_diverse\frame_cardboard_manipulation_station01_worker041_0335.jpg,,frame_cardboard_manipulation_station01_worker041_0335.jpg,Unknown,LOW,0.0,,,,
frames_diverse,outputs\real_data\frames_diverse\frame_cardboard_manipulation_station01_worker041_0337.jpg,,frame_cardboard_manipulation_station01_worker041_0337.jpg,Unknown,LOW,0.0,,,,
frames_diverse,outputs\real_data\frames_diverse\frame_cardboard_manipulation_station01_worker041_0338.jpg,,frame_cardboard_manipulation_station01_worker041_0338.jpg,Unknown,LOW,0.0,,,,
frames_diverse,outputs\real_data\frames_diverse\frame_cardboard_manipulation_station01_worker041_0339.jpg,,frame_cardboard_manipulation_station01_worker041_0339.jpg,Unknown,LOW,0.0,,,,
frames_diverse,outputs\real_data\frames_diverse\frame_cardboard_manipulation_station01_worker041_0340.jpg,,frame_cardboard_manipulation_station01_worker041_0340.jpg,Unknown,LOW,0.0,,,,
frames_diverse,outputs\real_data\frames_diverse\frame_cardboard_manipulation_station01_worker041_0341.jpg,,frame_cardboard_manipulation_station01_worker041_0341.jpg,Unknown,LOW,0.0,,,,
frames_diverse,outputs\real_data\frames_diverse\frame_cardboard_manipulation_station01_worker041_0342.jpg,,frame_cardboard_manipulation_station01_worker041_0342.jpg,Unknown,LOW,0.0,,,,
frames_diverse,outputs\real_data\frames_diverse\frame_cardboard_manipulation_station01_worker041_0343.jpg,,frame_cardboard_manipulation_station01_worker041_0343.jpg,Unknown,LOW,0.0,,,,
frames_diverse,outputs\real_data\frames_diverse\frame_cardboard_manipulation_station01_worker041_0344.jpg,,frame_cardboard_manipulation_station01_worker041_0344.jpg,Unknown,LOW,0.0,,,,
frames_diverse,outputs\real_data\frames_diverse\frame_cardboard_manipulation_station01_worker041_0345.jpg,,frame_cardboard_manipulation_station01_worker041_0345.jpg,Unknown,LOW,0.0,,,,
frames_diverse,outputs\real_data\frames_diverse\frame_cardboard_manipulation_station01_worker041_0347.jpg,,frame_cardboard_manipulation_station01_worker041_0347.jpg,Unknown,LOW,0.0,,,,
frames_diverse,outputs\real_data\frames_diverse\frame_cardboard_manipulation_station01_worker041_0348.jpg,,frame_cardboard_manipulation_station01_worker041_0348.jpg,Unknown,LOW,0.0,,,,
frames_diverse,outputs\real_data\frames_diverse\frame_cardboard_manipulation_station01_worker041_0349.jpg,,frame_cardboard_manipulation_station01_worker041_0349.jpg,Unknown,LOW,0.0,,,,
frames_diverse,outputs\real_data\frames_diverse\frame_cardboard_manipulation_station01_worker041_0350.jpg,,frame_cardboard_manipulation_station01_worker041_0350.jpg,Unknown,LOW,0.0,,,,
frames_diverse,outputs\real_data\frames_diverse\frame_cardboard_manipulation_station01_worker041_0351.jpg,,frame_cardboard_manipulation_station01_worker041_0351.jpg,Unknown,LOW,0.0,,,,
frames_diverse,outputs\real_data\frames_diverse\frame_cardboard_manipulation_station01_worker041_0352.jpg,,frame_cardboard_manipulation_station01_worker041_0352.jpg,Unknown,LOW,0.0,,,,
frames_diverse,outputs\real_data\frames_diverse\frame_cardboard_manipulation_station01_worker041_0353.jpg,,frame_cardboard_manipulation_station01_worker041_0353.jpg,Unknown,LOW,0.0,,,,
frames_diverse,outputs\real_data\frames_diverse\frame_cardboard_manipulation_station01_worker041_0354.jpg,,frame_cardboard_manipulation_station01_worker041_0354.jpg,Unknown,LOW,0.0,,,,
frames_diverse,outputs\real_data\frames_diverse\frame_cardboard_manipulation_station01_worker041_0355.jpg,,frame_cardboard_manipulation_station01_worker041_0355.jpg,Unknown,LOW,0.0,,,,
frames_diverse,outputs\real_data\frames_diverse\frame_cardboard_manipulation_station01_worker041_0357.jpg,,frame_cardboard_manipulation_station01_worker041_0357.jpg,Unknown,LOW,0.0,,,,
frames_diverse,outputs\real_data\frames_diverse\frame_cardboard_manipulation_station01_worker041_0358.jpg,,frame_cardboard_manipulation_station01_worker041_0358.jpg,Unknown,LOW,0.0,,,,
frames_diverse,outputs\real_data\frames_diverse\frame_cardboard_manipulation_station01_worker041_0359.jpg,,frame_cardboard_manipulation_station01_worker041_0359.jpg,Unknown,LOW,0.0,,,,
frames_diverse,outputs\real_data\frames_diverse\frame_cardboard_manipulation_station01_worker041_0360.jpg,,frame_cardboard_manipulation_station01_worker041_0360.jpg,Unknown,LOW,0.0,,,,
frames_diverse,outputs\real_data\frames_diverse\frame_cardboard_manipulation_station01_worker041_0361.jpg,,frame_cardboard_manipulation_station01_worker041_0361.jpg,Unknown,LOW,0.0,,,,
frames_diverse,outputs\real_data\frames_diverse\frame_cardboard_manipulation_station01_worker041_0362.jpg,,frame_cardboard_manipulation_station01_worker041_0362.jpg,Unknown,LOW,0.0,,,,
frames_diverse,outputs\real_data\frames_diverse\frame_cardboard_manipulation_station01_worker041_0363.jpg,,frame_cardboard_manipulation_station01_worker041_0363.jpg,Unknown,LOW,0.0,,,,
frames_diverse,outputs\real_data\frames_diverse\frame_cardboard_manipulation_station01_worker041_0364.jpg,,frame_cardboard_manipulation_station01_worker041_0364.jpg,Unknown,LOW,0.0,,,,
frames_diverse,outputs\real_data\frames_diverse\frame_cardboard_manipulation_station01_worker041_0365.jpg,,frame_cardboard_manipulation_station01_worker041_0365.jpg,Unknown,LOW,0.0,,,,
frames_diverse,outputs\real_data\frames_diverse\frame_cardboard_manipulation_station01_worker041_0367.jpg,,frame_cardboard_manipulation_station01_worker041_0367.jpg,Unknown,LOW,0.0,,,,
frames_diverse,outputs\real_data\frames_diverse\frame_cardboard_manipulation_station01_worker041_0368.jpg,,frame_cardboard_manipulation_station01_worker041_0368.jpg,Unknown,LOW,0.0,,,,
frames_diverse,outputs\real_data\frames_diverse\frame_cardboard_manipulation_station01_worker041_0369.jpg,,frame_cardboard_manipulation_station01_worker041_0369.jpg,Unknown,LOW,0.0,,,,
frames_diverse,outputs\real_data\frames_diverse\frame_cardboard_manipulation_station01_worker041_0370.jpg,,frame_cardboard_manipulation_station01_worker041_0370.jpg,Unknown,LOW,0.0,,,,
frames_diverse,outputs\real_data\frames_diverse\frame_cardboard_manipulation_station01_worker041_0371.jpg,,frame_cardboard_manipulation_station01_worker041_0371.jpg,Unknown,LOW,0.0,,,,
frames_diverse,outputs\real_data\frames_diverse\frame_cardboard_manipulation_station01_worker041_0372.jpg,,frame_cardboard_manipulation_station01_worker041_0372.jpg,Unknown,LOW,0.0,,,,
frames_diverse,outputs\real_data\frames_diverse\frame_cardboard_manipulation_station01_worker041_0373.jpg,,frame_cardboard_manipulation_station01_worker041_0373.jpg,Unknown,LOW,0.0,,,,
frames_diverse,outputs\real_data\frames_diverse\frame_cardboard_manipulation_station01_worker041_0374.jpg,,frame_cardboard_manipulation_station01_worker041_0374.jpg,Unknown,LOW,0.0,,,,
frames_diverse,outputs\real_data\frames_diverse\frame_cardboard_manipulation_station01_worker041_0375.jpg,,frame_cardboard_manipulation_station01_worker041_0375.jpg,Unknown,LOW,0.0,,,,
frames_diverse,outputs\real_data\frames_diverse\frame_cardboard_manipulation_station01_worker041_0377.jpg,,frame_cardboard_manipulation_station01_worker041_0377.jpg,Unknown,LOW,0.0,,,,
frames_diverse,outputs\real_data\frames_diverse\frame_cardboard_manipulation_station01_worker041_0378.jpg,,frame_cardboard_manipulation_station01_worker041_0378.jpg,Unknown,LOW,0.0,,,,
frames_diverse,outputs\real_data\frames_diverse\frame_cardboard_manipulation_station01_worker041_0379.jpg,,frame_cardboard_manipulation_station01_worker041_0379.jpg,Unknown,LOW,0.0,,,,
frames_diverse,outputs\real_data\frames_diverse\frame_cardboard_manipulation_station01_worker041_0380.jpg,,frame_cardboard_manipulation_station01_worker041_0380.jpg,Unknown,LOW,0.0,,,,
frames_diverse,outputs\real_data\frames_diverse\frame_cardboard_manipulation_station01_worker041_0381.jpg,,frame_cardboard_manipulation_station01_worker041_0381.jpg,Unknown,LOW,0.0,,,,
frames_diverse,outputs\real_data\frames_diverse\frame_cardboard_manipulation_station01_worker041_0382.jpg,,frame_cardboard_manipulation_station01_worker041_0382.jpg,Unknown,LOW,0.0,,,,
frames_diverse,outputs\real_data\frames_diverse\frame_cardboard_manipulation_station01_worker041_0383.jpg,,frame_cardboard_manipulation_station01_worker041_0383.jpg,Unknown,LOW,0.0,,,,
frames_diverse,outputs\real_data\frames_diverse\frame_cardboard_manipulation_station01_worker041_0384.jpg,,frame_cardboard_manipulation_station01_worker041_0384.jpg,Unknown,LOW,0.0,,,,
frames_diverse,outputs\real_data\frames_diverse\frame_cardboard_manipulation_station01_worker041_0385.jpg,,frame_cardboard_manipulation_station01_worker041_0385.jpg,Unknown,LOW,0.0,,,,
frames_diverse,outputs\real_data\frames_diverse\frame_cardboard_manipulation_station01_worker041_0387.jpg,,frame_cardboard_manipulation_station01_worker041_0387.jpg,Unknown,LOW,0.0,,,,
frames_diverse,outputs\real_data\frames_diverse\frame_cardboard_manipulation_station01_worker041_0388.jpg,,frame_cardboard_manipulation_station01_worker041_0388.jpg,Unknown,LOW,0.0,,,,
frames_diverse,outputs\real_data\frames_diverse\frame_cardboard_manipulation_station01_worker041_0389.jpg,,frame_cardboard_manipulation_station01_worker041_0389.jpg,Unknown,LOW,0.0,,,,
frames_diverse,outputs\real_data\frames_diverse\frame_cardboard_manipulation_station01_worker041_0390.jpg,,frame_cardboard_manipulation_station01_worker041_0390.jpg,Unknown,LOW,0.0,,,,
frames_diverse,outputs\real_data\frames_diverse\frame_cardboard_manipulation_station01_worker041_0391.jpg,,frame_cardboard_manipulation_station01_worker041_0391.jpg,Unknown,LOW,0.0,,,,
frames_diverse,outputs\real_data\frames_diverse\frame_cardboard_manipulation_station01_worker041_0392.jpg,,frame_cardboard_manipulation_station01_worker041_0392.jpg,Unknown,LOW,0.0,,,,
frames_diverse,outputs\real_data\frames_diverse\frame_cardboard_manipulation_station01_worker041_0393.jpg,,frame_cardboard_manipulation_station01_worker041_0393.jpg,Unknown,LOW,0.0,,,,
frames_diverse,outputs\real_data\frames_diverse\frame_cardboard_manipulation_station01_worker041_0394.jpg,,frame_cardboard_manipulation_station01_worker041_0394.jpg,Unknown,LOW,0.0,,,,
frames_diverse,outputs\real_data\frames_diverse\frame_cardboard_manipulation_station01_worker041_0395.jpg,,frame_cardboard_manipulation_station01_worker041_0395.jpg,Unknown,LOW,0.0,,,,
frames_diverse,outputs\real_data\frames_diverse\frame_cardboard_manipulation_station01_worker041_0397.jpg,,frame_cardboard_manipulation_station01_worker041_0397.jpg,Unknown,LOW,0.0,,,,
frames_diverse,outputs\real_data\frames_diverse\frame_cardboard_manipulation_station01_worker041_0398.jpg,,frame_cardboard_manipulation_station01_worker041_0398.jpg,Unknown,LOW,0.0,,,,
frames_diverse,outputs\real_data\frames_diverse\frame_cardboard_manipulation_station01_worker041_0399.jpg,,frame_cardboard_manipulation_station01_worker041_0399.jpg,Unknown,LOW,0.0,,,,
frames_diverse,outputs\real_data\frames_diverse\frame_cardboard_manipulation_station01_worker041_0400.jpg,,frame_cardboard_manipulation_station01_worker041_0400.jpg,Unknown,LOW,0.0,,,,
frames_diverse,outputs\real_data\frames_diverse\frame_cardboard_manipulation_station01_worker041_0401.jpg,,frame_cardboard_manipulation_station01_worker041_0401.jpg,Unknown,LOW,0.0,,,,
frames_diverse,outputs\real_data\frames_diverse\frame_cardboard_manipulation_station01_worker041_0402.jpg,,frame_cardboard_manipulation_station01_worker041_0402.jpg,Unknown,LOW,0.0,,,,
frames_diverse,outputs\real_data\frames_diverse\frame_cardboard_manipulation_station01_worker041_0403.jpg,,frame_cardboard_manipulation_station01_worker041_0403.jpg,Unknown,LOW,0.0,,,,
frames_diverse,outputs\real_data\frames_diverse\frame_cardboard_manipulation_station01_worker041_0404.jpg,,frame_cardboard_manipulation_station01_worker041_0404.jpg,Unknown,LOW,0.0,,,,
frames_diverse,outputs\real_data\frames_diverse\frame_cardboard_manipulation_station01_worker041_0405.jpg,,frame_cardboard_manipulation_station01_worker041_0405.jpg,Unknown,LOW,0.0,,,,
frames_diverse,outputs\real_data\frames_diverse\frame_cardboard_manipulation_station01_worker041_0407.jpg,,frame_cardboard_manipulation_station01_worker041_0407.jpg,Unknown,LOW,0.0,,,,
frames_diverse,outputs\real_data\frames_diverse\frame_cardboard_manipulation_station01_worker041_0408.jpg,,frame_cardboard_manipulation_station01_worker041_0408.jpg,Unknown,LOW,0.0,,,,
frames_diverse,outputs\real_data\frames_diverse\frame_cardboard_manipulation_station01_worker041_0409.jpg,,frame_cardboard_manipulation_station01_worker041_0409.jpg,Unknown,LOW,0.0,,,,
frames_diverse,outputs\real_data\frames_diverse\frame_cardboard_manipulation_station01_worker041_0410.jpg,,frame_cardboard_manipulation_station01_worker041_0410.jpg,Unknown,LOW,0.0,,,,
frames_diverse,outputs\real_data\frames_diverse\frame_cardboard_manipulation_station01_worker041_0411.jpg,,frame_cardboard_manipulation_station01_worker041_0411.jpg,Unknown,LOW,0.0,,,,
frames_diverse,outputs\real_data\frames_diverse\frame_cardboard_manipulation_station01_worker041_0412.jpg,,frame_cardboard_manipulation_station01_worker041_0412.jpg,Unknown,LOW,0.0,,,,
frames_diverse,outputs\real_data\frames_diverse\frame_cardboard_manipulation_station01_worker041_0413.jpg,,frame_cardboard_manipulation_station01_worker041_0413.jpg,Unknown,LOW,0.0,,,,
frames_diverse,outputs\real_data\frames_diverse\frame_cardboard_manipulation_station01_worker041_0414.jpg,,frame_cardboard_manipulation_station01_worker041_0414.jpg,Unknown,LOW,0.0,,,,
frames_diverse,outputs\real_data\frames_diverse\frame_cardboard_manipulation_station01_worker041_0415.jpg,,frame_cardboard_manipulation_station01_worker041_0415.jpg,Unknown,LOW,0.0,,,,
frames_diverse,outputs\real_data\frames_diverse\frame_cardboard_manipulation_station01_worker041_0417.jpg,,frame_cardboard_manipulation_station01_worker041_0417.jpg,Unknown,LOW,0.0,,,,
frames_diverse,outputs\real_data\frames_diverse\frame_cardboard_manipulation_station01_worker041_0418.jpg,,frame_cardboard_manipulation_station01_worker041_0418.jpg,Unknown,LOW,0.0,,,,
frames_diverse,outputs\real_data\frames_diverse\frame_cardboard_manipulation_station01_worker041_0419.jpg,,frame_cardboard_manipulation_station01_worker041_0419.jpg,Unknown,LOW,0.0,,,,
frames_diverse,outputs\real_data\frames_diverse\frame_cardboard_manipulation_station01_worker041_0420.jpg,,frame_cardboard_manipulation_station01_worker041_0420.jpg,Unknown,LOW,0.0,,,,
frames_diverse,outputs\real_data\frames_diverse\frame_cardboard_manipulation_station01_worker041_0421.jpg,,frame_cardboard_manipulation_station01_worker041_0421.jpg,Unknown,LOW,0.0,,,,
frames_diverse,outputs\real_data\frames_diverse\frame_cardboard_manipulation_station01_worker041_0422.jpg,,frame_cardboard_manipulation_station01_worker041_0422.jpg,Unknown,LOW,0.0,,,,
frames_diverse,outputs\real_data\frames_diverse\frame_cardboard_manipulation_station01_worker041_0423.jpg,,frame_cardboard_manipulation_station01_worker041_0423.jpg,Unknown,LOW,0.0,,,,
frames_diverse,outputs\real_data\frames_diverse\frame_cardboard_manipulation_station01_worker041_0424.jpg,,frame_cardboard_manipulation_station01_worker041_0424.jpg,Unknown,LOW,0.0,,,,
frames_diverse,outputs\real_data\frames_diverse\frame_cardboard_manipulation_station01_worker041_0425.jpg,,frame_cardboard_manipulation_station01_worker041_0425.jpg,Unknown,LOW,0.0,,,,
frames_diverse,outputs\real_data\frames_diverse\frame_cardboard_manipulation_station01_worker041_0427.jpg,,frame_cardboard_manipulation_station01_worker041_0427.jpg,Unknown,LOW,0.0,,,,
frames_diverse,outputs\real_data\frames_diverse\frame_cardboard_manipulation_station01_worker041_0428.jpg,,frame_cardboard_manipulation_station01_worker041_0428.jpg,Unknown,LOW,0.0,,,,
frames_diverse,outputs\real_data\frames_diverse\frame_cardboard_manipulation_station01_worker041_0429.jpg,,frame_cardboard_manipulation_station01_worker041_0429.jpg,Unknown,LOW,0.0,,,,
frames_diverse,outputs\real_data\frames_diverse\frame_cardboard_manipulation_station01_worker041_0430.jpg,,frame_cardboard_manipulation_station01_worker041_0430.jpg,Unknown,LOW,0.0,,,,
frames_diverse,outputs\real_data\frames_diverse\frame_cardboard_manipulation_station01_worker041_0431.jpg,,frame_cardboard_manipulation_station01_worker041_0431.jpg,Unknown,LOW,0.0,,,,
frames_diverse,outputs\real_data\frames_diverse\frame_cardboard_manipulation_station01_worker041_0432.jpg,,frame_cardboard_manipulation_station01_worker041_0432.jpg,Unknown,LOW,0.0,,,,
frames_diverse,outputs\real_data\frames_diverse\frame_cardboard_manipulation_station01_worker041_0433.jpg,,frame_cardboard_manipulation_station01_worker041_0433.jpg,Unknown,LOW,0.0,,,,
frames_diverse,outputs\real_data\frames_diverse\frame_cardboard_manipulation_station01_worker041_0434.jpg,,frame_cardboard_manipulation_station01_worker041_0434.jpg,Unknown,LOW,0.0,,,,
frames_diverse,outputs\real_data\frames_diverse\frame_cardboard_manipulation_station01_worker041_0435.jpg,,frame_cardboard_manipulation_station01_worker041_0435.jpg,Unknown,LOW,0.0,,,,
frames_diverse,outputs\real_data\frames_diverse\frame_cardboard_manipulation_station01_worker041_0437.jpg,,frame_cardboard_manipulation_station01_worker041_0437.jpg,Unknown,LOW,0.0,,,,
frames_diverse,outputs\real_data\frames_diverse\frame_cardboard_manipulation_station01_worker041_0438.jpg,,frame_cardboard_manipulation_station01_worker041_0438.jpg,Unknown,LOW,0.0,,,,
frames_diverse,outputs\real_data\frames_diverse\frame_cardboard_manipulation_station01_worker041_0439.jpg,,frame_cardboard_manipulation_station01_worker041_0439.jpg,Unknown,LOW,0.0,,,,
frames_diverse,outputs\real_data\frames_diverse\frame_cardboard_manipulation_station01_worker041_0440.jpg,,frame_cardboard_manipulation_station01_worker041_0440.jpg,Unknown,LOW,0.0,,,,
frames_diverse,outputs\real_data\frames_diverse\frame_cardboard_manipulation_station01_worker041_0441.jpg,,frame_cardboard_manipulation_station01_worker041_0441.jpg,Unknown,LOW,0.0,,,,
frames_diverse,outputs\real_data\frames_diverse\frame_cardboard_manipulation_station01_worker041_0442.jpg,,frame_cardboard_manipulation_station01_worker041_0442.jpg,Unknown,LOW,0.0,,,,
frames_diverse,outputs\real_data\frames_diverse\frame_cardboard_manipulation_station01_worker041_0443.jpg,,frame_cardboard_manipulation_station01_worker041_0443.jpg,Unknown,LOW,0.0,,,,
frames_diverse,outputs\real_data\frames_diverse\frame_cardboard_manipulation_station01_worker041_0444.jpg,,frame_cardboard_manipulation_station01_worker041_0444.jpg,Unknown,LOW,0.0,,,,
frames_diverse,outputs\real_data\frames_diverse\frame_cardboard_manipulation_station01_worker041_0445.jpg,,frame_cardboard_manipulation_station01_worker041_0445.jpg,Unknown,LOW,0.0,,,,
frames_diverse,outputs\real_data\frames_diverse\frame_cardboard_manipulation_station01_worker041_0447.jpg,,frame_cardboard_manipulation_station01_worker041_0447.jpg,Unknown,LOW,0.0,,,,
frames_diverse,outputs\real_data\frames_diverse\frame_cardboard_manipulation_station01_worker041_0448.jpg,,frame_cardboard_manipulation_station01_worker041_0448.jpg,Unknown,LOW,0.0,,,,
frames_diverse,outputs\real_data\frames_diverse\frame_cardboard_manipulation_station01_worker041_0449.jpg,,frame_cardboard_manipulation_station01_worker041_0449.jpg,Unknown,LOW,0.0,,,,
frames_diverse,outputs\real_data\frames_diverse\frame_cardboard_manipulation_station01_worker041_0450.jpg,,frame_cardboard_manipulation_station01_worker041_0450.jpg,Unknown,LOW,0.0,,,,
frames_diverse,outputs\real_data\frames_diverse\frame_cardboard_manipulation_station01_worker041_0451.jpg,,frame_cardboard_manipulation_station01_worker041_0451.jpg,Unknown,LOW,0.0,,,,
frames_diverse,outputs\real_data\frames_diverse\frame_cardboard_manipulation_station01_worker041_0452.jpg,,frame_cardboard_manipulation_station01_worker041_0452.jpg,Unknown,LOW,0.0,,,,
frames_diverse,outputs\real_data\frames_diverse\frame_cardboard_manipulation_station01_worker041_0453.jpg,,frame_cardboard_manipulation_station01_worker041_0453.jpg,Unknown,LOW,0.0,,,,
frames_diverse,outputs\real_data\frames_diverse\frame_cardboard_manipulation_station01_worker041_0454.jpg,,frame_cardboard_manipulation_station01_worker041_0454.jpg,Unknown,LOW,0.0,,,,
frames_diverse,outputs\real_data\frames_diverse\frame_cardboard_manipulation_station01_worker041_0455.jpg,,frame_cardboard_manipulation_station01_worker041_0455.jpg,Unknown,LOW,0.0,,,,
frames_diverse,outputs\real_data\frames_diverse\frame_cardboard_manipulation_station01_worker041_0457.jpg,,frame_cardboard_manipulation_station01_worker041_0457.jpg,Unknown,LOW,0.0,,,,
frames_diverse,outputs\real_data\frames_diverse\frame_cardboard_manipulation_station01_worker041_0458.jpg,,frame_cardboard_manipulation_station01_worker041_0458.jpg,Unknown,LOW,0.0,,,,
frames_diverse,outputs\real_data\frames_diverse\frame_cardboard_manipulation_station01_worker041_0459.jpg,,frame_cardboard_manipulation_station01_worker041_0459.jpg,Unknown,LOW,0.0,,,,
frames_diverse,outputs\real_data\frames_diverse\frame_cardboard_manipulation_station01_worker041_0460.jpg,,frame_cardboard_manipulation_station01_worker041_0460.jpg,Unknown,LOW,0.0,,,,
frames_diverse,outputs\real_data\frames_diverse\frame_cardboard_manipulation_station01_worker041_0461.jpg,,frame_cardboard_manipulation_station01_worker041_0461.jpg,Unknown,LOW,0.0,,,,
frames_diverse,outputs\real_data\frames_diverse\frame_cardboard_manipulation_station01_worker041_0462.jpg,,frame_cardboard_manipulation_station01_worker041_0462.jpg,Unknown,LOW,0.0,,,,
frames_diverse,outputs\real_data\frames_diverse\frame_cardboard_manipulation_station01_worker041_0463.jpg,,frame_cardboard_manipulation_station01_worker041_0463.jpg,Unknown,LOW,0.0,,,,
frames_diverse,outputs\real_data\frames_diverse\frame_cardboard_manipulation_station01_worker041_0464.jpg,,frame_cardboard_manipulation_station01_worker041_0464.jpg,Unknown,LOW,0.0,,,,
frames_diverse,outputs\real_data\frames_diverse\frame_cardboard_manipulation_station01_worker041_0465.jpg,,frame_cardboard_manipulation_station01_worker041_0465.jpg,Unknown,LOW,0.0,,,,
frames_diverse,outputs\real_data\frames_diverse\frame_cardboard_manipulation_station01_worker041_0467.jpg,,frame_cardboard_manipulation_station01_worker041_0467.jpg,Unknown,LOW,0.0,,,,
frames_diverse,outputs\real_data\frames_diverse\frame_cardboard_manipulation_station01_worker041_0468.jpg,,frame_cardboard_manipulation_station01_worker041_0468.jpg,Unknown,LOW,0.0,,,,
frames_diverse,outputs\real_data\frames_diverse\frame_cardboard_manipulation_station01_worker041_0469.jpg,,frame_cardboard_manipulation_station01_worker041_0469.jpg,Unknown,LOW,0.0,,,,
frames_diverse,outputs\real_data\frames_diverse\frame_cardboard_manipulation_station01_worker041_0470.jpg,,frame_cardboard_manipulation_station01_worker041_0470.jpg,Unknown,LOW,0.0,,,,
frames_diverse,outputs\real_data\frames_diverse\frame_cardboard_manipulation_station01_worker041_0471.jpg,,frame_cardboard_manipulation_station01_worker041_0471.jpg,Unknown,LOW,0.0,,,,
frames_diverse,outputs\real_data\frames_diverse\frame_cardboard_manipulation_station01_worker041_0472.jpg,,frame_cardboard_manipulation_station01_worker041_0472.jpg,Unknown,LOW,0.0,,,,
frames_diverse,outputs\real_data\frames_diverse\frame_cardboard_manipulation_station01_worker041_0473.jpg,,frame_cardboard_manipulation_station01_worker041_0473.jpg,Unknown,LOW,0.0,,,,
frames_diverse,outputs\real_data\frames_diverse\frame_cardboard_manipulation_station01_worker041_0474.jpg,,frame_cardboard_manipulation_station01_worker041_0474.jpg,Unknown,LOW,0.0,,,,
frames_diverse,outputs\real_data\frames_diverse\frame_cardboard_manipulation_station01_worker041_0475.jpg,,frame_cardboard_manipulation_station01_worker041_0475.jpg,Unknown,LOW,0.0,,,,
frames_diverse,outputs\real_data\frames_diverse\frame_cardboard_manipulation_station01_worker041_0477.jpg,,frame_cardboard_manipulation_station01_worker041_0477.jpg,Unknown,LOW,0.0,,,,
frames_diverse,outputs\real_data\frames_diverse\frame_cardboard_manipulation_station01_worker041_0478.jpg,,frame_cardboard_manipulation_station01_worker041_0478.jpg,Unknown,LOW,0.0,,,,
frames_diverse,outputs\real_data\frames_diverse\frame_cardboard_manipulation_station01_worker041_0479.jpg,,frame_cardboard_manipulation_station01_worker041_0479.jpg,Unknown,LOW,0.0,,,,
frames_diverse,outputs\real_data\frames_diverse\frame_cardboard_manipulation_station01_worker041_0480.jpg,,frame_cardboard_manipulation_station01_worker041_0480.jpg,Unknown,LOW,0.0,,,,
frames_diverse,outputs\real_data\frames_diverse\frame_cardboard_manipulation_station01_worker041_0481.jpg,,frame_cardboard_manipulation_station01_worker041_0481.jpg,Unknown,LOW,0.0,,,,
frames_diverse,outputs\real_data\frames_diverse\frame_cardboard_manipulation_station01_worker041_0482.jpg,,frame_cardboard_manipulation_station01_worker041_0482.jpg,Unknown,LOW,0.0,,,,
frames_diverse,outputs\real_data\frames_diverse\frame_cardboard_manipulation_station01_worker041_0483.jpg,,frame_cardboard_manipulation_station01_worker041_0483.jpg,Unknown,LOW,0.0,,,,
frames_diverse,outputs\real_data\frames_diverse\frame_cardboard_manipulation_station01_worker041_0484.jpg,,frame_cardboard_manipulation_station01_worker041_0484.jpg,Unknown,LOW,0.0,,,,
frames_diverse,outputs\real_data\frames_diverse\frame_cardboard_manipulation_station01_worker041_0485.jpg,,frame_cardboard_manipulation_station01_worker041_0485.jpg,Unknown,LOW,0.0,,,,
frames_diverse,outputs\real_data\frames_diverse\frame_cardboard_manipulation_station01_worker041_0487.jpg,,frame_cardboard_manipulation_station01_worker041_0487.jpg,Unknown,LOW,0.0,,,,
frames_diverse,outputs\real_data\frames_diverse\frame_cardboard_manipulation_station01_worker041_0488.jpg,,frame_cardboard_manipulation_station01_worker041_0488.jpg,Unknown,LOW,0.0,,,,
frames_diverse,outputs\real_data\frames_diverse\frame_cardboard_manipulation_station01_worker041_0489.jpg,,frame_cardboard_manipulation_station01_worker041_0489.jpg,Unknown,LOW,0.0,,,,
frames_diverse,outputs\real_data\frames_diverse\frame_cardboard_manipulation_station01_worker041_0490.jpg,,frame_cardboard_manipulation_station01_worker041_0490.jpg,Unknown,LOW,0.0,,,,
frames_diverse,outputs\real_data\frames_diverse\frame_cardboard_manipulation_station01_worker041_0491.jpg,,frame_cardboard_manipulation_station01_worker041_0491.jpg,Unknown,LOW,0.0,,,,
frames_diverse,outputs\real_data\frames_diverse\frame_cardboard_manipulation_station01_worker041_0492.jpg,,frame_cardboard_manipulation_station01_worker041_0492.jpg,Unknown,LOW,0.0,,,,
frames_diverse,outputs\real_data\frames_diverse\frame_cardboard_manipulation_station01_worker041_0493.jpg,,frame_cardboard_manipulation_station01_worker041_0493.jpg,Unknown,LOW,0.0,,,,
frames_diverse,outputs\real_data\frames_diverse\frame_cardboard_manipulation_station01_worker041_0494.jpg,,frame_cardboard_manipulation_station01_worker041_0494.jpg,Unknown,LOW,0.0,,,,
frames_diverse,outputs\real_data\frames_diverse\frame_cardboard_manipulation_station01_worker041_0495.jpg,,frame_cardboard_manipulation_station01_worker041_0495.jpg,Unknown,LOW,0.0,,,,
frames_diverse,outputs\real_data\frames_diverse\frame_cardboard_manipulation_station01_worker041_0497.jpg,,frame_cardboard_manipulation_station01_worker041_0497.jpg,Unknown,LOW,0.0,,,,
frames_diverse,outputs\real_data\frames_diverse\frame_cardboard_manipulation_station01_worker041_0498.jpg,,frame_cardboard_manipulation_station01_worker041_0498.jpg,Unknown,LOW,0.0,,,,
frames_diverse,outputs\real_data\frames_diverse\frame_cardboard_manipulation_station01_worker041_0499.jpg,,frame_cardboard_manipulation_station01_worker041_0499.jpg,Unknown,LOW,0.0,,,,
frames_diverse,outputs\real_data\frames_diverse\frame_cardboard_manipulation_station01_worker041_0500.jpg,,frame_cardboard_manipulation_station01_worker041_0500.jpg,Unknown,LOW,0.0,,,,
frames_diverse,outputs\real_data\frames_diverse\frame_cardboard_manipulation_station01_worker041_0501.jpg,,frame_cardboard_manipulation_station01_worker041_0501.jpg,Unknown,LOW,0.0,,,,
frames_diverse,outputs\real_data\frames_diverse\frame_cardboard_manipulation_station01_worker041_0502.jpg,,frame_cardboard_manipulation_station01_worker041_0502.jpg,Unknown,LOW,0.0,,,,
frames_diverse,outputs\real_data\frames_diverse\frame_cardboard_manipulation_station01_worker041_0503.jpg,,frame_cardboard_manipulation_station01_worker041_0503.jpg,Unknown,LOW,0.0,,,,
frames_diverse,outputs\real_data\frames_diverse\frame_cardboard_manipulation_station01_worker041_0504.jpg,,frame_cardboard_manipulation_station01_worker041_0504.jpg,Unknown,LOW,0.0,,,,
frames_diverse,outputs\real_data\frames_diverse\frame_cardboard_manipulation_station01_worker041_0505.jpg,,frame_cardboard_manipulation_station01_worker041_0505.jpg,Unknown,LOW,0.0,,,,
frames_diverse,outputs\real_data\frames_diverse\frame_cardboard_manipulation_station01_worker041_0507.jpg,,frame_cardboard_manipulation_station01_worker041_0507.jpg,Unknown,LOW,0.0,,,,
frames_diverse,outputs\real_data\frames_diverse\frame_cardboard_manipulation_station01_worker041_0508.jpg,,frame_cardboard_manipulation_station01_worker041_0508.jpg,Unknown,LOW,0.0,,,,
frames_diverse,outputs\real_data\frames_diverse\frame_cardboard_manipulation_station01_worker041_0509.jpg,,frame_cardboard_manipulation_station01_worker041_0509.jpg,Unknown,LOW,0.0,,,,
frames_diverse,outputs\real_data\frames_diverse\frame_cardboard_manipulation_station01_worker041_0510.jpg,,frame_cardboard_manipulation_station01_worker041_0510.jpg,Unknown,LOW,0.0,,,,
frames_diverse,outputs\real_data\frames_diverse\frame_cardboard_manipulation_station01_worker041_0511.jpg,,frame_cardboard_manipulation_station01_worker041_0511.jpg,Unknown,LOW,0.0,,,,
frames_diverse,outputs\real_data\frames_diverse\frame_cardboard_manipulation_station01_worker041_0512.jpg,,frame_cardboard_manipulation_station01_worker041_0512.jpg,Unknown,LOW,0.0,,,,
frames_diverse,outputs\real_data\frames_diverse\frame_cardboard_manipulation_station01_worker041_0513.jpg,,frame_cardboard_manipulation_station01_worker041_0513.jpg,Unknown,LOW,0.0,,,,
frames_diverse,outputs\real_data\frames_diverse\frame_cardboard_manipulation_station01_worker041_0514.jpg,,frame_cardboard_manipulation_station01_worker041_0514.jpg,Unknown,LOW,0.0,,,,
frames_diverse,outputs\real_data\frames_diverse\frame_cardboard_manipulation_station01_worker041_0515.jpg,,frame_cardboard_manipulation_station01_worker041_0515.jpg,Unknown,LOW,0.0,,,,
frames_diverse,outputs\real_data\frames_diverse\frame_cardboard_manipulation_station01_worker041_0517.jpg,,frame_cardboard_manipulation_station01_worker041_0517.jpg,Unknown,LOW,0.0,,,,
frames_diverse,outputs\real_data\frames_diverse\frame_cardboard_manipulation_station01_worker041_0518.jpg,,frame_cardboard_manipulation_station01_worker041_0518.jpg,Unknown,LOW,0.0,,,,
frames_diverse,outputs\real_data\frames_diverse\frame_cardboard_manipulation_station01_worker041_0519.jpg,,frame_cardboard_manipulation_station01_worker041_0519.jpg,Unknown,LOW,0.0,,,,
frames_diverse,outputs\real_data\frames_diverse\frame_cardboard_manipulation_station01_worker041_0520.jpg,,frame_cardboard_manipulation_station01_worker041_0520.jpg,Unknown,LOW,0.0,,,,
frames_diverse,outputs\real_data\frames_diverse\frame_cardboard_manipulation_station01_worker041_0521.jpg,,frame_cardboard_manipulation_station01_worker041_0521.jpg,Unknown,LOW,0.0,,,,
frames_diverse,outputs\real_data\frames_diverse\frame_cardboard_manipulation_station01_worker041_0522.jpg,,frame_cardboard_manipulation_station01_worker041_0522.jpg,Unknown,LOW,0.0,,,,
frames_diverse,outputs\real_data\frames_diverse\frame_cardboard_manipulation_station01_worker041_0523.jpg,,frame_cardboard_manipulation_station01_worker041_0523.jpg,Unknown,LOW,0.0,,,,
frames_diverse,outputs\real_data\frames_diverse\frame_cardboard_manipulation_station01_worker041_0524.jpg,,frame_cardboard_manipulation_station01_worker041_0524.jpg,Unknown,LOW,0.0,,,,
frames_diverse,outputs\real_data\frames_diverse\frame_cardboard_manipulation_station01_worker041_0525.jpg,,frame_cardboard_manipulation_station01_worker041_0525.jpg,Unknown,LOW,0.0,,,,
frames_diverse,outputs\real_data\frames_diverse\frame_cardboard_manipulation_station01_worker041_0527.jpg,,frame_cardboard_manipulation_station01_worker041_0527.jpg,Unknown,LOW,0.0,,,,
frames_diverse,outputs\real_data\frames_diverse\frame_cardboard_manipulation_station01_worker041_0528.jpg,,frame_cardboard_manipulation_station01_worker041_0528.jpg,Unknown,LOW,0.0,,,,
frames_diverse,outputs\real_data\frames_diverse\frame_cardboard_manipulation_station01_worker041_0529.jpg,,frame_cardboard_manipulation_station01_worker041_0529.jpg,Unknown,LOW,0.0,,,,
frames_diverse,outputs\real_data\frames_diverse\frame_cardboard_manipulation_station01_worker041_0530.jpg,,frame_cardboard_manipulation_station01_worker041_0530.jpg,Unknown,LOW,0.0,,,,
frames_diverse,outputs\real_data\frames_diverse\frame_cardboard_manipulation_station01_worker041_0531.jpg,,frame_cardboard_manipulation_station01_worker041_0531.jpg,Unknown,LOW,0.0,,,,
frames_diverse,outputs\real_data\frames_diverse\frame_cardboard_manipulation_station01_worker041_0532.jpg,,frame_cardboard_manipulation_station01_worker041_0532.jpg,Unknown,LOW,0.0,,,,
frames_diverse,outputs\real_data\frames_diverse\frame_cardboard_manipulation_station01_worker041_0533.jpg,,frame_cardboard_manipulation_station01_worker041_0533.jpg,Unknown,LOW,0.0,,,,
frames_diverse,outputs\real_data\frames_diverse\frame_cardboard_manipulation_station01_worker041_0534.jpg,,frame_cardboard_manipulation_station01_worker041_0534.jpg,Unknown,LOW,0.0,,,,
frames_diverse,outputs\real_data\frames_diverse\frame_cardboard_manipulation_station01_worker041_0535.jpg,,frame_cardboard_manipulation_station01_worker041_0535.jpg,Unknown,LOW,0.0,,,,
frames_diverse,outputs\real_data\frames_diverse\frame_cardboard_manipulation_station01_worker041_0537.jpg,,frame_cardboard_manipulation_station01_worker041_0537.jpg,Unknown,LOW,0.0,,,,
frames_diverse,outputs\real_data\frames_diverse\frame_cardboard_manipulation_station01_worker041_0538.jpg,,frame_cardboard_manipulation_station01_worker041_0538.jpg,Unknown,LOW,0.0,,,,
frames_diverse,outputs\real_data\frames_diverse\frame_cardboard_manipulation_station01_worker041_0539.jpg,,frame_cardboard_manipulation_station01_worker041_0539.jpg,Unknown,LOW,0.0,,,,
frames_diverse,outputs\real_data\frames_diverse\frame_cardboard_manipulation_station01_worker041_0540.jpg,,frame_cardboard_manipulation_station01_worker041_0540.jpg,Unknown,LOW,0.0,,,,
frames_diverse,outputs\real_data\frames_diverse\frame_cardboard_manipulation_station01_worker041_0541.jpg,,frame_cardboard_manipulation_station01_worker041_0541.jpg,Unknown,LOW,0.0,,,,
frames_diverse,outputs\real_data\frames_diverse\frame_cardboard_manipulation_station01_worker041_0542.jpg,,frame_cardboard_manipulation_station01_worker041_0542.jpg,Unknown,LOW,0.0,,,,
frames_diverse,outputs\real_data\frames_diverse\frame_cardboard_manipulation_station01_worker041_0543.jpg,,frame_cardboard_manipulation_station01_worker041_0543.jpg,Unknown,LOW,0.0,,,,
frames_diverse,outputs\real_data\frames_diverse\frame_cardboard_manipulation_station01_worker041_0544.jpg,,frame_cardboard_manipulation_station01_worker041_0544.jpg,Unknown,LOW,0.0,,,,
frames_diverse,outputs\real_data\frames_diverse\frame_cardboard_manipulation_station01_worker041_0545.jpg,,frame_cardboard_manipulation_station01_worker041_0545.jpg,Unknown,LOW,0.0,,,,
frames_diverse,outputs\real_data\frames_diverse\frame_cardboard_manipulation_station01_worker041_0547.jpg,,frame_cardboard_manipulation_station01_worker041_0547.jpg,Unknown,LOW,0.0,,,,
frames_diverse,outputs\real_data\frames_diverse\frame_cardboard_manipulation_station01_worker041_0548.jpg,,frame_cardboard_manipulation_station01_worker041_0548.jpg,Unknown,LOW,0.0,,,,
frames_diverse,outputs\real_data\frames_diverse\frame_cardboard_manipulation_station01_worker041_0549.jpg,,frame_cardboard_manipulation_station01_worker041_0549.jpg,Unknown,LOW,0.0,,,,
frames_diverse,outputs\real_data\frames_diverse\frame_cardboard_manipulation_station01_worker041_0550.jpg,,frame_cardboard_manipulation_station01_worker041_0550.jpg,Unknown,LOW,0.0,,,,
frames_diverse,outputs\real_data\frames_diverse\frame_cardboard_manipulation_station01_worker041_0551.jpg,,frame_cardboard_manipulation_station01_worker041_0551.jpg,Unknown,LOW,0.0,,,,
frames_diverse,outputs\real_data\frames_diverse\frame_cardboard_manipulation_station01_worker041_0552.jpg,,frame_cardboard_manipulation_station01_worker041_0552.jpg,Unknown,LOW,0.0,,,,
frames_diverse,outputs\real_data\frames_diverse\frame_cardboard_manipulation_station01_worker041_0553.jpg,,frame_cardboard_manipulation_station01_worker041_0553.jpg,Unknown,LOW,0.0,,,,
frames_diverse,outputs\real_data\frames_diverse\frame_cardboard_manipulation_station01_worker041_0554.jpg,,frame_cardboard_manipulation_station01_worker041_0554.jpg,Unknown,LOW,0.0,,,,
frames_diverse,outputs\real_data\frames_diverse\frame_cardboard_manipulation_station01_worker041_0555.jpg,,frame_cardboard_manipulation_station01_worker041_0555.jpg,Unknown,LOW,0.0,,,,
frames_diverse,outputs\real_data\frames_diverse\frame_cardboard_manipulation_station01_worker041_0557.jpg,,frame_cardboard_manipulation_station01_worker041_0557.jpg,Unknown,LOW,0.0,,,,
frames_diverse,outputs\real_data\frames_diverse\frame_cardboard_manipulation_station01_worker041_0558.jpg,,frame_cardboard_manipulation_station01_worker041_0558.jpg,Unknown,LOW,0.0,,,,
frames_diverse,outputs\real_data\frames_diverse\frame_cardboard_manipulation_station01_worker041_0559.jpg,,frame_cardboard_manipulation_station01_worker041_0559.jpg,Unknown,LOW,0.0,,,,
frames_diverse,outputs\real_data\frames_diverse\frame_cardboard_manipulation_station01_worker041_0560.jpg,,frame_cardboard_manipulation_station01_worker041_0560.jpg,Unknown,LOW,0.0,,,,
frames_diverse,outputs\real_data\frames_diverse\frame_cardboard_manipulation_station01_worker041_0561.jpg,,frame_cardboard_manipulation_station01_worker041_0561.jpg,Unknown,LOW,0.0,,,,
frames_diverse,outputs\real_data\frames_diverse\frame_cardboard_manipulation_station01_worker041_0562.jpg,,frame_cardboard_manipulation_station01_worker041_0562.jpg,Unknown,LOW,0.0,,,,
frames_diverse,outputs\real_data\frames_diverse\frame_cardboard_manipulation_station01_worker041_0563.jpg,,frame_cardboard_manipulation_station01_worker041_0563.jpg,Unknown,LOW,0.0,,,,
frames_diverse,outputs\real_data\frames_diverse\frame_cardboard_manipulation_station01_worker041_0564.jpg,,frame_cardboard_manipulation_station01_worker041_0564.jpg,Unknown,LOW,0.0,,,,
frames_diverse,outputs\real_data\frames_diverse\frame_cardboard_manipulation_station01_worker041_0565.jpg,,frame_cardboard_manipulation_station01_worker041_0565.jpg,Unknown,LOW,0.0,,,,
frames_diverse,outputs\real_data\frames_diverse\frame_cardboard_manipulation_station01_worker041_0567.jpg,,frame_cardboard_manipulation_station01_worker041_0567.jpg,Unknown,LOW,0.0,,,,
frames_diverse,outputs\real_data\frames_diverse\frame_cardboard_manipulation_station01_worker041_0568.jpg,,frame_cardboard_manipulation_station01_worker041_0568.jpg,Unknown,LOW,0.0,,,,
frames_diverse,outputs\real_data\frames_diverse\frame_cardboard_manipulation_station01_worker041_0569.jpg,,frame_cardboard_manipulation_station01_worker041_0569.jpg,Unknown,LOW,0.0,,,,
frames_diverse,outputs\real_data\frames_diverse\frame_cardboard_manipulation_station01_worker041_0570.jpg,,frame_cardboard_manipulation_station01_worker041_0570.jpg,Unknown,LOW,0.0,,,,
frames_diverse,outputs\real_data\frames_diverse\frame_cardboard_manipulation_station01_worker041_0571.jpg,,frame_cardboard_manipulation_station01_worker041_0571.jpg,Unknown,LOW,0.0,,,,
frames_diverse,outputs\real_data\frames_diverse\frame_cardboard_manipulation_station01_worker041_0572.jpg,,frame_cardboard_manipulation_station01_worker041_0572.jpg,Unknown,LOW,0.0,,,,
frames_diverse,outputs\real_data\frames_diverse\frame_cardboard_manipulation_station01_worker041_0573.jpg,,frame_cardboard_manipulation_station01_worker041_0573.jpg,Unknown,LOW,0.0,,,,
frames_diverse,outputs\real_data\frames_diverse\frame_cardboard_manipulation_station01_worker041_0574.jpg,,frame_cardboard_manipulation_station01_worker041_0574.jpg,Unknown,LOW,0.0,,,,
frames_diverse,outputs\real_data\frames_diverse\frame_cardboard_manipulation_station01_worker041_0575.jpg,,frame_cardboard_manipulation_station01_worker041_0575.jpg,Unknown,LOW,0.0,,,,
frames_diverse,outputs\real_data\frames_diverse\frame_cardboard_manipulation_station01_worker041_0577.jpg,,frame_cardboard_manipulation_station01_worker041_0577.jpg,Unknown,LOW,0.0,,,,
frames_diverse,outputs\real_data\frames_diverse\frame_cardboard_manipulation_station01_worker041_0578.jpg,,frame_cardboard_manipulation_station01_worker041_0578.jpg,Unknown,LOW,0.0,,,,
frames_diverse,outputs\real_data\frames_diverse\frame_cardboard_manipulation_station01_worker041_0579.jpg,,frame_cardboard_manipulation_station01_worker041_0579.jpg,Unknown,LOW,0.0,,,,
frames_diverse,outputs\real_data\frames_diverse\frame_cardboard_manipulation_station01_worker041_0580.jpg,,frame_cardboard_manipulation_station01_worker041_0580.jpg,Unknown,LOW,0.0,,,,
frames_diverse,outputs\real_data\frames_diverse\frame_cardboard_manipulation_station01_worker041_0581.jpg,,frame_cardboard_manipulation_station01_worker041_0581.jpg,Unknown,LOW,0.0,,,,
frames_diverse,outputs\real_data\frames_diverse\frame_cardboard_manipulation_station01_worker041_0582.jpg,,frame_cardboard_manipulation_station01_worker041_0582.jpg,Unknown,LOW,0.0,,,,
frames_diverse,outputs\real_data\frames_diverse\frame_cardboard_manipulation_station01_worker041_0583.jpg,,frame_cardboard_manipulation_station01_worker041_0583.jpg,Unknown,LOW,0.0,,,,
frames_diverse,outputs\real_data\frames_diverse\frame_cardboard_manipulation_station01_worker041_0584.jpg,,frame_cardboard_manipulation_station01_worker041_0584.jpg,Unknown,LOW,0.0,,,,
frames_diverse,outputs\real_data\frames_diverse\frame_cardboard_manipulation_station01_worker041_0585.jpg,,frame_cardboard_manipulation_station01_worker041_0585.jpg,Unknown,LOW,0.0,,,,
frames_diverse,outputs\real_data\frames_diverse\frame_cardboard_manipulation_station01_worker041_0587.jpg,,frame_cardboard_manipulation_station01_worker041_0587.jpg,Unknown,LOW,0.0,,,,
frames_diverse,outputs\real_data\frames_diverse\frame_cardboard_manipulation_station01_worker041_0588.jpg,,frame_cardboard_manipulation_station01_worker041_0588.jpg,Unknown,LOW,0.0,,,,
frames_diverse,outputs\real_data\frames_diverse\frame_cardboard_manipulation_station01_worker041_0589.jpg,,frame_cardboard_manipulation_station01_worker041_0589.jpg,Unknown,LOW,0.0,,,,
frames_diverse,outputs\real_data\frames_diverse\frame_cardboard_manipulation_station01_worker041_0590.jpg,,frame_cardboard_manipulation_station01_worker041_0590.jpg,Unknown,LOW,0.0,,,,
frames_diverse,outputs\real_data\frames_diverse\frame_cardboard_manipulation_station01_worker041_0591.jpg,,frame_cardboard_manipulation_station01_worker041_0591.jpg,Unknown,LOW,0.0,,,,
frames_diverse,outputs\real_data\frames_diverse\frame_cardboard_manipulation_station01_worker041_0592.jpg,,frame_cardboard_manipulation_station01_worker041_0592.jpg,Unknown,LOW,0.0,,,,
frames_diverse,outputs\real_data\frames_diverse\frame_cardboard_manipulation_station01_worker041_0593.jpg,,frame_cardboard_manipulation_station01_worker041_0593.jpg,Unknown,LOW,0.0,,,,
frames_diverse,outputs\real_data\frames_diverse\frame_cardboard_manipulation_station01_worker041_0594.jpg,,frame_cardboard_manipulation_station01_worker041_0594.jpg,Unknown,LOW,0.0,,,,
frames_diverse,outputs\real_data\frames_diverse\frame_cardboard_manipulation_station01_worker041_0595.jpg,,frame_cardboard_manipulation_station01_worker041_0595.jpg,Unknown,LOW,0.0,,,,
frames_diverse,outputs\real_data\frames_diverse\frame_cardboard_manipulation_station01_worker041_0597.jpg,,frame_cardboard_manipulation_station01_worker041_0597.jpg,Unknown,LOW,0.0,,,,
frames_diverse,outputs\real_data\frames_diverse\frame_cardboard_manipulation_station01_worker041_0598.jpg,,frame_cardboard_manipulation_station01_worker041_0598.jpg,Unknown,LOW,0.0,,,,
frames_diverse,outputs\real_data\frames_diverse\frame_cardboard_manipulation_station01_worker041_0599.jpg,,frame_cardboard_manipulation_station01_worker041_0599.jpg,Unknown,LOW,0.0,,,,
frames_diverse,outputs\real_data\frames_diverse\frame_cardboard_manipulation_station01_worker041_0600.jpg,,frame_cardboard_manipulation_station01_worker041_0600.jpg,Unknown,LOW,0.0,,,,
frames_diverse,outputs\real_data\frames_diverse\frame_cardboard_manipulation_station01_worker041_0601.jpg,,frame_cardboard_manipulation_station01_worker041_0601.jpg,Unknown,LOW,0.0,,,,
frames_diverse,outputs\real_data\frames_diverse\frame_cardboard_manipulation_station01_worker041_0602.jpg,,frame_cardboard_manipulation_station01_worker041_0602.jpg,Unknown,LOW,0.0,,,,
frames_diverse,outputs\real_data\frames_diverse\frame_cardboard_manipulation_station01_worker041_0603.jpg,,frame_cardboard_manipulation_station01_worker041_0603.jpg,Unknown,LOW,0.0,,,,
frames_diverse,outputs\real_data\frames_diverse\frame_cardboard_manipulation_station01_worker041_0604.jpg,,frame_cardboard_manipulation_station01_worker041_0604.jpg,Unknown,LOW,0.0,,,,
frames_diverse,outputs\real_data\frames_diverse\frame_cardboard_manipulation_station01_worker041_0605.jpg,,frame_cardboard_manipulation_station01_worker041_0605.jpg,Unknown,LOW,0.0,,,,
frames_diverse,outputs\real_data\frames_diverse\frame_cardboard_manipulation_station01_worker041_0607.jpg,,frame_cardboard_manipulation_station01_worker041_0607.jpg,Unknown,LOW,0.0,,,,
frames_diverse,outputs\real_data\frames_diverse\frame_cardboard_manipulation_station01_worker041_0608.jpg,,frame_cardboard_manipulation_station01_worker041_0608.jpg,Unknown,LOW,0.0,,,,
frames_diverse,outputs\real_data\frames_diverse\frame_cardboard_manipulation_station01_worker041_0609.jpg,,frame_cardboard_manipulation_station01_worker041_0609.jpg,Unknown,LOW,0.0,,,,
frames_diverse,outputs\real_data\frames_diverse\frame_cardboard_manipulation_station01_worker041_0610.jpg,,frame_cardboard_manipulation_station01_worker041_0610.jpg,Unknown,LOW,0.0,,,,
frames_diverse,outputs\real_data\frames_diverse\frame_cardboard_manipulation_station01_worker041_0611.jpg,,frame_cardboard_manipulation_station01_worker041_0611.jpg,Unknown,LOW,0.0,,,,
frames_diverse,outputs\real_data\frames_diverse\frame_cardboard_manipulation_station01_worker041_0612.jpg,,frame_cardboard_manipulation_station01_worker041_0612.jpg,Unknown,LOW,0.0,,,,
frames_diverse,outputs\real_data\frames_diverse\frame_cardboard_manipulation_station01_worker041_0613.jpg,,frame_cardboard_manipulation_station01_worker041_0613.jpg,Unknown,LOW,0.0,,,,
frames_diverse,outputs\real_data\frames_diverse\frame_cardboard_manipulation_station01_worker041_0614.jpg,,frame_cardboard_manipulation_station01_worker041_0614.jpg,Unknown,LOW,0.0,,,,
frames_diverse,outputs\real_data\frames_diverse\frame_cardboard_manipulation_station01_worker041_0615.jpg,,frame_cardboard_manipulation_station01_worker041_0615.jpg,Unknown,LOW,0.0,,,,
frames_diverse,outputs\real_data\frames_diverse\frame_cardboard_manipulation_station01_worker041_0617.jpg,,frame_cardboard_manipulation_station01_worker041_0617.jpg,Unknown,LOW,0.0,,,,
frames_diverse,outputs\real_data\frames_diverse\frame_cardboard_manipulation_station01_worker041_0618.jpg,,frame_cardboard_manipulation_station01_worker041_0618.jpg,Unknown,LOW,0.0,,,,
frames_diverse,outputs\real_data\frames_diverse\frame_cardboard_manipulation_station01_worker041_0619.jpg,,frame_cardboard_manipulation_station01_worker041_0619.jpg,Unknown,LOW,0.0,,,,
frames_diverse,outputs\real_data\frames_diverse\frame_cardboard_manipulation_station01_worker041_0620.jpg,,frame_cardboard_manipulation_station01_worker041_0620.jpg,Unknown,LOW,0.0,,,,
frames_diverse,outputs\real_data\frames_diverse\frame_cardboard_manipulation_station01_worker041_0621.jpg,,frame_cardboard_manipulation_station01_worker041_0621.jpg,Unknown,LOW,0.0,,,,
frames_diverse,outputs\real_data\frames_diverse\frame_cardboard_manipulation_station01_worker041_0622.jpg,,frame_cardboard_manipulation_station01_worker041_0622.jpg,Unknown,LOW,0.0,,,,
frames_diverse,outputs\real_data\frames_diverse\frame_cardboard_manipulation_station01_worker041_0623.jpg,,frame_cardboard_manipulation_station01_worker041_0623.jpg,Unknown,LOW,0.0,,,,
frames_diverse,outputs\real_data\frames_diverse\frame_cardboard_manipulation_station01_worker041_0624.jpg,,frame_cardboard_manipulation_station01_worker041_0624.jpg,Unknown,LOW,0.0,,,,
frames_diverse,outputs\real_data\frames_diverse\frame_cardboard_manipulation_station01_worker041_0625.jpg,,frame_cardboard_manipulation_station01_worker041_0625.jpg,Unknown,LOW,0.0,,,,
frames_diverse,outputs\real_data\frames_diverse\frame_cardboard_manipulation_station01_worker041_0627.jpg,,frame_cardboard_manipulation_station01_worker041_0627.jpg,Unknown,LOW,0.0,,,,
frames_diverse,outputs\real_data\frames_diverse\frame_cardboard_manipulation_station01_worker041_0628.jpg,,frame_cardboard_manipulation_station01_worker041_0628.jpg,Unknown,LOW,0.0,,,,
frames_diverse,outputs\real_data\frames_diverse\frame_cardboard_manipulation_station01_worker041_0629.jpg,,frame_cardboard_manipulation_station01_worker041_0629.jpg,Unknown,LOW,0.0,,,,
frames_diverse,outputs\real_data\frames_diverse\frame_cardboard_manipulation_station01_worker041_0630.jpg,,frame_cardboard_manipulation_station01_worker041_0630.jpg,Unknown,LOW,0.0,,,,
frames_diverse,outputs\real_data\frames_diverse\frame_cardboard_manipulation_station01_worker041_0631.jpg,,frame_cardboard_manipulation_station01_worker041_0631.jpg,Unknown,LOW,0.0,,,,
frames_diverse,outputs\real_data\frames_diverse\frame_cardboard_manipulation_station01_worker041_0632.jpg,,frame_cardboard_manipulation_station01_worker041_0632.jpg,Unknown,LOW,0.0,,,,
frames_diverse,outputs\real_data\frames_diverse\frame_cardboard_manipulation_station01_worker041_0633.jpg,,frame_cardboard_manipulation_station01_worker041_0633.jpg,Unknown,LOW,0.0,,,,
frames_diverse,outputs\real_data\frames_diverse\frame_cardboard_manipulation_station01_worker041_0634.jpg,,frame_cardboard_manipulation_station01_worker041_0634.jpg,Unknown,LOW,0.0,,,,
frames_diverse,outputs\real_data\frames_diverse\frame_cardboard_manipulation_station01_worker041_0635.jpg,,frame_cardboard_manipulation_station01_worker041_0635.jpg,Unknown,LOW,0.0,,,,
frames_diverse,outputs\real_data\frames_diverse\frame_cardboard_manipulation_station01_worker041_0637.jpg,,frame_cardboard_manipulation_station01_worker041_0637.jpg,Unknown,LOW,0.0,,,,
frames_diverse,outputs\real_data\frames_diverse\frame_cardboard_manipulation_station01_worker041_0638.jpg,,frame_cardboard_manipulation_station01_worker041_0638.jpg,Unknown,LOW,0.0,,,,
frames_diverse,outputs\real_data\frames_diverse\frame_cardboard_manipulation_station01_worker041_0639.jpg,,frame_cardboard_manipulation_station01_worker041_0639.jpg,Unknown,LOW,0.0,,,,
frames_diverse,outputs\real_data\frames_diverse\frame_cardboard_manipulation_station01_worker041_0640.jpg,,frame_cardboard_manipulation_station01_worker041_0640.jpg,Unknown,LOW,0.0,,,,
frames_diverse,outputs\real_data\frames_diverse\frame_cardboard_manipulation_station01_worker041_0641.jpg,,frame_cardboard_manipulation_station01_worker041_0641.jpg,Unknown,LOW,0.0,,,,
frames_diverse,outputs\real_data\frames_diverse\frame_cardboard_manipulation_station01_worker041_0642.jpg,,frame_cardboard_manipulation_station01_worker041_0642.jpg,Unknown,LOW,0.0,,,,
frames_diverse,outputs\real_data\frames_diverse\frame_cardboard_manipulation_station01_worker041_0643.jpg,,frame_cardboard_manipulation_station01_worker041_0643.jpg,Unknown,LOW,0.0,,,,
frames_diverse,outputs\real_data\frames_diverse\frame_cardboard_manipulation_station01_worker041_0644.jpg,,frame_cardboard_manipulation_station01_worker041_0644.jpg,Unknown,LOW,0.0,,,,
frames_diverse,outputs\real_data\frames_diverse\frame_cardboard_manipulation_station01_worker041_0645.jpg,,frame_cardboard_manipulation_station01_worker041_0645.jpg,Unknown,LOW,0.0,,,,
frames_diverse,outputs\real_data\frames_diverse\frame_cardboard_manipulation_station01_worker041_0647.jpg,,frame_cardboard_manipulation_station01_worker041_0647.jpg,Unknown,LOW,0.0,,,,
frames_diverse,outputs\real_data\frames_diverse\frame_cardboard_manipulation_station01_worker041_0648.jpg,,frame_cardboard_manipulation_station01_worker041_0648.jpg,Unknown,LOW,0.0,,,,
frames_diverse,outputs\real_data\frames_diverse\frame_cardboard_manipulation_station01_worker041_0649.jpg,,frame_cardboard_manipulation_station01_worker041_0649.jpg,Unknown,LOW,0.0,,,,
frames_diverse,outputs\real_data\frames_diverse\frame_cardboard_manipulation_station01_worker041_0650.jpg,,frame_cardboard_manipulation_station01_worker041_0650.jpg,Unknown,LOW,0.0,,,,
frames_diverse,outputs\real_data\frames_diverse\frame_cardboard_manipulation_station01_worker041_0651.jpg,,frame_cardboard_manipulation_station01_worker041_0651.jpg,Unknown,LOW,0.0,,,,
frames_diverse,outputs\real_data\frames_diverse\frame_cardboard_manipulation_station01_worker041_0652.jpg,,frame_cardboard_manipulation_station01_worker041_0652.jpg,Unknown,LOW,0.0,,,,
frames_diverse,outputs\real_data\frames_diverse\frame_cardboard_manipulation_station01_worker041_0653.jpg,,frame_cardboard_manipulation_station01_worker041_0653.jpg,Unknown,LOW,0.0,,,,
frames_diverse,outputs\real_data\frames_diverse\frame_cardboard_manipulation_station01_worker041_0654.jpg,,frame_cardboard_manipulation_station01_worker041_0654.jpg,Unknown,LOW,0.0,,,,
frames_diverse,outputs\real_data\frames_diverse\frame_cardboard_manipulation_station01_worker041_0655.jpg,,frame_cardboard_manipulation_station01_worker041_0655.jpg,Unknown,LOW,0.0,,,,
frames_diverse,outputs\real_data\frames_diverse\frame_cardboard_manipulation_station01_worker041_0657.jpg,,frame_cardboard_manipulation_station01_worker041_0657.jpg,Unknown,LOW,0.0,,,,
frames_diverse,outputs\real_data\frames_diverse\frame_cardboard_manipulation_station01_worker041_0658.jpg,,frame_cardboard_manipulation_station01_worker041_0658.jpg,Unknown,LOW,0.0,,,,
frames_diverse,outputs\real_data\frames_diverse\frame_cardboard_manipulation_station01_worker041_0659.jpg,,frame_cardboard_manipulation_station01_worker041_0659.jpg,Unknown,LOW,0.0,,,,
frames_diverse,outputs\real_data\frames_diverse\frame_cardboard_manipulation_station01_worker041_0660.jpg,,frame_cardboard_manipulation_station01_worker041_0660.jpg,Unknown,LOW,0.0,,,,
frames_diverse,outputs\real_data\frames_diverse\frame_cardboard_manipulation_station01_worker041_0661.jpg,,frame_cardboard_manipulation_station01_worker041_0661.jpg,Unknown,LOW,0.0,,,,
frames_diverse,outputs\real_data\frames_diverse\frame_cardboard_manipulation_station01_worker041_0662.jpg,,frame_cardboard_manipulation_station01_worker041_0662.jpg,Unknown,LOW,0.0,,,,
frames_diverse,outputs\real_data\frames_diverse\frame_cardboard_manipulation_station01_worker041_0663.jpg,,frame_cardboard_manipulation_station01_worker041_0663.jpg,Unknown,LOW,0.0,,,,
frames_diverse,outputs\real_data\frames_diverse\frame_cardboard_manipulation_station01_worker041_0664.jpg,,frame_cardboard_manipulation_station01_worker041_0664.jpg,Unknown,LOW,0.0,,,,
frames_diverse,outputs\real_data\frames_diverse\frame_cardboard_manipulation_station01_worker041_0665.jpg,,frame_cardboard_manipulation_station01_worker041_0665.jpg,Unknown,LOW,0.0,,,,
frames_diverse,outputs\real_data\frames_diverse\frame_cardboard_manipulation_station01_worker041_0667.jpg,,frame_cardboard_manipulation_station01_worker041_0667.jpg,Unknown,LOW,0.0,,,,
frames_diverse,outputs\real_data\frames_diverse\frame_cardboard_manipulation_station01_worker041_0668.jpg,,frame_cardboard_manipulation_station01_worker041_0668.jpg,Unknown,LOW,0.0,,,,
frames_diverse,outputs\real_data\frames_diverse\frame_cardboard_manipulation_station01_worker041_0669.jpg,,frame_cardboard_manipulation_station01_worker041_0669.jpg,Unknown,LOW,0.0,,,,
frames_diverse,outputs\real_data\frames_diverse\frame_cardboard_manipulation_station01_worker041_0670.jpg,,frame_cardboard_manipulation_station01_worker041_0670.jpg,Unknown,LOW,0.0,,,,
frames_diverse,outputs\real_data\frames_diverse\frame_cardboard_manipulation_station01_worker041_0671.jpg,,frame_cardboard_manipulation_station01_worker041_0671.jpg,Unknown,LOW,0.0,,,,
frames_diverse,outputs\real_data\frames_diverse\frame_cardboard_manipulation_station01_worker041_0672.jpg,,frame_cardboard_manipulation_station01_worker041_0672.jpg,Unknown,LOW,0.0,,,,
frames_diverse,outputs\real_data\frames_diverse\frame_cardboard_manipulation_station01_worker041_0673.jpg,,frame_cardboard_manipulation_station01_worker041_0673.jpg,Unknown,LOW,0.0,,,,
frames_diverse,outputs\real_data\frames_diverse\frame_cardboard_manipulation_station01_worker041_0674.jpg,,frame_cardboard_manipulation_station01_worker041_0674.jpg,Unknown,LOW,0.0,,,,
frames_diverse,outputs\real_data\frames_diverse\frame_cardboard_manipulation_station01_worker041_0675.jpg,,frame_cardboard_manipulation_station01_worker041_0675.jpg,Unknown,LOW,0.0,,,,
frames_diverse,outputs\real_data\frames_diverse\frame_cardboard_manipulation_station01_worker041_0677.jpg,,frame_cardboard_manipulation_station01_worker041_0677.jpg,Unknown,LOW,0.0,,,,
frames_diverse,outputs\real_data\frames_diverse\frame_cardboard_manipulation_station01_worker041_0678.jpg,,frame_cardboard_manipulation_station01_worker041_0678.jpg,Unknown,LOW,0.0,,,,
frames_diverse,outputs\real_data\frames_diverse\frame_cardboard_manipulation_station01_worker041_0679.jpg,,frame_cardboard_manipulation_station01_worker041_0679.jpg,Unknown,LOW,0.0,,,,
frames_diverse,outputs\real_data\frames_diverse\frame_cardboard_manipulation_station01_worker041_0680.jpg,,frame_cardboard_manipulation_station01_worker041_0680.jpg,Unknown,LOW,0.0,,,,
frames_diverse,outputs\real_data\frames_diverse\frame_cardboard_manipulation_station01_worker041_0681.jpg,,frame_cardboard_manipulation_station01_worker041_0681.jpg,Unknown,LOW,0.0,,,,
frames_diverse,outputs\real_data\frames_diverse\frame_cardboard_manipulation_station01_worker041_0682.jpg,,frame_cardboard_manipulation_station01_worker041_0682.jpg,Unknown,LOW,0.0,,,,
frames_diverse,outputs\real_data\frames_diverse\frame_cardboard_manipulation_station01_worker041_0683.jpg,,frame_cardboard_manipulation_station01_worker041_0683.jpg,Unknown,LOW,0.0,,,,
frames_diverse,outputs\real_data\frames_diverse\frame_cardboard_manipulation_station01_worker041_0684.jpg,,frame_cardboard_manipulation_station01_worker041_0684.jpg,Unknown,LOW,0.0,,,,
frames_diverse,outputs\real_data\frames_diverse\frame_cardboard_manipulation_station01_worker041_0685.jpg,,frame_cardboard_manipulation_station01_worker041_0685.jpg,Unknown,LOW,0.0,,,,
frames_diverse,outputs\real_data\frames_diverse\frame_cardboard_manipulation_station01_worker041_0687.jpg,,frame_cardboard_manipulation_station01_worker041_0687.jpg,Unknown,LOW,0.0,,,,
frames_diverse,outputs\real_data\frames_diverse\frame_cardboard_manipulation_station01_worker041_0688.jpg,,frame_cardboard_manipulation_station01_worker041_0688.jpg,Unknown,LOW,0.0,,,,
frames_diverse,outputs\real_data\frames_diverse\frame_cardboard_manipulation_station01_worker041_0689.jpg,,frame_cardboard_manipulation_station01_worker041_0689.jpg,Unknown,LOW,0.0,,,,
frames_diverse,outputs\real_data\frames_diverse\frame_cardboard_manipulation_station01_worker041_0690.jpg,,frame_cardboard_manipulation_station01_worker041_0690.jpg,Unknown,LOW,0.0,,,,
frames_diverse,outputs\real_data\frames_diverse\frame_cardboard_manipulation_station01_worker041_0691.jpg,,frame_cardboard_manipulation_station01_worker041_0691.jpg,Unknown,LOW,0.0,,,,
frames_diverse,outputs\real_data\frames_diverse\frame_cardboard_manipulation_station01_worker041_0692.jpg,,frame_cardboard_manipulation_station01_worker041_0692.jpg,Unknown,LOW,0.0,,,,
frames_diverse,outputs\real_data\frames_diverse\frame_cardboard_manipulation_station01_worker041_0693.jpg,,frame_cardboard_manipulation_station01_worker041_0693.jpg,Unknown,LOW,0.0,,,,
frames_diverse,outputs\real_data\frames_diverse\frame_cardboard_manipulation_station01_worker041_0694.jpg,,frame_cardboard_manipulation_station01_worker041_0694.jpg,Unknown,LOW,0.0,,,,
frames_diverse,outputs\real_data\frames_diverse\frame_cardboard_manipulation_station01_worker041_0695.jpg,,frame_cardboard_manipulation_station01_worker041_0695.jpg,Unknown,LOW,0.0,,,,
frames_diverse,outputs\real_data\frames_diverse\frame_cardboard_manipulation_station01_worker041_0697.jpg,,frame_cardboard_manipulation_station01_worker041_0697.jpg,Unknown,LOW,0.0,,,,
frames_diverse,outputs\real_data\frames_diverse\frame_cardboard_manipulation_station01_worker041_0698.jpg,,frame_cardboard_manipulation_station01_worker041_0698.jpg,Unknown,LOW,0.0,,,,
frames_diverse,outputs\real_data\frames_diverse\frame_cardboard_manipulation_station01_worker041_0699.jpg,,frame_cardboard_manipulation_station01_worker041_0699.jpg,Unknown,LOW,0.0,,,,
frames_diverse,outputs\real_data\frames_diverse\frame_cardboard_manipulation_station01_worker041_0700.jpg,,frame_cardboard_manipulation_station01_worker041_0700.jpg,Unknown,LOW,0.0,,,,
frames_diverse,outputs\real_data\frames_diverse\frame_cardboard_manipulation_station01_worker041_0701.jpg,,frame_cardboard_manipulation_station01_worker041_0701.jpg,Unknown,LOW,0.0,,,,
frames_diverse,outputs\real_data\frames_diverse\frame_cardboard_manipulation_station01_worker041_0702.jpg,,frame_cardboard_manipulation_station01_worker041_0702.jpg,Unknown,LOW,0.0,,,,
frames_diverse,outputs\real_data\frames_diverse\frame_cardboard_manipulation_station01_worker041_0703.jpg,,frame_cardboard_manipulation_station01_worker041_0703.jpg,Unknown,LOW,0.0,,,,
frames_diverse,outputs\real_data\frames_diverse\frame_cardboard_manipulation_station01_worker041_0704.jpg,,frame_cardboard_manipulation_station01_worker041_0704.jpg,Unknown,LOW,0.0,,,,
frames_diverse,outputs\real_data\frames_diverse\frame_cardboard_manipulation_station01_worker041_0705.jpg,,frame_cardboard_manipulation_station01_worker041_0705.jpg,Unknown,LOW,0.0,,,,
frames_diverse,outputs\real_data\frames_diverse\frame_cardboard_manipulation_station01_worker041_0707.jpg,,frame_cardboard_manipulation_station01_worker041_0707.jpg,Unknown,LOW,0.0,,,,
frames_diverse,outputs\real_data\frames_diverse\frame_cardboard_manipulation_station01_worker041_0708.jpg,,frame_cardboard_manipulation_station01_worker041_0708.jpg,Unknown,LOW,0.0,,,,
frames_diverse,outputs\real_data\frames_diverse\frame_cardboard_manipulation_station01_worker041_0709.jpg,,frame_cardboard_manipulation_station01_worker041_0709.jpg,Unknown,LOW,0.0,,,,
frames_diverse,outputs\real_data\frames_diverse\frame_Ergonomic workplace analysis - Tutorial Video_0001.jpg,,frame_Ergonomic workplace analysis - Tutorial Video_0001.jpg,Unknown,LOW,0.0,,,,
frames_diverse,outputs\real_data\frames_diverse\frame_Ergonomic workplace analysis - Tutorial Video_0002.jpg,,frame_Ergonomic workplace analysis - Tutorial Video_0002.jpg,Unknown,LOW,0.0,,,,
frames_diverse,outputs\real_data\frames_diverse\frame_Ergonomic workplace analysis - Tutorial Video_0003.jpg,,frame_Ergonomic workplace analysis - Tutorial Video_0003.jpg,Unknown,LOW,0.0,,,,
frames_diverse,outputs\real_data\frames_diverse\frame_Ergonomic workplace analysis - Tutorial Video_0004.jpg,,frame_Ergonomic workplace analysis - Tutorial Video_0004.jpg,Unknown,LOW,0.0,,,,
frames_diverse,outputs\real_data\frames_diverse\frame_Ergonomic workplace analysis - Tutorial Video_0005.jpg,,frame_Ergonomic workplace analysis - Tutorial Video_0005.jpg,Unknown,LOW,0.0,,,,
frames_diverse,outputs\real_data\frames_diverse\frame_Ergonomic workplace analysis - Tutorial Video_0006.jpg,,frame_Ergonomic workplace analysis - Tutorial Video_0006.jpg,Unknown,LOW,0.0,,,,
frames_diverse,outputs\real_data\frames_diverse\frame_Ergonomic workplace analysis - Tutorial Video_0007.jpg,,frame_Ergonomic workplace analysis - Tutorial Video_0007.jpg,Unknown,LOW,0.0,,,,
frames_diverse,outputs\real_data\frames_diverse\frame_Ergonomic workplace analysis - Tutorial Video_0008.jpg,,frame_Ergonomic workplace analysis - Tutorial Video_0008.jpg,Unknown,LOW,0.0,,,,
frames_diverse,outputs\real_data\frames_diverse\frame_Ergonomic workplace analysis - Tutorial Video_0009.jpg,,frame_Ergonomic workplace analysis - Tutorial Video_0009.jpg,Unknown,LOW,0.0,,,,
frames_diverse,outputs\real_data\frames_diverse\frame_Ergonomic workplace analysis - Tutorial Video_0011.jpg,,frame_Ergonomic workplace analysis - Tutorial Video_0011.jpg,Unknown,LOW,0.0,,,,
frames_diverse,outputs\real_data\frames_diverse\frame_Ergonomic workplace analysis - Tutorial Video_0012.jpg,,frame_Ergonomic workplace analysis - Tutorial Video_0012.jpg,Unknown,LOW,0.0,,,,
frames_diverse,outputs\real_data\frames_diverse\frame_Ergonomic workplace analysis - Tutorial Video_0013.jpg,,frame_Ergonomic workplace analysis - Tutorial Video_0013.jpg,Unknown,LOW,0.0,,,,
frames_diverse,outputs\real_data\frames_diverse\frame_Ergonomic workplace analysis - Tutorial Video_0014.jpg,,frame_Ergonomic workplace analysis - Tutorial Video_0014.jpg,Unknown,LOW,0.0,,,,
frames_diverse,outputs\real_data\frames_diverse\frame_Ergonomic workplace analysis - Tutorial Video_0015.jpg,,frame_Ergonomic workplace analysis - Tutorial Video_0015.jpg,Unknown,LOW,0.0,,,,
frames_diverse,outputs\real_data\frames_diverse\frame_Ergonomic workplace analysis - Tutorial Video_0016.jpg,,frame_Ergonomic workplace analysis - Tutorial Video_0016.jpg,Unknown,LOW,0.0,,,,
frames_diverse,outputs\real_data\frames_diverse\frame_Ergonomic workplace analysis - Tutorial Video_0017.jpg,,frame_Ergonomic workplace analysis - Tutorial Video_0017.jpg,Unknown,LOW,0.0,,,,
frames_diverse,outputs\real_data\frames_diverse\frame_Ergonomic workplace analysis - Tutorial Video_0018.jpg,,frame_Ergonomic workplace analysis - Tutorial Video_0018.jpg,Unknown,LOW,0.0,,,,
frames_diverse,outputs\real_data\frames_diverse\frame_Ergonomic workplace analysis - Tutorial Video_0019.jpg,,frame_Ergonomic workplace analysis - Tutorial Video_0019.jpg,Unknown,LOW,0.0,,,,
frames_diverse,outputs\real_data\frames_diverse\frame_Ergonomic workplace analysis - Tutorial Video_0021.jpg,,frame_Ergonomic workplace analysis - Tutorial Video_0021.jpg,Unknown,LOW,0.0,,,,
frames_diverse,outputs\real_data\frames_diverse\frame_Ergonomic workplace analysis - Tutorial Video_0022.jpg,,frame_Ergonomic workplace analysis - Tutorial Video_0022.jpg,Unknown,LOW,0.0,,,,
frames_diverse,outputs\real_data\frames_diverse\frame_Ergonomic workplace analysis - Tutorial Video_0023.jpg,,frame_Ergonomic workplace analysis - Tutorial Video_0023.jpg,Unknown,LOW,0.0,,,,
frames_diverse,outputs\real_data\frames_diverse\frame_Ergonomic workplace analysis - Tutorial Video_0024.jpg,,frame_Ergonomic workplace analysis - Tutorial Video_0024.jpg,Unknown,LOW,0.0,,,,
frames_diverse,outputs\real_data\frames_diverse\frame_Ergonomic workplace analysis - Tutorial Video_0025.jpg,,frame_Ergonomic workplace analysis - Tutorial Video_0025.jpg,Unknown,LOW,0.0,,,,
frames_diverse,outputs\real_data\frames_diverse\frame_Ergonomic workplace analysis - Tutorial Video_0026.jpg,,frame_Ergonomic workplace analysis - Tutorial Video_0026.jpg,Unknown,LOW,0.0,,,,
frames_diverse,outputs\real_data\frames_diverse\frame_Ergonomic workplace analysis - Tutorial Video_0027.jpg,,frame_Ergonomic workplace analysis - Tutorial Video_0027.jpg,Unknown,LOW,0.0,,,,
frames_diverse,outputs\real_data\frames_diverse\frame_Ergonomic workplace analysis - Tutorial Video_0028.jpg,,frame_Ergonomic workplace analysis - Tutorial Video_0028.jpg,Unknown,LOW,0.0,,,,
frames_diverse,outputs\real_data\frames_diverse\frame_Ergonomic workplace analysis - Tutorial Video_0029.jpg,,frame_Ergonomic workplace analysis - Tutorial Video_0029.jpg,Unknown,LOW,0.0,,,,
frames_diverse,outputs\real_data\frames_diverse\frame_Ergonomic workplace analysis - Tutorial Video_0031.jpg,,frame_Ergonomic workplace analysis - Tutorial Video_0031.jpg,Unknown,LOW,0.0,,,,
frames_diverse,outputs\real_data\frames_diverse\frame_Ergonomic workplace analysis - Tutorial Video_0032.jpg,,frame_Ergonomic workplace analysis - Tutorial Video_0032.jpg,Unknown,LOW,0.0,,,,
frames_diverse,outputs\real_data\frames_diverse\frame_Ergonomic workplace analysis - Tutorial Video_0033.jpg,,frame_Ergonomic workplace analysis - Tutorial Video_0033.jpg,Unknown,LOW,0.0,,,,
frames_diverse,outputs\real_data\frames_diverse\frame_Ergonomic workplace analysis - Tutorial Video_0034.jpg,,frame_Ergonomic workplace analysis - Tutorial Video_0034.jpg,Unknown,LOW,0.0,,,,
frames_diverse,outputs\real_data\frames_diverse\frame_Ergonomic workplace analysis - Tutorial Video_0035.jpg,,frame_Ergonomic workplace analysis - Tutorial Video_0035.jpg,Unknown,LOW,0.0,,,,
frames_diverse,outputs\real_data\frames_diverse\frame_Ergonomic workplace analysis - Tutorial Video_0036.jpg,,frame_Ergonomic workplace analysis - Tutorial Video_0036.jpg,Unknown,LOW,0.0,,,,
frames_diverse,outputs\real_data\frames_diverse\frame_Ergonomic workplace analysis - Tutorial Video_0037.jpg,,frame_Ergonomic workplace analysis - Tutorial Video_0037.jpg,Unknown,LOW,0.0,,,,
frames_diverse,outputs\real_data\frames_diverse\frame_Ergonomic workplace analysis - Tutorial Video_0038.jpg,,frame_Ergonomic workplace analysis - Tutorial Video_0038.jpg,Unknown,LOW,0.0,,,,
frames_diverse,outputs\real_data\frames_diverse\frame_Ergonomic workplace analysis - Tutorial Video_0039.jpg,,frame_Ergonomic workplace analysis - Tutorial Video_0039.jpg,Unknown,LOW,0.0,,,,
frames_diverse,outputs\real_data\frames_diverse\frame_Ergonomic workplace analysis - Tutorial Video_0041.jpg,,frame_Ergonomic workplace analysis - Tutorial Video_0041.jpg,Unknown,LOW,0.0,,,,
frames_diverse,outputs\real_data\frames_diverse\frame_Ergonomic workplace analysis - Tutorial Video_0042.jpg,,frame_Ergonomic workplace analysis - Tutorial Video_0042.jpg,Unknown,LOW,0.0,,,,
frames_diverse,outputs\real_data\frames_diverse\frame_Ergonomic workplace analysis - Tutorial Video_0043.jpg,,frame_Ergonomic workplace analysis - Tutorial Video_0043.jpg,Unknown,LOW,0.0,,,,
frames_diverse,outputs\real_data\frames_diverse\frame_Ergonomic workplace analysis - Tutorial Video_0044.jpg,,frame_Ergonomic workplace analysis - Tutorial Video_0044.jpg,Unknown,LOW,0.0,,,,
frames_diverse,outputs\real_data\frames_diverse\frame_Ergonomic workplace analysis - Tutorial Video_0045.jpg,,frame_Ergonomic workplace analysis - Tutorial Video_0045.jpg,Unknown,LOW,0.0,,,,
frames_diverse,outputs\real_data\frames_diverse\frame_Ergonomic workplace analysis - Tutorial Video_0046.jpg,,frame_Ergonomic workplace analysis - Tutorial Video_0046.jpg,Unknown,LOW,0.0,,,,
frames_diverse,outputs\real_data\frames_diverse\frame_Ergonomic workplace analysis - Tutorial Video_0047.jpg,,frame_Ergonomic workplace analysis - Tutorial Video_0047.jpg,Unknown,LOW,0.0,,,,
frames_diverse,outputs\real_data\frames_diverse\frame_Ergonomic workplace analysis - Tutorial Video_0048.jpg,,frame_Ergonomic workplace analysis - Tutorial Video_0048.jpg,Unknown,LOW,0.0,,,,
frames_diverse,outputs\real_data\frames_diverse\frame_Ergonomic workplace analysis - Tutorial Video_0049.jpg,,frame_Ergonomic workplace analysis - Tutorial Video_0049.jpg,Unknown,LOW,0.0,,,,
frames_diverse,outputs\real_data\frames_diverse\frame_Ergonomic workplace analysis - Tutorial Video_0051.jpg,,frame_Ergonomic workplace analysis - Tutorial Video_0051.jpg,Unknown,LOW,0.0,,,,
frames_diverse,outputs\real_data\frames_diverse\frame_Ergonomic workplace analysis - Tutorial Video_0052.jpg,,frame_Ergonomic workplace analysis - Tutorial Video_0052.jpg,Unknown,LOW,0.0,,,,
frames_diverse,outputs\real_data\frames_diverse\frame_Ergonomic workplace analysis - Tutorial Video_0053.jpg,,frame_Ergonomic workplace analysis - Tutorial Video_0053.jpg,Unknown,LOW,0.0,,,,
frames_diverse,outputs\real_data\frames_diverse\frame_Ergonomic workplace analysis - Tutorial Video_0054.jpg,,frame_Ergonomic workplace analysis - Tutorial Video_0054.jpg,Unknown,LOW,0.0,,,,
frames_diverse,outputs\real_data\frames_diverse\frame_Ergonomic workplace analysis - Tutorial Video_0055.jpg,,frame_Ergonomic workplace analysis - Tutorial Video_0055.jpg,Unknown,LOW,0.0,,,,
frames_diverse,outputs\real_data\frames_diverse\frame_Ergonomic workplace analysis - Tutorial Video_0056.jpg,,frame_Ergonomic workplace analysis - Tutorial Video_0056.jpg,Unknown,LOW,0.0,,,,
frames_diverse,outputs\real_data\frames_diverse\frame_Ergonomic workplace analysis - Tutorial Video_0057.jpg,,frame_Ergonomic workplace analysis - Tutorial Video_0057.jpg,Unknown,LOW,0.0,,,,
frames_diverse,outputs\real_data\frames_diverse\frame_Ergonomic workplace analysis - Tutorial Video_0058.jpg,,frame_Ergonomic workplace analysis - Tutorial Video_0058.jpg,Unknown,LOW,0.0,,,,
frames_diverse,outputs\real_data\frames_diverse\frame_Ergonomic workplace analysis - Tutorial Video_0059.jpg,,frame_Ergonomic workplace analysis - Tutorial Video_0059.jpg,Unknown,LOW,0.0,,,,
frames_diverse,outputs\real_data\frames_diverse\frame_Ergonomic workplace analysis - Tutorial Video_0061.jpg,,frame_Ergonomic workplace analysis - Tutorial Video_0061.jpg,Unknown,LOW,0.0,,,,
frames_diverse,outputs\real_data\frames_diverse\frame_Ergonomic workplace analysis - Tutorial Video_0062.jpg,,frame_Ergonomic workplace analysis - Tutorial Video_0062.jpg,Unknown,LOW,0.0,,,,
frames_diverse,outputs\real_data\frames_diverse\frame_Ergonomic workplace analysis - Tutorial Video_0063.jpg,,frame_Ergonomic workplace analysis - Tutorial Video_0063.jpg,Unknown,LOW,0.0,,,,
frames_diverse,outputs\real_data\frames_diverse\frame_Ergonomic workplace analysis - Tutorial Video_0064.jpg,,frame_Ergonomic workplace analysis - Tutorial Video_0064.jpg,Unknown,LOW,0.0,,,,
frames_diverse,outputs\real_data\frames_diverse\frame_Ergonomic workplace analysis - Tutorial Video_0065.jpg,,frame_Ergonomic workplace analysis - Tutorial Video_0065.jpg,Unknown,LOW,0.0,,,,
frames_diverse,outputs\real_data\frames_diverse\frame_Ergonomic workplace analysis - Tutorial Video_0066.jpg,,frame_Ergonomic workplace analysis - Tutorial Video_0066.jpg,Unknown,LOW,0.0,,,,
frames_diverse,outputs\real_data\frames_diverse\frame_Ergonomic workplace analysis - Tutorial Video_0067.jpg,,frame_Ergonomic workplace analysis - Tutorial Video_0067.jpg,Unknown,LOW,0.0,,,,
frames_diverse,outputs\real_data\frames_diverse\frame_Ergonomic workplace analysis - Tutorial Video_0068.jpg,,frame_Ergonomic workplace analysis - Tutorial Video_0068.jpg,Unknown,LOW,0.0,,,,
frames_diverse,outputs\real_data\frames_diverse\frame_Ergonomic workplace analysis - Tutorial Video_0069.jpg,,frame_Ergonomic workplace analysis - Tutorial Video_0069.jpg,Unknown,LOW,0.0,,,,
frames_diverse,outputs\real_data\frames_diverse\frame_Ergonomic workplace analysis - Tutorial Video_0071.jpg,,frame_Ergonomic workplace analysis - Tutorial Video_0071.jpg,Unknown,LOW,0.0,,,,
frames_diverse,outputs\real_data\frames_diverse\frame_Ergonomic workplace analysis - Tutorial Video_0072.jpg,,frame_Ergonomic workplace analysis - Tutorial Video_0072.jpg,Unknown,LOW,0.0,,,,
frames_diverse,outputs\real_data\frames_diverse\frame_Ergonomic workplace analysis - Tutorial Video_0073.jpg,,frame_Ergonomic workplace analysis - Tutorial Video_0073.jpg,Unknown,LOW,0.0,,,,
frames_diverse,outputs\real_data\frames_diverse\frame_Ergonomic workplace analysis - Tutorial Video_0074.jpg,,frame_Ergonomic workplace analysis - Tutorial Video_0074.jpg,Unknown,LOW,0.0,,,,
frames_diverse,outputs\real_data\frames_diverse\frame_Ergonomic workplace analysis - Tutorial Video_0075.jpg,,frame_Ergonomic workplace analysis - Tutorial Video_0075.jpg,Unknown,LOW,0.0,,,,
frames_diverse,outputs\real_data\frames_diverse\frame_Ergonomic workplace analysis - Tutorial Video_0076.jpg,,frame_Ergonomic workplace analysis - Tutorial Video_0076.jpg,Unknown,LOW,0.0,,,,
frames_diverse,outputs\real_data\frames_diverse\frame_Ergonomic workplace analysis - Tutorial Video_0077.jpg,,frame_Ergonomic workplace analysis - Tutorial Video_0077.jpg,Unknown,LOW,0.0,,,,
frames_diverse,outputs\real_data\frames_diverse\frame_Ergonomic workplace analysis - Tutorial Video_0078.jpg,,frame_Ergonomic workplace analysis - Tutorial Video_0078.jpg,Unknown,LOW,0.0,,,,
frames_diverse,outputs\real_data\frames_diverse\frame_Ergonomic workplace analysis - Tutorial Video_0079.jpg,,frame_Ergonomic workplace analysis - Tutorial Video_0079.jpg,Unknown,LOW,0.0,,,,
frames_diverse,outputs\real_data\frames_diverse\frame_Ergonomic workplace analysis - Tutorial Video_0081.jpg,,frame_Ergonomic workplace analysis - Tutorial Video_0081.jpg,Unknown,LOW,0.0,,,,
frames_diverse,outputs\real_data\frames_diverse\frame_Ergonomic workplace analysis - Tutorial Video_0082.jpg,,frame_Ergonomic workplace analysis - Tutorial Video_0082.jpg,Unknown,LOW,0.0,,,,
frames_diverse,outputs\real_data\frames_diverse\frame_Ergonomic workplace analysis - Tutorial Video_0083.jpg,,frame_Ergonomic workplace analysis - Tutorial Video_0083.jpg,Unknown,LOW,0.0,,,,
frames_diverse,outputs\real_data\frames_diverse\frame_Ergonomic workplace analysis - Tutorial Video_0084.jpg,,frame_Ergonomic workplace analysis - Tutorial Video_0084.jpg,Unknown,LOW,0.0,,,,
frames_diverse,outputs\real_data\frames_diverse\frame_Ergonomic workplace analysis - Tutorial Video_0085.jpg,,frame_Ergonomic workplace analysis - Tutorial Video_0085.jpg,Unknown,LOW,0.0,,,,
frames_diverse,outputs\real_data\frames_diverse\frame_Ergonomic workplace analysis - Tutorial Video_0086.jpg,,frame_Ergonomic workplace analysis - Tutorial Video_0086.jpg,Unknown,LOW,0.0,,,,
frames_diverse,outputs\real_data\frames_diverse\frame_Ergonomic workplace analysis - Tutorial Video_0087.jpg,,frame_Ergonomic workplace analysis - Tutorial Video_0087.jpg,Unknown,LOW,0.0,,,,
frames_diverse,outputs\real_data\frames_diverse\frame_Ergonomic workplace analysis - Tutorial Video_0088.jpg,,frame_Ergonomic workplace analysis - Tutorial Video_0088.jpg,Unknown,LOW,0.0,,,,
frames_diverse,outputs\real_data\frames_diverse\frame_Ergonomic workplace analysis - Tutorial Video_0089.jpg,,frame_Ergonomic workplace analysis - Tutorial Video_0089.jpg,Unknown,LOW,0.0,,,,
frames_diverse,outputs\real_data\frames_diverse\frame_Five Steps For Ergonomic Workstation Design_0001.jpg,,frame_Five Steps For Ergonomic Workstation Design_0001.jpg,Unknown,LOW,0.0,,,,
frames_diverse,outputs\real_data\frames_diverse\frame_Five Steps For Ergonomic Workstation Design_0002.jpg,,frame_Five Steps For Ergonomic Workstation Design_0002.jpg,Unknown,LOW,0.0,,,,
frames_diverse,outputs\real_data\frames_diverse\frame_Five Steps For Ergonomic Workstation Design_0003.jpg,,frame_Five Steps For Ergonomic Workstation Design_0003.jpg,Unknown,LOW,0.0,,,,
frames_diverse,outputs\real_data\frames_diverse\frame_Five Steps For Ergonomic Workstation Design_0004.jpg,,frame_Five Steps For Ergonomic Workstation Design_0004.jpg,Unknown,LOW,0.0,,,,
frames_diverse,outputs\real_data\frames_diverse\frame_Five Steps For Ergonomic Workstation Design_0005.jpg,,frame_Five Steps For Ergonomic Workstation Design_0005.jpg,Unknown,LOW,0.0,,,,
frames_diverse,outputs\real_data\frames_diverse\frame_Five Steps For Ergonomic Workstation Design_0006.jpg,,frame_Five Steps For Ergonomic Workstation Design_0006.jpg,Unknown,LOW,0.0,,,,
frames_diverse,outputs\real_data\frames_diverse\frame_Five Steps For Ergonomic Workstation Design_0007.jpg,,frame_Five Steps For Ergonomic Workstation Design_0007.jpg,Unknown,LOW,0.0,,,,
frames_diverse,outputs\real_data\frames_diverse\frame_Five Steps For Ergonomic Workstation Design_0008.jpg,,frame_Five Steps For Ergonomic Workstation Design_0008.jpg,Unknown,LOW,0.0,,,,
frames_diverse,outputs\real_data\frames_diverse\frame_Five Steps For Ergonomic Workstation Design_0009.jpg,,frame_Five Steps For Ergonomic Workstation Design_0009.jpg,Unknown,LOW,0.0,,,,
frames_diverse,outputs\real_data\frames_diverse\frame_Five Steps For Ergonomic Workstation Design_0011.jpg,,frame_Five Steps For Ergonomic Workstation Design_0011.jpg,Unknown,LOW,0.0,,,,
frames_diverse,outputs\real_data\frames_diverse\frame_Five Steps For Ergonomic Workstation Design_0012.jpg,,frame_Five Steps For Ergonomic Workstation Design_0012.jpg,Unknown,LOW,0.0,,,,
frames_diverse,outputs\real_data\frames_diverse\frame_Five Steps For Ergonomic Workstation Design_0013.jpg,,frame_Five Steps For Ergonomic Workstation Design_0013.jpg,Unknown,LOW,0.0,,,,
frames_diverse,outputs\real_data\frames_diverse\frame_Five Steps For Ergonomic Workstation Design_0014.jpg,,frame_Five Steps For Ergonomic Workstation Design_0014.jpg,Unknown,LOW,0.0,,,,
frames_diverse,outputs\real_data\frames_diverse\frame_Five Steps For Ergonomic Workstation Design_0015.jpg,,frame_Five Steps For Ergonomic Workstation Design_0015.jpg,Unknown,LOW,0.0,,,,
frames_diverse,outputs\real_data\frames_diverse\frame_Five Steps For Ergonomic Workstation Design_0016.jpg,,frame_Five Steps For Ergonomic Workstation Design_0016.jpg,Unknown,LOW,0.0,,,,
frames_diverse,outputs\real_data\frames_diverse\frame_Five Steps For Ergonomic Workstation Design_0017.jpg,,frame_Five Steps For Ergonomic Workstation Design_0017.jpg,Unknown,LOW,0.0,,,,
frames_diverse,outputs\real_data\frames_diverse\frame_Five Steps For Ergonomic Workstation Design_0018.jpg,,frame_Five Steps For Ergonomic Workstation Design_0018.jpg,Unknown,LOW,0.0,,,,
frames_diverse,outputs\real_data\frames_diverse\frame_Five Steps For Ergonomic Workstation Design_0019.jpg,,frame_Five Steps For Ergonomic Workstation Design_0019.jpg,Unknown,LOW,0.0,,,,
frames_diverse,outputs\real_data\frames_diverse\frame_Five Steps For Ergonomic Workstation Design_0021.jpg,,frame_Five Steps For Ergonomic Workstation Design_0021.jpg,Unknown,LOW,0.0,,,,
frames_diverse,outputs\real_data\frames_diverse\frame_Five Steps For Ergonomic Workstation Design_0022.jpg,,frame_Five Steps For Ergonomic Workstation Design_0022.jpg,Unknown,LOW,0.0,,,,
frames_diverse,outputs\real_data\frames_diverse\frame_Five Steps For Ergonomic Workstation Design_0023.jpg,,frame_Five Steps For Ergonomic Workstation Design_0023.jpg,Unknown,LOW,0.0,,,,
frames_diverse,outputs\real_data\frames_diverse\frame_Five Steps For Ergonomic Workstation Design_0024.jpg,,frame_Five Steps For Ergonomic Workstation Design_0024.jpg,Unknown,LOW,0.0,,,,
frames_diverse,outputs\real_data\frames_diverse\frame_Five Steps For Ergonomic Workstation Design_0025.jpg,,frame_Five Steps For Ergonomic Workstation Design_0025.jpg,Unknown,LOW,0.0,,,,
frames_diverse,outputs\real_data\frames_diverse\frame_Five Steps For Ergonomic Workstation Design_0026.jpg,,frame_Five Steps For Ergonomic Workstation Design_0026.jpg,Unknown,LOW,0.0,,,,
frames_diverse,outputs\real_data\frames_diverse\frame_Five Steps For Ergonomic Workstation Design_0027.jpg,,frame_Five Steps For Ergonomic Workstation Design_0027.jpg,Unknown,LOW,0.0,,,,
frames_diverse,outputs\real_data\frames_diverse\frame_Five Steps For Ergonomic Workstation Design_0028.jpg,,frame_Five Steps For Ergonomic Workstation Design_0028.jpg,Unknown,LOW,0.0,,,,
frames_diverse,outputs\real_data\frames_diverse\frame_Five Steps For Ergonomic Workstation Design_0029.jpg,,frame_Five Steps For Ergonomic Workstation Design_0029.jpg,Unknown,LOW,0.0,,,,
frames_diverse,outputs\real_data\frames_diverse\frame_Five Steps For Ergonomic Workstation Design_0031.jpg,,frame_Five Steps For Ergonomic Workstation Design_0031.jpg,Unknown,LOW,0.0,,,,
frames_diverse,outputs\real_data\frames_diverse\frame_Five Steps For Ergonomic Workstation Design_0032.jpg,,frame_Five Steps For Ergonomic Workstation Design_0032.jpg,Unknown,LOW,0.0,,,,
frames_diverse,outputs\real_data\frames_diverse\frame_Five Steps For Ergonomic Workstation Design_0033.jpg,,frame_Five Steps For Ergonomic Workstation Design_0033.jpg,Unknown,LOW,0.0,,,,
frames_diverse,outputs\real_data\frames_diverse\frame_Five Steps For Ergonomic Workstation Design_0034.jpg,,frame_Five Steps For Ergonomic Workstation Design_0034.jpg,Unknown,LOW,0.0,,,,
frames_diverse,outputs\real_data\frames_diverse\frame_Five Steps For Ergonomic Workstation Design_0035.jpg,,frame_Five Steps For Ergonomic Workstation Design_0035.jpg,Unknown,LOW,0.0,,,,
frames_diverse,outputs\real_data\frames_diverse\frame_Five Steps For Ergonomic Workstation Design_0036.jpg,,frame_Five Steps For Ergonomic Workstation Design_0036.jpg,Unknown,LOW,0.0,,,,
frames_diverse,outputs\real_data\frames_diverse\frame_Five Steps For Ergonomic Workstation Design_0037.jpg,,frame_Five Steps For Ergonomic Workstation Design_0037.jpg,Unknown,LOW,0.0,,,,
frames_diverse,outputs\real_data\frames_diverse\frame_Five Steps For Ergonomic Workstation Design_0038.jpg,,frame_Five Steps For Ergonomic Workstation Design_0038.jpg,Unknown,LOW,0.0,,,,
frames_diverse,outputs\real_data\frames_diverse\frame_Five Steps For Ergonomic Workstation Design_0039.jpg,,frame_Five Steps For Ergonomic Workstation Design_0039.jpg,Unknown,LOW,0.0,,,,
frames_diverse,outputs\real_data\frames_diverse\frame_Five Steps For Ergonomic Workstation Design_0041.jpg,,frame_Five Steps For Ergonomic Workstation Design_0041.jpg,Unknown,LOW,0.0,,,,
frames_diverse,outputs\real_data\frames_diverse\frame_Five Steps For Ergonomic Workstation Design_0042.jpg,,frame_Five Steps For Ergonomic Workstation Design_0042.jpg,Unknown,LOW,0.0,,,,
frames_diverse,outputs\real_data\frames_diverse\frame_Five Steps For Ergonomic Workstation Design_0043.jpg,,frame_Five Steps For Ergonomic Workstation Design_0043.jpg,Unknown,LOW,0.0,,,,
frames_diverse,outputs\real_data\frames_diverse\frame_Five Steps For Ergonomic Workstation Design_0044.jpg,,frame_Five Steps For Ergonomic Workstation Design_0044.jpg,Unknown,LOW,0.0,,,,
frames_diverse,outputs\real_data\frames_diverse\frame_Five Steps For Ergonomic Workstation Design_0045.jpg,,frame_Five Steps For Ergonomic Workstation Design_0045.jpg,Unknown,LOW,0.0,,,,
frames_diverse,outputs\real_data\frames_diverse\frame_Five Steps For Ergonomic Workstation Design_0046.jpg,,frame_Five Steps For Ergonomic Workstation Design_0046.jpg,Unknown,LOW,0.0,,,,
frames_diverse,outputs\real_data\frames_diverse\frame_Five Steps For Ergonomic Workstation Design_0047.jpg,,frame_Five Steps For Ergonomic Workstation Design_0047.jpg,Unknown,LOW,0.0,,,,
frames_diverse,outputs\real_data\frames_diverse\frame_Five Steps For Ergonomic Workstation Design_0048.jpg,,frame_Five Steps For Ergonomic Workstation Design_0048.jpg,Unknown,LOW,0.0,,,,
frames_diverse,outputs\real_data\frames_diverse\frame_Five Steps For Ergonomic Workstation Design_0049.jpg,,frame_Five Steps For Ergonomic Workstation Design_0049.jpg,Unknown,LOW,0.0,,,,
frames_diverse,outputs\real_data\frames_diverse\frame_Five Steps For Ergonomic Workstation Design_0051.jpg,,frame_Five Steps For Ergonomic Workstation Design_0051.jpg,Unknown,LOW,0.0,,,,
frames_diverse,outputs\real_data\frames_diverse\frame_Five Steps For Ergonomic Workstation Design_0052.jpg,,frame_Five Steps For Ergonomic Workstation Design_0052.jpg,Unknown,LOW,0.0,,,,
frames_diverse,outputs\real_data\frames_diverse\frame_Five Steps For Ergonomic Workstation Design_0053.jpg,,frame_Five Steps For Ergonomic Workstation Design_0053.jpg,Unknown,LOW,0.0,,,,
frames_diverse,outputs\real_data\frames_diverse\frame_Five Steps For Ergonomic Workstation Design_0054.jpg,,frame_Five Steps For Ergonomic Workstation Design_0054.jpg,Unknown,LOW,0.0,,,,
frames_diverse,outputs\real_data\frames_diverse\frame_Five Steps For Ergonomic Workstation Design_0055.jpg,,frame_Five Steps For Ergonomic Workstation Design_0055.jpg,Unknown,LOW,0.0,,,,
frames_diverse,outputs\real_data\frames_diverse\frame_Five Steps For Ergonomic Workstation Design_0056.jpg,,frame_Five Steps For Ergonomic Workstation Design_0056.jpg,Unknown,LOW,0.0,,,,
frames_diverse,outputs\real_data\frames_diverse\frame_Five Steps For Ergonomic Workstation Design_0057.jpg,,frame_Five Steps For Ergonomic Workstation Design_0057.jpg,Unknown,LOW,0.0,,,,
frames_diverse,outputs\real_data\frames_diverse\frame_Five Steps For Ergonomic Workstation Design_0058.jpg,,frame_Five Steps For Ergonomic Workstation Design_0058.jpg,Unknown,LOW,0.0,,,,
frames_diverse,outputs\real_data\frames_diverse\frame_Five Steps For Ergonomic Workstation Design_0059.jpg,,frame_Five Steps For Ergonomic Workstation Design_0059.jpg,Unknown,LOW,0.0,,,,
frames_diverse,outputs\real_data\frames_diverse\frame_Five Steps For Ergonomic Workstation Design_0061.jpg,,frame_Five Steps For Ergonomic Workstation Design_0061.jpg,Unknown,LOW,0.0,,,,
frames_diverse,outputs\real_data\frames_diverse\frame_Five Steps For Ergonomic Workstation Design_0062.jpg,,frame_Five Steps For Ergonomic Workstation Design_0062.jpg,Unknown,LOW,0.0,,,,
frames_diverse,outputs\real_data\frames_diverse\frame_Five Steps For Ergonomic Workstation Design_0063.jpg,,frame_Five Steps For Ergonomic Workstation Design_0063.jpg,Unknown,LOW,0.0,,,,
frames_diverse,outputs\real_data\frames_diverse\frame_Five Steps For Ergonomic Workstation Design_0064.jpg,,frame_Five Steps For Ergonomic Workstation Design_0064.jpg,Unknown,LOW,0.0,,,,
frames_diverse,outputs\real_data\frames_diverse\frame_Five Steps For Ergonomic Workstation Design_0065.jpg,,frame_Five Steps For Ergonomic Workstation Design_0065.jpg,Unknown,LOW,0.0,,,,
frames_diverse,outputs\real_data\frames_diverse\frame_Five Steps For Ergonomic Workstation Design_0066.jpg,,frame_Five Steps For Ergonomic Workstation Design_0066.jpg,Unknown,LOW,0.0,,,,
frames_diverse,outputs\real_data\frames_diverse\frame_Five Steps For Ergonomic Workstation Design_0067.jpg,,frame_Five Steps For Ergonomic Workstation Design_0067.jpg,Unknown,LOW,0.0,,,,
frames_diverse,outputs\real_data\frames_diverse\frame_Five Steps For Ergonomic Workstation Design_0068.jpg,,frame_Five Steps For Ergonomic Workstation Design_0068.jpg,Unknown,LOW,0.0,,,,
frames_diverse,outputs\real_data\frames_diverse\frame_Five Steps For Ergonomic Workstation Design_0069.jpg,,frame_Five Steps For Ergonomic Workstation Design_0069.jpg,Unknown,LOW,0.0,,,,
frames_diverse,outputs\real_data\frames_diverse\frame_Five Steps For Ergonomic Workstation Design_0071.jpg,,frame_Five Steps For Ergonomic Workstation Design_0071.jpg,Unknown,LOW,0.0,,,,
frames_diverse,outputs\real_data\frames_diverse\frame_Five Steps For Ergonomic Workstation Design_0072.jpg,,frame_Five Steps For Ergonomic Workstation Design_0072.jpg,Unknown,LOW,0.0,,,,
frames_diverse,outputs\real_data\frames_diverse\frame_Five Steps For Ergonomic Workstation Design_0073.jpg,,frame_Five Steps For Ergonomic Workstation Design_0073.jpg,Unknown,LOW,0.0,,,,
frames_diverse,outputs\real_data\frames_diverse\frame_Five Steps For Ergonomic Workstation Design_0074.jpg,,frame_Five Steps For Ergonomic Workstation Design_0074.jpg,Unknown,LOW,0.0,,,,
frames_diverse,outputs\real_data\frames_diverse\frame_Five Steps For Ergonomic Workstation Design_0075.jpg,,frame_Five Steps For Ergonomic Workstation Design_0075.jpg,Unknown,LOW,0.0,,,,
frames_diverse,outputs\real_data\frames_diverse\frame_Five Steps For Ergonomic Workstation Design_0076.jpg,,frame_Five Steps For Ergonomic Workstation Design_0076.jpg,Unknown,LOW,0.0,,,,
frames_diverse,outputs\real_data\frames_diverse\frame_Five Steps For Ergonomic Workstation Design_0077.jpg,,frame_Five Steps For Ergonomic Workstation Design_0077.jpg,Unknown,LOW,0.0,,,,
frames_diverse,outputs\real_data\frames_diverse\frame_Five Steps For Ergonomic Workstation Design_0078.jpg,,frame_Five Steps For Ergonomic Workstation Design_0078.jpg,Unknown,LOW,0.0,,,,
frames_diverse,outputs\real_data\frames_diverse\frame_Five Steps For Ergonomic Workstation Design_0079.jpg,,frame_Five Steps For Ergonomic Workstation Design_0079.jpg,Unknown,LOW,0.0,,,,
frames_diverse,outputs\real_data\frames_diverse\frame_Five Steps For Ergonomic Workstation Design_0081.jpg,,frame_Five Steps For Ergonomic Workstation Design_0081.jpg,Unknown,LOW,0.0,,,,
frames_diverse,outputs\real_data\frames_diverse\frame_Five Steps For Ergonomic Workstation Design_0082.jpg,,frame_Five Steps For Ergonomic Workstation Design_0082.jpg,Unknown,LOW,0.0,,,,
frames_diverse,outputs\real_data\frames_diverse\frame_Five Steps For Ergonomic Workstation Design_0083.jpg,,frame_Five Steps For Ergonomic Workstation Design_0083.jpg,Unknown,LOW,0.0,,,,
frames_diverse,outputs\real_data\frames_diverse\frame_Five Steps For Ergonomic Workstation Design_0084.jpg,,frame_Five Steps For Ergonomic Workstation Design_0084.jpg,Unknown,LOW,0.0,,,,
frames_diverse,outputs\real_data\frames_diverse\frame_Five Steps For Ergonomic Workstation Design_0085.jpg,,frame_Five Steps For Ergonomic Workstation Design_0085.jpg,Unknown,LOW,0.0,,,,
frames_diverse,outputs\real_data\frames_diverse\frame_Five Steps For Ergonomic Workstation Design_0086.jpg,,frame_Five Steps For Ergonomic Workstation Design_0086.jpg,Unknown,LOW,0.0,,,,
frames_diverse,outputs\real_data\frames_diverse\frame_Five Steps For Ergonomic Workstation Design_0087.jpg,,frame_Five Steps For Ergonomic Workstation Design_0087.jpg,Unknown,LOW,0.0,,,,
frames_diverse,outputs\real_data\frames_diverse\frame_Five Steps For Ergonomic Workstation Design_0088.jpg,,frame_Five Steps For Ergonomic Workstation Design_0088.jpg,Unknown,LOW,0.0,,,,
frames_diverse,outputs\real_data\frames_diverse\frame_Five Steps For Ergonomic Workstation Design_0089.jpg,,frame_Five Steps For Ergonomic Workstation Design_0089.jpg,Unknown,LOW,0.0,,,,
frames_diverse,outputs\real_data\frames_diverse\frame_Five Steps For Ergonomic Workstation Design_0091.jpg,,frame_Five Steps For Ergonomic Workstation Design_0091.jpg,Unknown,LOW,0.0,,,,
frames_diverse,outputs\real_data\frames_diverse\frame_Five Steps For Ergonomic Workstation Design_0092.jpg,,frame_Five Steps For Ergonomic Workstation Design_0092.jpg,Unknown,LOW,0.0,,,,
frames_diverse,outputs\real_data\frames_diverse\frame_Five Steps For Ergonomic Workstation Design_0093.jpg,,frame_Five Steps For Ergonomic Workstation Design_0093.jpg,Unknown,LOW,0.0,,,,
frames_diverse,outputs\real_data\frames_diverse\frame_Five Steps For Ergonomic Workstation Design_0094.jpg,,frame_Five Steps For Ergonomic Workstation Design_0094.jpg,Unknown,LOW,0.0,,,,
frames_diverse,outputs\real_data\frames_diverse\frame_Five Steps For Ergonomic Workstation Design_0095.jpg,,frame_Five Steps For Ergonomic Workstation Design_0095.jpg,Unknown,LOW,0.0,,,,
frames_diverse,outputs\real_data\frames_diverse\frame_Five Steps For Ergonomic Workstation Design_0096.jpg,,frame_Five Steps For Ergonomic Workstation Design_0096.jpg,Unknown,LOW,0.0,,,,
frames_diverse,outputs\real_data\frames_diverse\frame_Manual Handling Training Video - Unitas3d_0001.jpg,,frame_Manual Handling Training Video - Unitas3d_0001.jpg,Unknown,LOW,0.0,,,,
frames_diverse,outputs\real_data\frames_diverse\frame_Manual Handling Training Video - Unitas3d_0002.jpg,,frame_Manual Handling Training Video - Unitas3d_0002.jpg,Unknown,LOW,0.0,,,,
frames_diverse,outputs\real_data\frames_diverse\frame_Manual Handling Training Video - Unitas3d_0003.jpg,,frame_Manual Handling Training Video - Unitas3d_0003.jpg,Unknown,LOW,0.0,,,,
frames_diverse,outputs\real_data\frames_diverse\frame_Manual Handling Training Video - Unitas3d_0005.jpg,,frame_Manual Handling Training Video - Unitas3d_0005.jpg,Unknown,LOW,0.0,,,,
frames_diverse,outputs\real_data\frames_diverse\frame_Manual Handling Training Video - Unitas3d_0006.jpg,,frame_Manual Handling Training Video - Unitas3d_0006.jpg,Unknown,LOW,0.0,,,,
frames_diverse,outputs\real_data\frames_diverse\frame_Manual Handling Training Video - Unitas3d_0007.jpg,,frame_Manual Handling Training Video - Unitas3d_0007.jpg,Unknown,LOW,0.0,,,,
frames_diverse,outputs\real_data\frames_diverse\frame_Manual Handling Training Video - Unitas3d_0008.jpg,,frame_Manual Handling Training Video - Unitas3d_0008.jpg,Unknown,LOW,0.0,,,,
frames_diverse,outputs\real_data\frames_diverse\frame_screw_assembly_station01_worker015_0001.jpg,,frame_screw_assembly_station01_worker015_0001.jpg,Unknown,LOW,0.0,,,,
frames_diverse,outputs\real_data\frames_diverse\frame_screw_assembly_station01_worker015_0002.jpg,,frame_screw_assembly_station01_worker015_0002.jpg,Unknown,LOW,0.0,,,,
frames_diverse,outputs\real_data\frames_diverse\frame_screw_assembly_station01_worker015_0003.jpg,,frame_screw_assembly_station01_worker015_0003.jpg,Unknown,LOW,0.0,,,,
frames_diverse,outputs\real_data\frames_diverse\frame_screw_assembly_station01_worker015_0004.jpg,,frame_screw_assembly_station01_worker015_0004.jpg,Unknown,LOW,0.0,,,,
frames_diverse,outputs\real_data\frames_diverse\frame_screw_assembly_station01_worker015_0005.jpg,,frame_screw_assembly_station01_worker015_0005.jpg,Unknown,LOW,0.0,,,,
frames_diverse,outputs\real_data\frames_diverse\frame_screw_assembly_station01_worker015_0006.jpg,,frame_screw_assembly_station01_worker015_0006.jpg,Unknown,LOW,0.0,,,,
frames_diverse,outputs\real_data\frames_diverse\frame_screw_assembly_station01_worker015_0008.jpg,,frame_screw_assembly_station01_worker015_0008.jpg,Unknown,LOW,0.0,,,,
frames_diverse,outputs\real_data\frames_diverse\frame_screw_assembly_station01_worker015_0009.jpg,,frame_screw_assembly_station01_worker015_0009.jpg,Unknown,LOW,0.0,,,,
frames_diverse,outputs\real_data\frames_diverse\frame_screw_assembly_station01_worker015_0010.jpg,,frame_screw_assembly_station01_worker015_0010.jpg,Unknown,LOW,0.0,,,,
frames_diverse,outputs\real_data\frames_diverse\frame_screw_assembly_station01_worker015_0011.jpg,,frame_screw_assembly_station01_worker015_0011.jpg,Unknown,LOW,0.0,,,,
frames_diverse,outputs\real_data\frames_diverse\frame_screw_assembly_station01_worker015_0012.jpg,,frame_screw_assembly_station01_worker015_0012.jpg,Unknown,LOW,0.0,,,,
frames_diverse,outputs\real_data\frames_diverse\frame_screw_assembly_station01_worker015_0013.jpg,,frame_screw_assembly_station01_worker015_0013.jpg,Unknown,LOW,0.0,,,,
frames_diverse,outputs\real_data\frames_diverse\frame_screw_assembly_station01_worker015_0014.jpg,,frame_screw_assembly_station01_worker015_0014.jpg,Unknown,LOW,0.0,,,,
frames_diverse,outputs\real_data\frames_diverse\frame_screw_assembly_station01_worker015_0015.jpg,,frame_screw_assembly_station01_worker015_0015.jpg,Unknown,LOW,0.0,,,,
frames_diverse,outputs\real_data\frames_diverse\frame_screw_assembly_station01_worker015_0016.jpg,,frame_screw_assembly_station01_worker015_0016.jpg,Unknown,LOW,0.0,,,,
frames_diverse,outputs\real_data\frames_diverse\frame_screw_assembly_station01_worker015_0018.jpg,,frame_screw_assembly_station01_worker015_0018.jpg,Unknown,LOW,0.0,,,,
frames_diverse,outputs\real_data\frames_diverse\frame_screw_assembly_station01_worker015_0019.jpg,,frame_screw_assembly_station01_worker015_0019.jpg,Unknown,LOW,0.0,,,,
frames_diverse,outputs\real_data\frames_diverse\frame_screw_assembly_station01_worker015_0020.jpg,,frame_screw_assembly_station01_worker015_0020.jpg,Unknown,LOW,0.0,,,,
frames_diverse,outputs\real_data\frames_diverse\frame_screw_assembly_station01_worker015_0021.jpg,,frame_screw_assembly_station01_worker015_0021.jpg,Unknown,LOW,0.0,,,,
frames_diverse,outputs\real_data\frames_diverse\frame_screw_assembly_station01_worker015_0022.jpg,,frame_screw_assembly_station01_worker015_0022.jpg,Unknown,LOW,0.0,,,,
frames_diverse,outputs\real_data\frames_diverse\frame_screw_assembly_station01_worker015_0023.jpg,,frame_screw_assembly_station01_worker015_0023.jpg,Unknown,LOW,0.0,,,,
frames_diverse,outputs\real_data\frames_diverse\frame_screw_assembly_station01_worker015_0024.jpg,,frame_screw_assembly_station01_worker015_0024.jpg,Unknown,LOW,0.0,,,,
frames_diverse,outputs\real_data\frames_diverse\frame_screw_assembly_station01_worker015_0025.jpg,,frame_screw_assembly_station01_worker015_0025.jpg,Unknown,LOW,0.0,,,,
frames_diverse,outputs\real_data\frames_diverse\frame_screw_assembly_station01_worker015_0026.jpg,,frame_screw_assembly_station01_worker015_0026.jpg,Unknown,LOW,0.0,,,,
frames_diverse,outputs\real_data\frames_diverse\frame_screw_assembly_station01_worker015_0028.jpg,,frame_screw_assembly_station01_worker015_0028.jpg,Unknown,LOW,0.0,,,,
frames_diverse,outputs\real_data\frames_diverse\frame_screw_assembly_station01_worker015_0029.jpg,,frame_screw_assembly_station01_worker015_0029.jpg,Unknown,LOW,0.0,,,,
frames_diverse,outputs\real_data\frames_diverse\frame_screw_assembly_station01_worker015_0030.jpg,,frame_screw_assembly_station01_worker015_0030.jpg,Unknown,LOW,0.0,,,,
frames_diverse,outputs\real_data\frames_diverse\frame_screw_assembly_station01_worker015_0031.jpg,,frame_screw_assembly_station01_worker015_0031.jpg,Unknown,LOW,0.0,,,,
frames_diverse,outputs\real_data\frames_diverse\frame_screw_assembly_station01_worker015_0032.jpg,,frame_screw_assembly_station01_worker015_0032.jpg,Unknown,LOW,0.0,,,,
frames_diverse,outputs\real_data\frames_diverse\frame_screw_assembly_station01_worker015_0033.jpg,,frame_screw_assembly_station01_worker015_0033.jpg,Unknown,LOW,0.0,,,,
frames_diverse,outputs\real_data\frames_diverse\frame_screw_assembly_station01_worker015_0034.jpg,,frame_screw_assembly_station01_worker015_0034.jpg,Unknown,LOW,0.0,,,,
frames_diverse,outputs\real_data\frames_diverse\frame_screw_assembly_station01_worker015_0035.jpg,,frame_screw_assembly_station01_worker015_0035.jpg,Unknown,LOW,0.0,,,,
frames_diverse,outputs\real_data\frames_diverse\frame_screw_assembly_station01_worker015_0036.jpg,,frame_screw_assembly_station01_worker015_0036.jpg,Unknown,LOW,0.0,,,,
frames_diverse,outputs\real_data\frames_diverse\frame_screw_assembly_station01_worker015_0038.jpg,,frame_screw_assembly_station01_worker015_0038.jpg,Unknown,LOW,0.0,,,,
frames_diverse,outputs\real_data\frames_diverse\frame_screw_assembly_station01_worker015_0039.jpg,,frame_screw_assembly_station01_worker015_0039.jpg,Unknown,LOW,0.0,,,,
frames_diverse,outputs\real_data\frames_diverse\frame_screw_assembly_station01_worker015_0040.jpg,,frame_screw_assembly_station01_worker015_0040.jpg,Unknown,LOW,0.0,,,,
frames_diverse,outputs\real_data\frames_diverse\frame_screw_assembly_station01_worker015_0041.jpg,,frame_screw_assembly_station01_worker015_0041.jpg,Unknown,LOW,0.0,,,,
frames_diverse,outputs\real_data\frames_diverse\frame_screw_assembly_station01_worker015_0042.jpg,,frame_screw_assembly_station01_worker015_0042.jpg,Unknown,LOW,0.0,,,,
frames_diverse,outputs\real_data\frames_diverse\frame_screw_assembly_station01_worker015_0043.jpg,,frame_screw_assembly_station01_worker015_0043.jpg,Unknown,LOW,0.0,,,,
frames_diverse,outputs\real_data\frames_diverse\frame_screw_assembly_station01_worker015_0044.jpg,,frame_screw_assembly_station01_worker015_0044.jpg,Unknown,LOW,0.0,,,,
frames_diverse,outputs\real_data\frames_diverse\frame_screw_assembly_station01_worker015_0045.jpg,,frame_screw_assembly_station01_worker015_0045.jpg,Unknown,LOW,0.0,,,,
frames_diverse,outputs\real_data\frames_diverse\frame_screw_assembly_station01_worker015_0046.jpg,,frame_screw_assembly_station01_worker015_0046.jpg,Unknown,LOW,0.0,,,,
frames_diverse,outputs\real_data\frames_diverse\frame_screw_assembly_station01_worker015_0048.jpg,,frame_screw_assembly_station01_worker015_0048.jpg,Unknown,LOW,0.0,,,,
frames_diverse,outputs\real_data\frames_diverse\frame_screw_assembly_station01_worker015_0049.jpg,,frame_screw_assembly_station01_worker015_0049.jpg,Unknown,LOW,0.0,,,,
frames_diverse,outputs\real_data\frames_diverse\frame_screw_assembly_station01_worker015_0050.jpg,,frame_screw_assembly_station01_worker015_0050.jpg,Unknown,LOW,0.0,,,,
frames_diverse,outputs\real_data\frames_diverse\frame_screw_assembly_station01_worker015_0051.jpg,,frame_screw_assembly_station01_worker015_0051.jpg,Unknown,LOW,0.0,,,,
frames_diverse,outputs\real_data\frames_diverse\frame_screw_assembly_station01_worker015_0052.jpg,,frame_screw_assembly_station01_worker015_0052.jpg,Unknown,LOW,0.0,,,,
frames_diverse,outputs\real_data\frames_diverse\frame_screw_assembly_station01_worker015_0053.jpg,,frame_screw_assembly_station01_worker015_0053.jpg,Unknown,LOW,0.0,,,,
frames_diverse,outputs\real_data\frames_diverse\frame_screw_assembly_station01_worker015_0054.jpg,,frame_screw_assembly_station01_worker015_0054.jpg,Unknown,LOW,0.0,,,,
frames_diverse,outputs\real_data\frames_diverse\frame_screw_assembly_station01_worker015_0055.jpg,,frame_screw_assembly_station01_worker015_0055.jpg,Unknown,LOW,0.0,,,,
frames_diverse,outputs\real_data\frames_diverse\frame_screw_assembly_station01_worker015_0056.jpg,,frame_screw_assembly_station01_worker015_0056.jpg,Unknown,LOW,0.0,,,,
frames_diverse,outputs\real_data\frames_diverse\frame_screw_assembly_station01_worker015_0058.jpg,,frame_screw_assembly_station01_worker015_0058.jpg,Unknown,LOW,0.0,,,,
frames_diverse,outputs\real_data\frames_diverse\frame_screw_assembly_station01_worker015_0059.jpg,,frame_screw_assembly_station01_worker015_0059.jpg,Unknown,LOW,0.0,,,,
frames_diverse,outputs\real_data\frames_diverse\frame_screw_assembly_station01_worker015_0060.jpg,,frame_screw_assembly_station01_worker015_0060.jpg,Unknown,LOW,0.0,,,,
frames_diverse,outputs\real_data\frames_diverse\frame_screw_assembly_station01_worker015_0061.jpg,,frame_screw_assembly_station01_worker015_0061.jpg,Unknown,LOW,0.0,,,,
frames_diverse,outputs\real_data\frames_diverse\frame_screw_assembly_station01_worker015_0062.jpg,,frame_screw_assembly_station01_worker015_0062.jpg,Unknown,LOW,0.0,,,,
frames_diverse,outputs\real_data\frames_diverse\frame_screw_assembly_station01_worker015_0063.jpg,,frame_screw_assembly_station01_worker015_0063.jpg,Unknown,LOW,0.0,,,,
frames_diverse,outputs\real_data\frames_diverse\frame_screw_assembly_station01_worker015_0064.jpg,,frame_screw_assembly_station01_worker015_0064.jpg,Unknown,LOW,0.0,,,,
frames_diverse,outputs\real_data\frames_diverse\frame_screw_assembly_station01_worker015_0065.jpg,,frame_screw_assembly_station01_worker015_0065.jpg,Unknown,LOW,0.0,,,,
frames_diverse,outputs\real_data\frames_diverse\frame_screw_assembly_station01_worker015_0066.jpg,,frame_screw_assembly_station01_worker015_0066.jpg,Unknown,LOW,0.0,,,,
frames_diverse,outputs\real_data\frames_diverse\frame_screw_assembly_station01_worker015_0068.jpg,,frame_screw_assembly_station01_worker015_0068.jpg,Unknown,LOW,0.0,,,,
frames_diverse,outputs\real_data\frames_diverse\frame_screw_assembly_station01_worker015_0069.jpg,,frame_screw_assembly_station01_worker015_0069.jpg,Unknown,LOW,0.0,,,,
frames_diverse,outputs\real_data\frames_diverse\frame_screw_assembly_station01_worker015_0070.jpg,,frame_screw_assembly_station01_worker015_0070.jpg,Unknown,LOW,0.0,,,,
frames_diverse,outputs\real_data\frames_diverse\frame_screw_assembly_station01_worker015_0071.jpg,,frame_screw_assembly_station01_worker015_0071.jpg,Unknown,LOW,0.0,,,,
frames_diverse,outputs\real_data\frames_diverse\frame_screw_assembly_station01_worker015_0072.jpg,,frame_screw_assembly_station01_worker015_0072.jpg,Unknown,LOW,0.0,,,,
frames_diverse,outputs\real_data\frames_diverse\frame_screw_assembly_station01_worker015_0073.jpg,,frame_screw_assembly_station01_worker015_0073.jpg,Unknown,LOW,0.0,,,,
frames_diverse,outputs\real_data\frames_diverse\frame_screw_assembly_station01_worker015_0074.jpg,,frame_screw_assembly_station01_worker015_0074.jpg,Unknown,LOW,0.0,,,,
frames_diverse,outputs\real_data\frames_diverse\frame_screw_assembly_station01_worker015_0075.jpg,,frame_screw_assembly_station01_worker015_0075.jpg,Unknown,LOW,0.0,,,,
frames_diverse,outputs\real_data\frames_diverse\frame_screw_assembly_station01_worker015_0076.jpg,,frame_screw_assembly_station01_worker015_0076.jpg,Unknown,LOW,0.0,,,,
frames_diverse,outputs\real_data\frames_diverse\frame_screw_assembly_station01_worker015_0078.jpg,,frame_screw_assembly_station01_worker015_0078.jpg,Unknown,LOW,0.0,,,,
frames_diverse,outputs\real_data\frames_diverse\frame_screw_assembly_station01_worker015_0079.jpg,,frame_screw_assembly_station01_worker015_0079.jpg,Unknown,LOW,0.0,,,,
frames_diverse,outputs\real_data\frames_diverse\frame_screw_assembly_station01_worker015_0080.jpg,,frame_screw_assembly_station01_worker015_0080.jpg,Unknown,LOW,0.0,,,,
frames_diverse,outputs\real_data\frames_diverse\frame_screw_assembly_station01_worker015_0081.jpg,,frame_screw_assembly_station01_worker015_0081.jpg,Unknown,LOW,0.0,,,,
frames_diverse,outputs\real_data\frames_diverse\frame_screw_assembly_station01_worker015_0082.jpg,,frame_screw_assembly_station01_worker015_0082.jpg,Unknown,LOW,0.0,,,,
frames_diverse,outputs\real_data\frames_diverse\frame_screw_assembly_station01_worker015_0083.jpg,,frame_screw_assembly_station01_worker015_0083.jpg,Unknown,LOW,0.0,,,,
frames_diverse,outputs\real_data\frames_diverse\frame_screw_assembly_station01_worker015_0084.jpg,,frame_screw_assembly_station01_worker015_0084.jpg,Unknown,LOW,0.0,,,,
frames_diverse,outputs\real_data\frames_diverse\frame_screw_assembly_station01_worker015_0085.jpg,,frame_screw_assembly_station01_worker015_0085.jpg,Unknown,LOW,0.0,,,,
frames_diverse,outputs\real_data\frames_diverse\frame_screw_assembly_station01_worker015_0086.jpg,,frame_screw_assembly_station01_worker015_0086.jpg,Unknown,LOW,0.0,,,,
frames_diverse,outputs\real_data\frames_diverse\frame_screw_assembly_station01_worker015_0088.jpg,,frame_screw_assembly_station01_worker015_0088.jpg,Unknown,LOW,0.0,,,,
frames_diverse,outputs\real_data\frames_diverse\frame_screw_assembly_station01_worker015_0089.jpg,,frame_screw_assembly_station01_worker015_0089.jpg,Unknown,LOW,0.0,,,,
frames_diverse,outputs\real_data\frames_diverse\frame_screw_assembly_station01_worker015_0090.jpg,,frame_screw_assembly_station01_worker015_0090.jpg,Unknown,LOW,0.0,,,,
frames_diverse,outputs\real_data\frames_diverse\frame_screw_assembly_station01_worker015_0091.jpg,,frame_screw_assembly_station01_worker015_0091.jpg,Unknown,LOW,0.0,,,,
frames_diverse,outputs\real_data\frames_diverse\frame_screw_assembly_station01_worker015_0092.jpg,,frame_screw_assembly_station01_worker015_0092.jpg,Unknown,LOW,0.0,,,,
frames_diverse,outputs\real_data\frames_diverse\frame_screw_assembly_station01_worker015_0093.jpg,,frame_screw_assembly_station01_worker015_0093.jpg,Unknown,LOW,0.0,,,,
frames_diverse,outputs\real_data\frames_diverse\frame_screw_assembly_station01_worker015_0094.jpg,,frame_screw_assembly_station01_worker015_0094.jpg,Unknown,LOW,0.0,,,,
frames_diverse,outputs\real_data\frames_diverse\frame_screw_assembly_station01_worker015_0095.jpg,,frame_screw_assembly_station01_worker015_0095.jpg,Unknown,LOW,0.0,,,,
frames_diverse,outputs\real_data\frames_diverse\frame_screw_assembly_station01_worker015_0096.jpg,,frame_screw_assembly_station01_worker015_0096.jpg,Unknown,LOW,0.0,,,,
frames_diverse,outputs\real_data\frames_diverse\frame_screw_assembly_station01_worker015_0098.jpg,,frame_screw_assembly_station01_worker015_0098.jpg,Unknown,LOW,0.0,,,,
frames_diverse,outputs\real_data\frames_diverse\frame_screw_assembly_station01_worker015_0099.jpg,,frame_screw_assembly_station01_worker015_0099.jpg,Unknown,LOW,0.0,,,,
frames_diverse,outputs\real_data\frames_diverse\frame_screw_assembly_station01_worker015_0100.jpg,,frame_screw_assembly_station01_worker015_0100.jpg,Unknown,LOW,0.0,,,,
frames_diverse,outputs\real_data\frames_diverse\frame_screw_assembly_station01_worker015_0101.jpg,,frame_screw_assembly_station01_worker015_0101.jpg,Unknown,LOW,0.0,,,,
frames_diverse,outputs\real_data\frames_diverse\frame_screw_assembly_station01_worker015_0102.jpg,,frame_screw_assembly_station01_worker015_0102.jpg,Unknown,LOW,0.0,,,,
frames_diverse,outputs\real_data\frames_diverse\frame_screw_assembly_station01_worker015_0103.jpg,,frame_screw_assembly_station01_worker015_0103.jpg,Unknown,LOW,0.0,,,,
frames_diverse,outputs\real_data\frames_diverse\frame_screw_assembly_station01_worker015_0104.jpg,,frame_screw_assembly_station01_worker015_0104.jpg,Unknown,LOW,0.0,,,,
frames_diverse,outputs\real_data\frames_diverse\frame_screw_assembly_station01_worker015_0105.jpg,,frame_screw_assembly_station01_worker015_0105.jpg,Unknown,LOW,0.0,,,,
frames_diverse,outputs\real_data\frames_diverse\frame_screw_assembly_station01_worker015_0106.jpg,,frame_screw_assembly_station01_worker015_0106.jpg,Unknown,LOW,0.0,,,,
frames_diverse,outputs\real_data\frames_diverse\frame_screw_assembly_station01_worker015_0108.jpg,,frame_screw_assembly_station01_worker015_0108.jpg,Unknown,LOW,0.0,,,,
frames_diverse,outputs\real_data\frames_diverse\frame_screw_assembly_station01_worker015_0109.jpg,,frame_screw_assembly_station01_worker015_0109.jpg,Unknown,LOW,0.0,,,,
frames_diverse,outputs\real_data\frames_diverse\frame_screw_assembly_station01_worker015_0110.jpg,,frame_screw_assembly_station01_worker015_0110.jpg,Unknown,LOW,0.0,,,,
frames_diverse,outputs\real_data\frames_diverse\frame_screw_assembly_station01_worker015_0111.jpg,,frame_screw_assembly_station01_worker015_0111.jpg,Unknown,LOW,0.0,,,,
frames_diverse,outputs\real_data\frames_diverse\frame_screw_assembly_station01_worker015_0112.jpg,,frame_screw_assembly_station01_worker015_0112.jpg,Unknown,LOW,0.0,,,,
frames_diverse,outputs\real_data\frames_diverse\frame_screw_assembly_station01_worker015_0113.jpg,,frame_screw_assembly_station01_worker015_0113.jpg,Unknown,LOW,0.0,,,,
frames_diverse,outputs\real_data\frames_diverse\frame_screw_assembly_station01_worker015_0114.jpg,,frame_screw_assembly_station01_worker015_0114.jpg,Unknown,LOW,0.0,,,,
frames_diverse,outputs\real_data\frames_diverse\frame_screw_assembly_station01_worker015_0115.jpg,,frame_screw_assembly_station01_worker015_0115.jpg,Unknown,LOW,0.0,,,,
frames_diverse,outputs\real_data\frames_diverse\frame_screw_assembly_station01_worker015_0116.jpg,,frame_screw_assembly_station01_worker015_0116.jpg,Unknown,LOW,0.0,,,,
frames_diverse,outputs\real_data\frames_diverse\frame_screw_assembly_station01_worker015_0118.jpg,,frame_screw_assembly_station01_worker015_0118.jpg,Unknown,LOW,0.0,,,,
frames_diverse,outputs\real_data\frames_diverse\frame_screw_assembly_station01_worker015_0119.jpg,,frame_screw_assembly_station01_worker015_0119.jpg,Unknown,LOW,0.0,,,,
frames_diverse,outputs\real_data\frames_diverse\frame_screw_assembly_station01_worker015_0120.jpg,,frame_screw_assembly_station01_worker015_0120.jpg,Unknown,LOW,0.0,,,,
frames_diverse,outputs\real_data\frames_diverse\frame_screw_assembly_station01_worker015_0121.jpg,,frame_screw_assembly_station01_worker015_0121.jpg,Unknown,LOW,0.0,,,,
frames_diverse,outputs\real_data\frames_diverse\frame_screw_assembly_station01_worker015_0122.jpg,,frame_screw_assembly_station01_worker015_0122.jpg,Unknown,LOW,0.0,,,,
frames_diverse,outputs\real_data\frames_diverse\frame_screw_assembly_station01_worker015_0123.jpg,,frame_screw_assembly_station01_worker015_0123.jpg,Unknown,LOW,0.0,,,,
frames_diverse,outputs\real_data\frames_diverse\frame_screw_assembly_station01_worker015_0124.jpg,,frame_screw_assembly_station01_worker015_0124.jpg,Unknown,LOW,0.0,,,,
frames_diverse,outputs\real_data\frames_diverse\frame_screw_assembly_station01_worker015_0125.jpg,,frame_screw_assembly_station01_worker015_0125.jpg,Unknown,LOW,0.0,,,,
frames_diverse,outputs\real_data\frames_diverse\frame_screw_assembly_station01_worker015_0126.jpg,,frame_screw_assembly_station01_worker015_0126.jpg,Unknown,LOW,0.0,,,,
frames_diverse,outputs\real_data\frames_diverse\frame_screw_assembly_station01_worker015_0128.jpg,,frame_screw_assembly_station01_worker015_0128.jpg,Unknown,LOW,0.0,,,,
frames_diverse,outputs\real_data\frames_diverse\frame_screw_assembly_station01_worker015_0129.jpg,,frame_screw_assembly_station01_worker015_0129.jpg,Unknown,LOW,0.0,,,,
frames_diverse,outputs\real_data\frames_diverse\frame_screw_assembly_station01_worker015_0130.jpg,,frame_screw_assembly_station01_worker015_0130.jpg,Unknown,LOW,0.0,,,,
frames_diverse,outputs\real_data\frames_diverse\frame_screw_assembly_station01_worker015_0131.jpg,,frame_screw_assembly_station01_worker015_0131.jpg,Unknown,LOW,0.0,,,,
frames_diverse,outputs\real_data\frames_diverse\frame_screw_assembly_station01_worker015_0132.jpg,,frame_screw_assembly_station01_worker015_0132.jpg,Unknown,LOW,0.0,,,,
frames_diverse,outputs\real_data\frames_diverse\frame_screw_assembly_station01_worker015_0133.jpg,,frame_screw_assembly_station01_worker015_0133.jpg,Unknown,LOW,0.0,,,,
frames_diverse,outputs\real_data\frames_diverse\frame_screw_assembly_station01_worker015_0134.jpg,,frame_screw_assembly_station01_worker015_0134.jpg,Unknown,LOW,0.0,,,,
frames_diverse,outputs\real_data\frames_diverse\frame_screw_assembly_station01_worker015_0135.jpg,,frame_screw_assembly_station01_worker015_0135.jpg,Unknown,LOW,0.0,,,,
frames_diverse,outputs\real_data\frames_diverse\frame_screw_assembly_station01_worker015_0136.jpg,,frame_screw_assembly_station01_worker015_0136.jpg,Unknown,LOW,0.0,,,,
frames_diverse,outputs\real_data\frames_diverse\frame_screw_assembly_station01_worker015_0138.jpg,,frame_screw_assembly_station01_worker015_0138.jpg,Unknown,LOW,0.0,,,,
frames_diverse,outputs\real_data\frames_diverse\frame_screw_assembly_station01_worker015_0139.jpg,,frame_screw_assembly_station01_worker015_0139.jpg,Unknown,LOW,0.0,,,,
frames_diverse,outputs\real_data\frames_diverse\frame_screw_assembly_station01_worker015_0140.jpg,,frame_screw_assembly_station01_worker015_0140.jpg,Unknown,LOW,0.0,,,,
frames_diverse,outputs\real_data\frames_diverse\frame_screw_assembly_station01_worker015_0141.jpg,,frame_screw_assembly_station01_worker015_0141.jpg,Unknown,LOW,0.0,,,,
frames_diverse,outputs\real_data\frames_diverse\frame_screw_assembly_station01_worker015_0142.jpg,,frame_screw_assembly_station01_worker015_0142.jpg,Unknown,LOW,0.0,,,,
frames_diverse,outputs\real_data\frames_diverse\frame_screw_assembly_station01_worker015_0143.jpg,,frame_screw_assembly_station01_worker015_0143.jpg,Unknown,LOW,0.0,,,,
frames_diverse,outputs\real_data\frames_diverse\frame_screw_assembly_station01_worker015_0144.jpg,,frame_screw_assembly_station01_worker015_0144.jpg,Unknown,LOW,0.0,,,,
frames_diverse,outputs\real_data\frames_diverse\frame_screw_assembly_station01_worker015_0145.jpg,,frame_screw_assembly_station01_worker015_0145.jpg,Unknown,LOW,0.0,,,,
frames_diverse,outputs\real_data\frames_diverse\frame_screw_assembly_station01_worker015_0146.jpg,,frame_screw_assembly_station01_worker015_0146.jpg,Unknown,LOW,0.0,,,,
frames_diverse,outputs\real_data\frames_diverse\frame_screw_assembly_station01_worker015_0148.jpg,,frame_screw_assembly_station01_worker015_0148.jpg,Unknown,LOW,0.0,,,,
frames_diverse,outputs\real_data\frames_diverse\frame_screw_assembly_station01_worker015_0149.jpg,,frame_screw_assembly_station01_worker015_0149.jpg,Unknown,LOW,0.0,,,,
frames_diverse,outputs\real_data\frames_diverse\frame_screw_assembly_station01_worker015_0150.jpg,,frame_screw_assembly_station01_worker015_0150.jpg,Unknown,LOW,0.0,,,,
frames_diverse,outputs\real_data\frames_diverse\frame_screw_assembly_station01_worker015_0151.jpg,,frame_screw_assembly_station01_worker015_0151.jpg,Unknown,LOW,0.0,,,,
frames_diverse,outputs\real_data\frames_diverse\frame_screw_assembly_station01_worker015_0152.jpg,,frame_screw_assembly_station01_worker015_0152.jpg,Unknown,LOW,0.0,,,,
frames_diverse,outputs\real_data\frames_diverse\frame_screw_assembly_station01_worker015_0153.jpg,,frame_screw_assembly_station01_worker015_0153.jpg,Unknown,LOW,0.0,,,,
frames_diverse,outputs\real_data\frames_diverse\frame_screw_assembly_station01_worker015_0154.jpg,,frame_screw_assembly_station01_worker015_0154.jpg,Unknown,LOW,0.0,,,,
frames_diverse,outputs\real_data\frames_diverse\frame_screw_assembly_station01_worker015_0155.jpg,,frame_screw_assembly_station01_worker015_0155.jpg,Unknown,LOW,0.0,,,,
frames_diverse,outputs\real_data\frames_diverse\frame_screw_assembly_station01_worker015_0156.jpg,,frame_screw_assembly_station01_worker015_0156.jpg,Unknown,LOW,0.0,,,,
frames_diverse,outputs\real_data\frames_diverse\frame_screw_assembly_station01_worker015_0158.jpg,,frame_screw_assembly_station01_worker015_0158.jpg,Unknown,LOW,0.0,,,,
frames_diverse,outputs\real_data\frames_diverse\frame_screw_assembly_station01_worker015_0159.jpg,,frame_screw_assembly_station01_worker015_0159.jpg,Unknown,LOW,0.0,,,,
frames_diverse,outputs\real_data\frames_diverse\frame_screw_assembly_station01_worker015_0160.jpg,,frame_screw_assembly_station01_worker015_0160.jpg,Unknown,LOW,0.0,,,,
frames_diverse,outputs\real_data\frames_diverse\frame_screw_assembly_station01_worker015_0161.jpg,,frame_screw_assembly_station01_worker015_0161.jpg,Unknown,LOW,0.0,,,,
frames_diverse,outputs\real_data\frames_diverse\frame_screw_assembly_station01_worker015_0162.jpg,,frame_screw_assembly_station01_worker015_0162.jpg,Unknown,LOW,0.0,,,,
frames_diverse,outputs\real_data\frames_diverse\frame_screw_assembly_station01_worker015_0163.jpg,,frame_screw_assembly_station01_worker015_0163.jpg,Unknown,LOW,0.0,,,,
frames_diverse,outputs\real_data\frames_diverse\frame_screw_assembly_station01_worker015_0164.jpg,,frame_screw_assembly_station01_worker015_0164.jpg,Unknown,LOW,0.0,,,,
frames_diverse,outputs\real_data\frames_diverse\frame_screw_assembly_station01_worker015_0165.jpg,,frame_screw_assembly_station01_worker015_0165.jpg,Unknown,LOW,0.0,,,,
frames_diverse,outputs\real_data\frames_diverse\frame_screw_assembly_station01_worker015_0166.jpg,,frame_screw_assembly_station01_worker015_0166.jpg,Unknown,LOW,0.0,,,,
frames_diverse,outputs\real_data\frames_diverse\frame_screw_assembly_station01_worker015_0168.jpg,,frame_screw_assembly_station01_worker015_0168.jpg,Unknown,LOW,0.0,,,,
frames_diverse,outputs\real_data\frames_diverse\frame_screw_assembly_station01_worker015_0169.jpg,,frame_screw_assembly_station01_worker015_0169.jpg,Unknown,LOW,0.0,,,,
frames_diverse,outputs\real_data\frames_diverse\frame_screw_assembly_station01_worker015_0170.jpg,,frame_screw_assembly_station01_worker015_0170.jpg,Unknown,LOW,0.0,,,,
frames_diverse,outputs\real_data\frames_diverse\frame_screw_assembly_station01_worker015_0171.jpg,,frame_screw_assembly_station01_worker015_0171.jpg,Unknown,LOW,0.0,,,,
frames_diverse,outputs\real_data\frames_diverse\frame_screw_assembly_station01_worker015_0172.jpg,,frame_screw_assembly_station01_worker015_0172.jpg,Unknown,LOW,0.0,,,,
frames_diverse,outputs\real_data\frames_diverse\frame_screw_assembly_station01_worker015_0173.jpg,,frame_screw_assembly_station01_worker015_0173.jpg,Unknown,LOW,0.0,,,,
frames_diverse,outputs\real_data\frames_diverse\frame_screw_assembly_station01_worker015_0174.jpg,,frame_screw_assembly_station01_worker015_0174.jpg,Unknown,LOW,0.0,,,,
frames_diverse,outputs\real_data\frames_diverse\frame_screw_assembly_station01_worker015_0175.jpg,,frame_screw_assembly_station01_worker015_0175.jpg,Unknown,LOW,0.0,,,,
frames_diverse,outputs\real_data\frames_diverse\frame_screw_assembly_station01_worker015_0176.jpg,,frame_screw_assembly_station01_worker015_0176.jpg,Unknown,LOW,0.0,,,,
frames_diverse,outputs\real_data\frames_diverse\frame_screw_assembly_station01_worker015_0178.jpg,,frame_screw_assembly_station01_worker015_0178.jpg,Unknown,LOW,0.0,,,,
frames_diverse,outputs\real_data\frames_diverse\frame_screw_assembly_station01_worker015_0179.jpg,,frame_screw_assembly_station01_worker015_0179.jpg,Unknown,LOW,0.0,,,,
frames_diverse,outputs\real_data\frames_diverse\frame_screw_assembly_station01_worker015_0180.jpg,,frame_screw_assembly_station01_worker015_0180.jpg,Unknown,LOW,0.0,,,,
frames_diverse,outputs\real_data\frames_diverse\frame_screw_assembly_station01_worker015_0181.jpg,,frame_screw_assembly_station01_worker015_0181.jpg,Unknown,LOW,0.0,,,,
frames_diverse,outputs\real_data\frames_diverse\frame_screw_assembly_station01_worker015_0182.jpg,,frame_screw_assembly_station01_worker015_0182.jpg,Unknown,LOW,0.0,,,,
frames_diverse,outputs\real_data\frames_diverse\frame_screw_assembly_station01_worker015_0183.jpg,,frame_screw_assembly_station01_worker015_0183.jpg,Unknown,LOW,0.0,,,,
frames_diverse,outputs\real_data\frames_diverse\frame_screw_assembly_station01_worker015_0184.jpg,,frame_screw_assembly_station01_worker015_0184.jpg,Unknown,LOW,0.0,,,,
frames_diverse,outputs\real_data\frames_diverse\frame_screw_assembly_station01_worker015_0185.jpg,,frame_screw_assembly_station01_worker015_0185.jpg,Unknown,LOW,0.0,,,,
frames_diverse,outputs\real_data\frames_diverse\frame_screw_assembly_station01_worker015_0186.jpg,,frame_screw_assembly_station01_worker015_0186.jpg,Unknown,LOW,0.0,,,,
frames_diverse,outputs\real_data\frames_diverse\frame_screw_assembly_station01_worker015_0188.jpg,,frame_screw_assembly_station01_worker015_0188.jpg,Unknown,LOW,0.0,,,,
frames_diverse,outputs\real_data\frames_diverse\frame_screw_assembly_station01_worker015_0189.jpg,,frame_screw_assembly_station01_worker015_0189.jpg,Unknown,LOW,0.0,,,,
frames_diverse,outputs\real_data\frames_diverse\frame_screw_assembly_station01_worker015_0190.jpg,,frame_screw_assembly_station01_worker015_0190.jpg,Unknown,LOW,0.0,,,,
frames_diverse,outputs\real_data\frames_diverse\frame_screw_assembly_station01_worker015_0191.jpg,,frame_screw_assembly_station01_worker015_0191.jpg,Unknown,LOW,0.0,,,,
frames_diverse,outputs\real_data\frames_diverse\frame_screw_assembly_station01_worker015_0192.jpg,,frame_screw_assembly_station01_worker015_0192.jpg,Unknown,LOW,0.0,,,,
frames_diverse,outputs\real_data\frames_diverse\frame_screw_assembly_station01_worker015_0193.jpg,,frame_screw_assembly_station01_worker015_0193.jpg,Unknown,LOW,0.0,,,,
frames_diverse,outputs\real_data\frames_diverse\frame_screw_assembly_station01_worker015_0194.jpg,,frame_screw_assembly_station01_worker015_0194.jpg,Unknown,LOW,0.0,,,,
frames_diverse,outputs\real_data\frames_diverse\frame_screw_assembly_station01_worker015_0195.jpg,,frame_screw_assembly_station01_worker015_0195.jpg,Unknown,LOW,0.0,,,,
frames_diverse,outputs\real_data\frames_diverse\frame_screw_assembly_station01_worker015_0196.jpg,,frame_screw_assembly_station01_worker015_0196.jpg,Unknown,LOW,0.0,,,,
frames_diverse,outputs\real_data\frames_diverse\frame_screw_assembly_station01_worker015_0198.jpg,,frame_screw_assembly_station01_worker015_0198.jpg,Unknown,LOW,0.0,,,,
frames_diverse,outputs\real_data\frames_diverse\frame_screw_assembly_station01_worker015_0199.jpg,,frame_screw_assembly_station01_worker015_0199.jpg,Unknown,LOW,0.0,,,,
frames_diverse,outputs\real_data\frames_diverse\frame_screw_assembly_station01_worker015_0200.jpg,,frame_screw_assembly_station01_worker015_0200.jpg,Unknown,LOW,0.0,,,,
frames_diverse,outputs\real_data\frames_diverse\frame_screw_assembly_station01_worker015_0201.jpg,,frame_screw_assembly_station01_worker015_0201.jpg,Unknown,LOW,0.0,,,,
frames_diverse,outputs\real_data\frames_diverse\frame_screw_assembly_station01_worker015_0202.jpg,,frame_screw_assembly_station01_worker015_0202.jpg,Unknown,LOW,0.0,,,,
frames_diverse,outputs\real_data\frames_diverse\frame_screw_assembly_station01_worker015_0203.jpg,,frame_screw_assembly_station01_worker015_0203.jpg,Unknown,LOW,0.0,,,,
frames_diverse,outputs\real_data\frames_diverse\frame_screw_assembly_station01_worker015_0204.jpg,,frame_screw_assembly_station01_worker015_0204.jpg,Unknown,LOW,0.0,,,,
frames_diverse,outputs\real_data\frames_diverse\frame_screw_assembly_station01_worker015_0205.jpg,,frame_screw_assembly_station01_worker015_0205.jpg,Unknown,LOW,0.0,,,,
frames_diverse,outputs\real_data\frames_diverse\frame_screw_assembly_station01_worker015_0206.jpg,,frame_screw_assembly_station01_worker015_0206.jpg,Unknown,LOW,0.0,,,,
frames_diverse,outputs\real_data\frames_diverse\frame_screw_assembly_station01_worker015_0208.jpg,,frame_screw_assembly_station01_worker015_0208.jpg,Unknown,LOW,0.0,,,,
frames_diverse,outputs\real_data\frames_diverse\frame_screw_assembly_station01_worker015_0209.jpg,,frame_screw_assembly_station01_worker015_0209.jpg,Unknown,LOW,0.0,,,,
frames_diverse,outputs\real_data\frames_diverse\frame_screw_assembly_station01_worker015_0210.jpg,,frame_screw_assembly_station01_worker015_0210.jpg,Unknown,LOW,0.0,,,,
frames_diverse,outputs\real_data\frames_diverse\frame_screw_assembly_station01_worker015_0211.jpg,,frame_screw_assembly_station01_worker015_0211.jpg,Unknown,LOW,0.0,,,,
frames_diverse,outputs\real_data\frames_diverse\frame_screw_assembly_station01_worker015_0212.jpg,,frame_screw_assembly_station01_worker015_0212.jpg,Unknown,LOW,0.0,,,,
frames_diverse,outputs\real_data\frames_diverse\frame_screw_assembly_station01_worker015_0213.jpg,,frame_screw_assembly_station01_worker015_0213.jpg,Unknown,LOW,0.0,,,,
frames_diverse,outputs\real_data\frames_diverse\frame_screw_assembly_station01_worker015_0214.jpg,,frame_screw_assembly_station01_worker015_0214.jpg,Unknown,LOW,0.0,,,,
frames_diverse,outputs\real_data\frames_diverse\frame_screw_assembly_station01_worker015_0215.jpg,,frame_screw_assembly_station01_worker015_0215.jpg,Unknown,LOW,0.0,,,,
frames_diverse,outputs\real_data\frames_diverse\frame_screw_assembly_station01_worker015_0216.jpg,,frame_screw_assembly_station01_worker015_0216.jpg,Unknown,LOW,0.0,,,,
frames_diverse,outputs\real_data\frames_diverse\frame_screw_assembly_station01_worker015_0218.jpg,,frame_screw_assembly_station01_worker015_0218.jpg,Unknown,LOW,0.0,,,,
frames_diverse,outputs\real_data\frames_diverse\frame_screw_assembly_station01_worker015_0219.jpg,,frame_screw_assembly_station01_worker015_0219.jpg,Unknown,LOW,0.0,,,,
frames_diverse,outputs\real_data\frames_diverse\frame_screw_assembly_station01_worker015_0220.jpg,,frame_screw_assembly_station01_worker015_0220.jpg,Unknown,LOW,0.0,,,,
frames_diverse,outputs\real_data\frames_diverse\frame_screw_assembly_station01_worker015_0221.jpg,,frame_screw_assembly_station01_worker015_0221.jpg,Unknown,LOW,0.0,,,,
frames_diverse,outputs\real_data\frames_diverse\frame_screw_assembly_station01_worker015_0222.jpg,,frame_screw_assembly_station01_worker015_0222.jpg,Unknown,LOW,0.0,,,,
frames_diverse,outputs\real_data\frames_diverse\frame_screw_assembly_station01_worker015_0223.jpg,,frame_screw_assembly_station01_worker015_0223.jpg,Unknown,LOW,0.0,,,,
frames_diverse,outputs\real_data\frames_diverse\frame_screw_assembly_station01_worker015_0224.jpg,,frame_screw_assembly_station01_worker015_0224.jpg,Unknown,LOW,0.0,,,,
frames_diverse,outputs\real_data\frames_diverse\frame_screw_assembly_station01_worker015_0225.jpg,,frame_screw_assembly_station01_worker015_0225.jpg,Unknown,LOW,0.0,,,,
frames_diverse,outputs\real_data\frames_diverse\frame_screw_assembly_station01_worker015_0226.jpg,,frame_screw_assembly_station01_worker015_0226.jpg,Unknown,LOW,0.0,,,,
frames_diverse,outputs\real_data\frames_diverse\frame_screw_assembly_station01_worker015_0228.jpg,,frame_screw_assembly_station01_worker015_0228.jpg,Unknown,LOW,0.0,,,,
frames_diverse,outputs\real_data\frames_diverse\frame_screw_assembly_station01_worker015_0229.jpg,,frame_screw_assembly_station01_worker015_0229.jpg,Unknown,LOW,0.0,,,,
frames_diverse,outputs\real_data\frames_diverse\frame_screw_assembly_station01_worker015_0230.jpg,,frame_screw_assembly_station01_worker015_0230.jpg,Unknown,LOW,0.0,,,,
frames_diverse,outputs\real_data\frames_diverse\frame_screw_assembly_station01_worker015_0231.jpg,,frame_screw_assembly_station01_worker015_0231.jpg,Unknown,LOW,0.0,,,,
frames_diverse,outputs\real_data\frames_diverse\frame_screw_assembly_station01_worker015_0232.jpg,,frame_screw_assembly_station01_worker015_0232.jpg,Unknown,LOW,0.0,,,,
frames_diverse,outputs\real_data\frames_diverse\frame_screw_assembly_station01_worker015_0233.jpg,,frame_screw_assembly_station01_worker015_0233.jpg,Unknown,LOW,0.0,,,,
frames_diverse,outputs\real_data\frames_diverse\frame_screw_assembly_station01_worker015_0234.jpg,,frame_screw_assembly_station01_worker015_0234.jpg,Unknown,LOW,0.0,,,,
frames_diverse,outputs\real_data\frames_diverse\frame_screw_assembly_station01_worker015_0235.jpg,,frame_screw_assembly_station01_worker015_0235.jpg,Unknown,LOW,0.0,,,,
frames_diverse,outputs\real_data\frames_diverse\frame_screw_assembly_station01_worker015_0236.jpg,,frame_screw_assembly_station01_worker015_0236.jpg,Unknown,LOW,0.0,,,,
frames_diverse,outputs\real_data\frames_diverse\frame_screw_assembly_station01_worker015_0238.jpg,,frame_screw_assembly_station01_worker015_0238.jpg,Unknown,LOW,0.0,,,,
frames_diverse,outputs\real_data\frames_diverse\frame_screw_assembly_station01_worker015_0239.jpg,,frame_screw_assembly_station01_worker015_0239.jpg,Unknown,LOW,0.0,,,,
frames_diverse,outputs\real_data\frames_diverse\frame_screw_assembly_station01_worker015_0240.jpg,,frame_screw_assembly_station01_worker015_0240.jpg,Unknown,LOW,0.0,,,,
frames_diverse,outputs\real_data\frames_diverse\frame_screw_assembly_station01_worker015_0241.jpg,,frame_screw_assembly_station01_worker015_0241.jpg,Unknown,LOW,0.0,,,,
frames_diverse,outputs\real_data\frames_diverse\frame_screw_assembly_station01_worker015_0242.jpg,,frame_screw_assembly_station01_worker015_0242.jpg,Unknown,LOW,0.0,,,,
frames_diverse,outputs\real_data\frames_diverse\frame_screw_assembly_station01_worker015_0243.jpg,,frame_screw_assembly_station01_worker015_0243.jpg,Unknown,LOW,0.0,,,,
frames_diverse,outputs\real_data\frames_diverse\frame_screw_assembly_station01_worker015_0244.jpg,,frame_screw_assembly_station01_worker015_0244.jpg,Unknown,LOW,0.0,,,,
frames_diverse,outputs\real_data\frames_diverse\frame_screw_assembly_station01_worker015_0245.jpg,,frame_screw_assembly_station01_worker015_0245.jpg,Unknown,LOW,0.0,,,,
frames_diverse,outputs\real_data\frames_diverse\frame_screw_assembly_station01_worker015_0246.jpg,,frame_screw_assembly_station01_worker015_0246.jpg,Unknown,LOW,0.0,,,,
frames_diverse,outputs\real_data\frames_diverse\frame_screw_assembly_station01_worker015_0248.jpg,,frame_screw_assembly_station01_worker015_0248.jpg,Unknown,LOW,0.0,,,,
frames_diverse,outputs\real_data\frames_diverse\frame_screw_assembly_station01_worker015_0249.jpg,,frame_screw_assembly_station01_worker015_0249.jpg,Unknown,LOW,0.0,,,,
frames_diverse,outputs\real_data\frames_diverse\frame_screw_assembly_station01_worker015_0250.jpg,,frame_screw_assembly_station01_worker015_0250.jpg,Unknown,LOW,0.0,,,,
frames_diverse,outputs\real_data\frames_diverse\frame_screw_assembly_station01_worker015_0251.jpg,,frame_screw_assembly_station01_worker015_0251.jpg,Unknown,LOW,0.0,,,,
frames_diverse,outputs\real_data\frames_diverse\frame_screw_assembly_station01_worker015_0252.jpg,,frame_screw_assembly_station01_worker015_0252.jpg,Unknown,LOW,0.0,,,,
frames_diverse,outputs\real_data\frames_diverse\frame_screw_assembly_station01_worker015_0253.jpg,,frame_screw_assembly_station01_worker015_0253.jpg,Unknown,LOW,0.0,,,,
frames_diverse,outputs\real_data\frames_diverse\frame_screw_assembly_station01_worker015_0254.jpg,,frame_screw_assembly_station01_worker015_0254.jpg,Unknown,LOW,0.0,,,,
frames_diverse,outputs\real_data\frames_diverse\frame_screw_assembly_station01_worker015_0255.jpg,,frame_screw_assembly_station01_worker015_0255.jpg,Unknown,LOW,0.0,,,,
frames_diverse,outputs\real_data\frames_diverse\frame_screw_assembly_station01_worker015_0256.jpg,,frame_screw_assembly_station01_worker015_0256.jpg,Unknown,LOW,0.0,,,,
frames_diverse,outputs\real_data\frames_diverse\frame_screw_assembly_station01_worker015_0258.jpg,,frame_screw_assembly_station01_worker015_0258.jpg,Unknown,LOW,0.0,,,,
frames_diverse,outputs\real_data\frames_diverse\frame_screw_assembly_station01_worker015_0259.jpg,,frame_screw_assembly_station01_worker015_0259.jpg,Unknown,LOW,0.0,,,,
frames_diverse,outputs\real_data\frames_diverse\frame_screw_assembly_station01_worker015_0260.jpg,,frame_screw_assembly_station01_worker015_0260.jpg,Unknown,LOW,0.0,,,,
frames_diverse,outputs\real_data\frames_diverse\frame_screw_assembly_station01_worker015_0261.jpg,,frame_screw_assembly_station01_worker015_0261.jpg,Unknown,LOW,0.0,,,,
frames_diverse,outputs\real_data\frames_diverse\frame_screw_assembly_station01_worker015_0262.jpg,,frame_screw_assembly_station01_worker015_0262.jpg,Unknown,LOW,0.0,,,,
frames_diverse,outputs\real_data\frames_diverse\frame_screw_assembly_station01_worker015_0263.jpg,,frame_screw_assembly_station01_worker015_0263.jpg,Unknown,LOW,0.0,,,,
frames_diverse,outputs\real_data\frames_diverse\frame_screw_assembly_station01_worker015_0264.jpg,,frame_screw_assembly_station01_worker015_0264.jpg,Unknown,LOW,0.0,,,,
frames_diverse,outputs\real_data\frames_diverse\frame_screw_assembly_station01_worker015_0265.jpg,,frame_screw_assembly_station01_worker015_0265.jpg,Unknown,LOW,0.0,,,,
frames_diverse,outputs\real_data\frames_diverse\frame_screw_assembly_station01_worker015_0266.jpg,,frame_screw_assembly_station01_worker015_0266.jpg,Unknown,LOW,0.0,,,,
frames_diverse,outputs\real_data\frames_diverse\frame_screw_assembly_station01_worker015_0268.jpg,,frame_screw_assembly_station01_worker015_0268.jpg,Unknown,LOW,0.0,,,,
frames_diverse,outputs\real_data\frames_diverse\frame_screw_assembly_station01_worker015_0269.jpg,,frame_screw_assembly_station01_worker015_0269.jpg,Unknown,LOW,0.0,,,,
frames_diverse,outputs\real_data\frames_diverse\frame_screw_assembly_station01_worker015_0270.jpg,,frame_screw_assembly_station01_worker015_0270.jpg,Unknown,LOW,0.0,,,,
frames_diverse,outputs\real_data\frames_diverse\frame_screw_assembly_station01_worker015_0271.jpg,,frame_screw_assembly_station01_worker015_0271.jpg,Unknown,LOW,0.0,,,,
frames_diverse,outputs\real_data\frames_diverse\frame_screw_assembly_station01_worker015_0272.jpg,,frame_screw_assembly_station01_worker015_0272.jpg,Unknown,LOW,0.0,,,,
frames_diverse,outputs\real_data\frames_diverse\frame_screw_assembly_station01_worker015_0273.jpg,,frame_screw_assembly_station01_worker015_0273.jpg,Unknown,LOW,0.0,,,,
frames_diverse,outputs\real_data\frames_diverse\frame_screw_assembly_station01_worker015_0274.jpg,,frame_screw_assembly_station01_worker015_0274.jpg,Unknown,LOW,0.0,,,,
frames_diverse,outputs\real_data\frames_diverse\frame_screw_assembly_station01_worker015_0275.jpg,,frame_screw_assembly_station01_worker015_0275.jpg,Unknown,LOW,0.0,,,,
frames_diverse,outputs\real_data\frames_diverse\frame_screw_assembly_station01_worker015_0276.jpg,,frame_screw_assembly_station01_worker015_0276.jpg,Unknown,LOW,0.0,,,,
frames_diverse,outputs\real_data\frames_diverse\frame_screw_assembly_station01_worker015_0278.jpg,,frame_screw_assembly_station01_worker015_0278.jpg,Unknown,LOW,0.0,,,,
frames_diverse,outputs\real_data\frames_diverse\frame_screw_assembly_station01_worker015_0279.jpg,,frame_screw_assembly_station01_worker015_0279.jpg,Unknown,LOW,0.0,,,,
frames_diverse,outputs\real_data\frames_diverse\frame_screw_assembly_station01_worker015_0280.jpg,,frame_screw_assembly_station01_worker015_0280.jpg,Unknown,LOW,0.0,,,,
frames_diverse,outputs\real_data\frames_diverse\frame_screw_assembly_station01_worker015_0281.jpg,,frame_screw_assembly_station01_worker015_0281.jpg,Unknown,LOW,0.0,,,,
frames_diverse,outputs\real_data\frames_diverse\frame_screw_assembly_station01_worker015_0282.jpg,,frame_screw_assembly_station01_worker015_0282.jpg,Unknown,LOW,0.0,,,,
frames_diverse,outputs\real_data\frames_diverse\frame_screw_assembly_station01_worker015_0283.jpg,,frame_screw_assembly_station01_worker015_0283.jpg,Unknown,LOW,0.0,,,,
frames_diverse,outputs\real_data\frames_diverse\frame_screw_assembly_station01_worker015_0284.jpg,,frame_screw_assembly_station01_worker015_0284.jpg,Unknown,LOW,0.0,,,,
frames_diverse,outputs\real_data\frames_diverse\frame_screw_assembly_station01_worker015_0285.jpg,,frame_screw_assembly_station01_worker015_0285.jpg,Unknown,LOW,0.0,,,,
frames_diverse,outputs\real_data\frames_diverse\frame_screw_assembly_station01_worker015_0286.jpg,,frame_screw_assembly_station01_worker015_0286.jpg,Unknown,LOW,0.0,,,,
frames_diverse,outputs\real_data\frames_diverse\frame_screw_assembly_station01_worker015_0288.jpg,,frame_screw_assembly_station01_worker015_0288.jpg,Unknown,LOW,0.0,,,,
frames_diverse,outputs\real_data\frames_diverse\frame_screw_assembly_station01_worker015_0289.jpg,,frame_screw_assembly_station01_worker015_0289.jpg,Unknown,LOW,0.0,,,,
frames_diverse,outputs\real_data\frames_diverse\frame_screw_assembly_station01_worker015_0290.jpg,,frame_screw_assembly_station01_worker015_0290.jpg,Unknown,LOW,0.0,,,,
frames_diverse,outputs\real_data\frames_diverse\frame_screw_assembly_station01_worker015_0291.jpg,,frame_screw_assembly_station01_worker015_0291.jpg,Unknown,LOW,0.0,,,,
frames_diverse,outputs\real_data\frames_diverse\frame_screw_assembly_station01_worker015_0292.jpg,,frame_screw_assembly_station01_worker015_0292.jpg,Unknown,LOW,0.0,,,,
frames_diverse,outputs\real_data\frames_diverse\frame_screw_assembly_station01_worker015_0293.jpg,,frame_screw_assembly_station01_worker015_0293.jpg,Unknown,LOW,0.0,,,,
frames_diverse,outputs\real_data\frames_diverse\frame_screw_assembly_station01_worker015_0294.jpg,,frame_screw_assembly_station01_worker015_0294.jpg,Unknown,LOW,0.0,,,,
frames_diverse,outputs\real_data\frames_diverse\frame_screw_assembly_station01_worker015_0295.jpg,,frame_screw_assembly_station01_worker015_0295.jpg,Unknown,LOW,0.0,,,,
frames_diverse,outputs\real_data\frames_diverse\frame_screw_assembly_station01_worker015_0296.jpg,,frame_screw_assembly_station01_worker015_0296.jpg,Unknown,LOW,0.0,,,,
frames_diverse,outputs\real_data\frames_diverse\frame_screw_assembly_station01_worker015_0298.jpg,,frame_screw_assembly_station01_worker015_0298.jpg,Unknown,LOW,0.0,,,,
frames_diverse,outputs\real_data\frames_diverse\frame_screw_assembly_station01_worker015_0299.jpg,,frame_screw_assembly_station01_worker015_0299.jpg,Unknown,LOW,0.0,,,,
frames_diverse,outputs\real_data\frames_diverse\frame_screw_assembly_station01_worker015_0300.jpg,,frame_screw_assembly_station01_worker015_0300.jpg,Unknown,LOW,0.0,,,,
frames_diverse,outputs\real_data\frames_diverse\frame_screw_assembly_station01_worker015_0301.jpg,,frame_screw_assembly_station01_worker015_0301.jpg,Unknown,LOW,0.0,,,,
frames_diverse,outputs\real_data\frames_diverse\frame_screw_assembly_station01_worker015_0302.jpg,,frame_screw_assembly_station01_worker015_0302.jpg,Unknown,LOW,0.0,,,,
frames_diverse,outputs\real_data\frames_diverse\frame_screw_assembly_station01_worker015_0303.jpg,,frame_screw_assembly_station01_worker015_0303.jpg,Unknown,LOW,0.0,,,,
frames_diverse,outputs\real_data\frames_diverse\frame_screw_assembly_station01_worker015_0304.jpg,,frame_screw_assembly_station01_worker015_0304.jpg,Unknown,LOW,0.0,,,,
frames_diverse,outputs\real_data\frames_diverse\frame_screw_assembly_station01_worker015_0305.jpg,,frame_screw_assembly_station01_worker015_0305.jpg,Unknown,LOW,0.0,,,,
frames_diverse,outputs\real_data\frames_diverse\frame_screw_assembly_station01_worker015_0306.jpg,,frame_screw_assembly_station01_worker015_0306.jpg,Unknown,LOW,0.0,,,,
frames_diverse,outputs\real_data\frames_diverse\frame_screw_assembly_station01_worker015_0308.jpg,,frame_screw_assembly_station01_worker015_0308.jpg,Unknown,LOW,0.0,,,,
frames_diverse,outputs\real_data\frames_diverse\frame_screw_assembly_station01_worker015_0309.jpg,,frame_screw_assembly_station01_worker015_0309.jpg,Unknown,LOW,0.0,,,,
frames_diverse,outputs\real_data\frames_diverse\frame_screw_assembly_station01_worker015_0310.jpg,,frame_screw_assembly_station01_worker015_0310.jpg,Unknown,LOW,0.0,,,,
frames_diverse,outputs\real_data\frames_diverse\frame_screw_assembly_station01_worker015_0311.jpg,,frame_screw_assembly_station01_worker015_0311.jpg,Unknown,LOW,0.0,,,,
frames_diverse,outputs\real_data\frames_diverse\frame_screw_assembly_station01_worker015_0312.jpg,,frame_screw_assembly_station01_worker015_0312.jpg,Unknown,LOW,0.0,,,,
frames_diverse,outputs\real_data\frames_diverse\frame_screw_assembly_station01_worker015_0313.jpg,,frame_screw_assembly_station01_worker015_0313.jpg,Unknown,LOW,0.0,,,,
frames_diverse,outputs\real_data\frames_diverse\frame_screw_assembly_station01_worker015_0314.jpg,,frame_screw_assembly_station01_worker015_0314.jpg,Unknown,LOW,0.0,,,,
frames_diverse,outputs\real_data\frames_diverse\frame_screw_assembly_station01_worker015_0315.jpg,,frame_screw_assembly_station01_worker015_0315.jpg,Unknown,LOW,0.0,,,,
frames_diverse,outputs\real_data\frames_diverse\frame_screw_assembly_station01_worker015_0316.jpg,,frame_screw_assembly_station01_worker015_0316.jpg,Unknown,LOW,0.0,,,,
frames_diverse,outputs\real_data\frames_diverse\frame_screw_assembly_station01_worker015_0318.jpg,,frame_screw_assembly_station01_worker015_0318.jpg,Unknown,LOW,0.0,,,,
frames_diverse,outputs\real_data\frames_diverse\frame_screw_assembly_station01_worker015_0319.jpg,,frame_screw_assembly_station01_worker015_0319.jpg,Unknown,LOW,0.0,,,,
frames_diverse,outputs\real_data\frames_diverse\frame_screw_assembly_station01_worker015_0320.jpg,,frame_screw_assembly_station01_worker015_0320.jpg,Unknown,LOW,0.0,,,,
frames_diverse,outputs\real_data\frames_diverse\frame_screw_assembly_station01_worker015_0321.jpg,,frame_screw_assembly_station01_worker015_0321.jpg,Unknown,LOW,0.0,,,,
frames_diverse,outputs\real_data\frames_diverse\frame_screw_assembly_station01_worker015_0322.jpg,,frame_screw_assembly_station01_worker015_0322.jpg,Unknown,LOW,0.0,,,,
frames_diverse,outputs\real_data\frames_diverse\frame_screw_assembly_station01_worker015_0323.jpg,,frame_screw_assembly_station01_worker015_0323.jpg,Unknown,LOW,0.0,,,,
frames_diverse,outputs\real_data\frames_diverse\frame_screw_assembly_station01_worker015_0324.jpg,,frame_screw_assembly_station01_worker015_0324.jpg,Unknown,LOW,0.0,,,,
frames_diverse,outputs\real_data\frames_diverse\frame_screw_assembly_station01_worker015_0325.jpg,,frame_screw_assembly_station01_worker015_0325.jpg,Unknown,LOW,0.0,,,,
frames_diverse,outputs\real_data\frames_diverse\frame_screw_assembly_station01_worker015_0326.jpg,,frame_screw_assembly_station01_worker015_0326.jpg,Unknown,LOW,0.0,,,,
frames_diverse,outputs\real_data\frames_diverse\frame_screw_assembly_station01_worker015_0328.jpg,,frame_screw_assembly_station01_worker015_0328.jpg,Unknown,LOW,0.0,,,,
frames_diverse,outputs\real_data\frames_diverse\frame_screw_assembly_station01_worker015_0329.jpg,,frame_screw_assembly_station01_worker015_0329.jpg,Unknown,LOW,0.0,,,,
frames_diverse,outputs\real_data\frames_diverse\frame_screw_assembly_station01_worker015_0330.jpg,,frame_screw_assembly_station01_worker015_0330.jpg,Unknown,LOW,0.0,,,,
frames_diverse,outputs\real_data\frames_diverse\frame_screw_assembly_station01_worker015_0331.jpg,,frame_screw_assembly_station01_worker015_0331.jpg,Unknown,LOW,0.0,,,,
frames_diverse,outputs\real_data\frames_diverse\frame_screw_assembly_station01_worker015_0332.jpg,,frame_screw_assembly_station01_worker015_0332.jpg,Unknown,LOW,0.0,,,,
frames_diverse,outputs\real_data\frames_diverse\frame_screw_assembly_station01_worker015_0333.jpg,,frame_screw_assembly_station01_worker015_0333.jpg,Unknown,LOW,0.0,,,,
frames_diverse,outputs\real_data\frames_diverse\frame_screw_assembly_station01_worker015_0334.jpg,,frame_screw_assembly_station01_worker015_0334.jpg,Unknown,LOW,0.0,,,,
frames_diverse,outputs\real_data\frames_diverse\frame_screw_assembly_station01_worker015_0335.jpg,,frame_screw_assembly_station01_worker015_0335.jpg,Unknown,LOW,0.0,,,,
frames_diverse,outputs\real_data\frames_diverse\frame_screw_assembly_station01_worker015_0336.jpg,,frame_screw_assembly_station01_worker015_0336.jpg,Unknown,LOW,0.0,,,,
frames_diverse,outputs\real_data\frames_diverse\frame_screw_assembly_station01_worker015_0338.jpg,,frame_screw_assembly_station01_worker015_0338.jpg,Unknown,LOW,0.0,,,,
frames_diverse,outputs\real_data\frames_diverse\frame_screw_assembly_station01_worker015_0339.jpg,,frame_screw_assembly_station01_worker015_0339.jpg,Unknown,LOW,0.0,,,,
frames_diverse,outputs\real_data\frames_diverse\frame_screw_assembly_station01_worker015_0340.jpg,,frame_screw_assembly_station01_worker015_0340.jpg,Unknown,LOW,0.0,,,,
frames_diverse,outputs\real_data\frames_diverse\frame_screw_assembly_station01_worker015_0341.jpg,,frame_screw_assembly_station01_worker015_0341.jpg,Unknown,LOW,0.0,,,,
frames_diverse,outputs\real_data\frames_diverse\frame_screw_assembly_station01_worker015_0342.jpg,,frame_screw_assembly_station01_worker015_0342.jpg,Unknown,LOW,0.0,,,,
frames_diverse,outputs\real_data\frames_diverse\frame_screw_assembly_station01_worker015_0343.jpg,,frame_screw_assembly_station01_worker015_0343.jpg,Unknown,LOW,0.0,,,,
frames_diverse,outputs\real_data\frames_diverse\frame_screw_assembly_station01_worker015_0344.jpg,,frame_screw_assembly_station01_worker015_0344.jpg,Unknown,LOW,0.0,,,,
frames_diverse,outputs\real_data\frames_diverse\frame_screw_assembly_station01_worker015_0345.jpg,,frame_screw_assembly_station01_worker015_0345.jpg,Unknown,LOW,0.0,,,,
frames_diverse,outputs\real_data\frames_diverse\frame_screw_assembly_station01_worker015_0346.jpg,,frame_screw_assembly_station01_worker015_0346.jpg,Unknown,LOW,0.0,,,,
frames_diverse,outputs\real_data\frames_diverse\frame_screw_assembly_station01_worker015_0348.jpg,,frame_screw_assembly_station01_worker015_0348.jpg,Unknown,LOW,0.0,,,,
frames_diverse,outputs\real_data\frames_diverse\frame_screw_assembly_station01_worker015_0349.jpg,,frame_screw_assembly_station01_worker015_0349.jpg,Unknown,LOW,0.0,,,,
frames_diverse,outputs\real_data\frames_diverse\frame_screw_assembly_station01_worker015_0350.jpg,,frame_screw_assembly_station01_worker015_0350.jpg,Unknown,LOW,0.0,,,,
frames_diverse,outputs\real_data\frames_diverse\frame_screw_assembly_station01_worker015_0351.jpg,,frame_screw_assembly_station01_worker015_0351.jpg,Unknown,LOW,0.0,,,,
frames_diverse,outputs\real_data\frames_diverse\frame_screw_assembly_station01_worker015_0352.jpg,,frame_screw_assembly_station01_worker015_0352.jpg,Unknown,LOW,0.0,,,,
frames_diverse,outputs\real_data\frames_diverse\frame_screw_assembly_station01_worker015_0353.jpg,,frame_screw_assembly_station01_worker015_0353.jpg,Unknown,LOW,0.0,,,,
frames_diverse,outputs\real_data\frames_diverse\frame_screw_assembly_station01_worker015_0354.jpg,,frame_screw_assembly_station01_worker015_0354.jpg,Unknown,LOW,0.0,,,,
frames_diverse,outputs\real_data\frames_diverse\frame_screw_assembly_station01_worker015_0355.jpg,,frame_screw_assembly_station01_worker015_0355.jpg,Unknown,LOW,0.0,,,,
frames_diverse,outputs\real_data\frames_diverse\frame_screw_assembly_station01_worker015_0356.jpg,,frame_screw_assembly_station01_worker015_0356.jpg,Unknown,LOW,0.0,,,,
frames_diverse,outputs\real_data\frames_diverse\frame_screw_assembly_station01_worker015_0358.jpg,,frame_screw_assembly_station01_worker015_0358.jpg,Unknown,LOW,0.0,,,,
frames_diverse,outputs\real_data\frames_diverse\frame_screw_assembly_station01_worker015_0359.jpg,,frame_screw_assembly_station01_worker015_0359.jpg,Unknown,LOW,0.0,,,,
frames_diverse,outputs\real_data\frames_diverse\frame_screw_assembly_station01_worker015_0360.jpg,,frame_screw_assembly_station01_worker015_0360.jpg,Unknown,LOW,0.0,,,,
frames_diverse,outputs\real_data\frames_diverse\frame_screw_assembly_station01_worker015_0361.jpg,,frame_screw_assembly_station01_worker015_0361.jpg,Unknown,LOW,0.0,,,,
frames_diverse,outputs\real_data\frames_diverse\frame_screw_assembly_station01_worker015_0362.jpg,,frame_screw_assembly_station01_worker015_0362.jpg,Unknown,LOW,0.0,,,,
frames_diverse,outputs\real_data\frames_diverse\frame_screw_assembly_station01_worker015_0363.jpg,,frame_screw_assembly_station01_worker015_0363.jpg,Unknown,LOW,0.0,,,,
frames_diverse,outputs\real_data\frames_diverse\frame_screw_assembly_station01_worker015_0364.jpg,,frame_screw_assembly_station01_worker015_0364.jpg,Unknown,LOW,0.0,,,,
frames_diverse,outputs\real_data\frames_diverse\frame_screw_assembly_station01_worker015_0365.jpg,,frame_screw_assembly_station01_worker015_0365.jpg,Unknown,LOW,0.0,,,,
frames_diverse,outputs\real_data\frames_diverse\frame_screw_assembly_station01_worker015_0366.jpg,,frame_screw_assembly_station01_worker015_0366.jpg,Unknown,LOW,0.0,,,,
frames_diverse,outputs\real_data\frames_diverse\frame_screw_assembly_station01_worker015_0368.jpg,,frame_screw_assembly_station01_worker015_0368.jpg,Unknown,LOW,0.0,,,,
frames_diverse,outputs\real_data\frames_diverse\frame_screw_assembly_station01_worker015_0369.jpg,,frame_screw_assembly_station01_worker015_0369.jpg,Unknown,LOW,0.0,,,,
frames_diverse,outputs\real_data\frames_diverse\frame_screw_assembly_station01_worker015_0370.jpg,,frame_screw_assembly_station01_worker015_0370.jpg,Unknown,LOW,0.0,,,,
frames_diverse,outputs\real_data\frames_diverse\frame_screw_assembly_station01_worker015_0371.jpg,,frame_screw_assembly_station01_worker015_0371.jpg,Unknown,LOW,0.0,,,,
frames_diverse,outputs\real_data\frames_diverse\frame_screw_assembly_station01_worker015_0372.jpg,,frame_screw_assembly_station01_worker015_0372.jpg,Unknown,LOW,0.0,,,,
frames_diverse,outputs\real_data\frames_diverse\frame_screw_assembly_station01_worker015_0373.jpg,,frame_screw_assembly_station01_worker015_0373.jpg,Unknown,LOW,0.0,,,,
frames_diverse,outputs\real_data\frames_diverse\frame_screw_assembly_station01_worker015_0374.jpg,,frame_screw_assembly_station01_worker015_0374.jpg,Unknown,LOW,0.0,,,,
frames_diverse,outputs\real_data\frames_diverse\frame_screw_assembly_station01_worker015_0375.jpg,,frame_screw_assembly_station01_worker015_0375.jpg,Unknown,LOW,0.0,,,,
frames_diverse,outputs\real_data\frames_diverse\frame_screw_assembly_station01_worker015_0376.jpg,,frame_screw_assembly_station01_worker015_0376.jpg,Unknown,LOW,0.0,,,,
frames_diverse,outputs\real_data\frames_diverse\frame_screw_assembly_station01_worker015_0378.jpg,,frame_screw_assembly_station01_worker015_0378.jpg,Unknown,LOW,0.0,,,,
frames_diverse,outputs\real_data\frames_diverse\frame_screw_assembly_station01_worker015_0379.jpg,,frame_screw_assembly_station01_worker015_0379.jpg,Unknown,LOW,0.0,,,,
frames_diverse,outputs\real_data\frames_diverse\frame_screw_assembly_station01_worker015_0380.jpg,,frame_screw_assembly_station01_worker015_0380.jpg,Unknown,LOW,0.0,,,,
frames_diverse,outputs\real_data\frames_diverse\frame_screw_assembly_station01_worker015_0381.jpg,,frame_screw_assembly_station01_worker015_0381.jpg,Unknown,LOW,0.0,,,,
frames_diverse,outputs\real_data\frames_diverse\frame_screw_assembly_station01_worker015_0382.jpg,,frame_screw_assembly_station01_worker015_0382.jpg,Unknown,LOW,0.0,,,,
frames_diverse,outputs\real_data\frames_diverse\frame_screw_assembly_station01_worker015_0383.jpg,,frame_screw_assembly_station01_worker015_0383.jpg,Unknown,LOW,0.0,,,,
frames_diverse,outputs\real_data\frames_diverse\frame_screw_assembly_station01_worker015_0384.jpg,,frame_screw_assembly_station01_worker015_0384.jpg,Unknown,LOW,0.0,,,,
frames_diverse,outputs\real_data\frames_diverse\frame_screw_assembly_station01_worker015_0385.jpg,,frame_screw_assembly_station01_worker015_0385.jpg,Unknown,LOW,0.0,,,,
frames_diverse,outputs\real_data\frames_diverse\frame_screw_assembly_station01_worker015_0386.jpg,,frame_screw_assembly_station01_worker015_0386.jpg,Unknown,LOW,0.0,,,,
frames_diverse,outputs\real_data\frames_diverse\frame_screw_assembly_station01_worker015_0388.jpg,,frame_screw_assembly_station01_worker015_0388.jpg,Unknown,LOW,0.0,,,,
frames_diverse,outputs\real_data\frames_diverse\frame_screw_assembly_station01_worker015_0389.jpg,,frame_screw_assembly_station01_worker015_0389.jpg,Unknown,LOW,0.0,,,,
frames_diverse,outputs\real_data\frames_diverse\frame_screw_assembly_station01_worker015_0390.jpg,,frame_screw_assembly_station01_worker015_0390.jpg,Unknown,LOW,0.0,,,,
frames_diverse,outputs\real_data\frames_diverse\frame_screw_assembly_station01_worker015_0391.jpg,,frame_screw_assembly_station01_worker015_0391.jpg,Unknown,LOW,0.0,,,,
frames_diverse,outputs\real_data\frames_diverse\frame_screw_assembly_station01_worker015_0392.jpg,,frame_screw_assembly_station01_worker015_0392.jpg,Unknown,LOW,0.0,,,,
frames_diverse,outputs\real_data\frames_diverse\frame_screw_assembly_station01_worker015_0393.jpg,,frame_screw_assembly_station01_worker015_0393.jpg,Unknown,LOW,0.0,,,,
frames_diverse,outputs\real_data\frames_diverse\frame_screw_assembly_station01_worker015_0394.jpg,,frame_screw_assembly_station01_worker015_0394.jpg,Unknown,LOW,0.0,,,,
frames_diverse,outputs\real_data\frames_diverse\frame_screw_assembly_station01_worker015_0395.jpg,,frame_screw_assembly_station01_worker015_0395.jpg,Unknown,LOW,0.0,,,,
frames_diverse,outputs\real_data\frames_diverse\frame_screw_assembly_station01_worker015_0396.jpg,,frame_screw_assembly_station01_worker015_0396.jpg,Unknown,LOW,0.0,,,,
frames_diverse,outputs\real_data\frames_diverse\frame_screw_assembly_station01_worker015_0398.jpg,,frame_screw_assembly_station01_worker015_0398.jpg,Unknown,LOW,0.0,,,,
frames_diverse,outputs\real_data\frames_diverse\frame_screw_assembly_station01_worker015_0399.jpg,,frame_screw_assembly_station01_worker015_0399.jpg,Unknown,LOW,0.0,,,,
frames_diverse,outputs\real_data\frames_diverse\frame_screw_assembly_station01_worker015_0400.jpg,,frame_screw_assembly_station01_worker015_0400.jpg,Unknown,LOW,0.0,,,,
frames_diverse,outputs\real_data\frames_diverse\frame_screw_assembly_station01_worker015_0401.jpg,,frame_screw_assembly_station01_worker015_0401.jpg,Unknown,LOW,0.0,,,,
frames_diverse,outputs\real_data\frames_diverse\frame_screw_assembly_station01_worker015_0402.jpg,,frame_screw_assembly_station01_worker015_0402.jpg,Unknown,LOW,0.0,,,,
frames_diverse,outputs\real_data\frames_diverse\frame_screw_assembly_station01_worker015_0403.jpg,,frame_screw_assembly_station01_worker015_0403.jpg,Unknown,LOW,0.0,,,,
frames_diverse,outputs\real_data\frames_diverse\frame_screw_assembly_station01_worker015_0404.jpg,,frame_screw_assembly_station01_worker015_0404.jpg,Unknown,LOW,0.0,,,,
frames_diverse,outputs\real_data\frames_diverse\frame_screw_assembly_station01_worker015_0405.jpg,,frame_screw_assembly_station01_worker015_0405.jpg,Unknown,LOW,0.0,,,,
frames_diverse,outputs\real_data\frames_diverse\frame_screw_assembly_station01_worker015_0406.jpg,,frame_screw_assembly_station01_worker015_0406.jpg,Unknown,LOW,0.0,,,,
frames_diverse,outputs\real_data\frames_diverse\frame_screw_assembly_station01_worker015_0408.jpg,,frame_screw_assembly_station01_worker015_0408.jpg,Unknown,LOW,0.0,,,,
frames_diverse,outputs\real_data\frames_diverse\frame_screw_assembly_station01_worker015_0409.jpg,,frame_screw_assembly_station01_worker015_0409.jpg,Unknown,LOW,0.0,,,,
frames_diverse,outputs\real_data\frames_diverse\frame_screw_assembly_station01_worker015_0410.jpg,,frame_screw_assembly_station01_worker015_0410.jpg,Unknown,LOW,0.0,,,,
frames_diverse,outputs\real_data\frames_diverse\frame_screw_assembly_station01_worker015_0411.jpg,,frame_screw_assembly_station01_worker015_0411.jpg,Unknown,LOW,0.0,,,,
frames_diverse,outputs\real_data\frames_diverse\frame_screw_assembly_station01_worker015_0412.jpg,,frame_screw_assembly_station01_worker015_0412.jpg,Unknown,LOW,0.0,,,,
frames_diverse,outputs\real_data\frames_diverse\frame_screw_assembly_station01_worker015_0413.jpg,,frame_screw_assembly_station01_worker015_0413.jpg,Unknown,LOW,0.0,,,,
frames_diverse,outputs\real_data\frames_diverse\frame_screw_assembly_station01_worker015_0414.jpg,,frame_screw_assembly_station01_worker015_0414.jpg,Unknown,LOW,0.0,,,,
frames_diverse,outputs\real_data\frames_diverse\frame_screw_assembly_station01_worker015_0415.jpg,,frame_screw_assembly_station01_worker015_0415.jpg,Unknown,LOW,0.0,,,,
frames_diverse,outputs\real_data\frames_diverse\frame_screw_assembly_station01_worker015_0416.jpg,,frame_screw_assembly_station01_worker015_0416.jpg,Unknown,LOW,0.0,,,,
frames_diverse,outputs\real_data\frames_diverse\frame_screw_assembly_station01_worker015_0418.jpg,,frame_screw_assembly_station01_worker015_0418.jpg,Unknown,LOW,0.0,,,,
frames_diverse,outputs\real_data\frames_diverse\frame_screw_assembly_station01_worker015_0419.jpg,,frame_screw_assembly_station01_worker015_0419.jpg,Unknown,LOW,0.0,,,,
frames_diverse,outputs\real_data\frames_diverse\frame_screw_assembly_station01_worker015_0420.jpg,,frame_screw_assembly_station01_worker015_0420.jpg,Unknown,LOW,0.0,,,,
frames_diverse,outputs\real_data\frames_diverse\frame_screw_assembly_station01_worker015_0421.jpg,,frame_screw_assembly_station01_worker015_0421.jpg,Unknown,LOW,0.0,,,,
frames_diverse,outputs\real_data\frames_diverse\frame_screw_assembly_station01_worker015_0422.jpg,,frame_screw_assembly_station01_worker015_0422.jpg,Unknown,LOW,0.0,,,,
frames_diverse,outputs\real_data\frames_diverse\frame_screw_assembly_station01_worker015_0423.jpg,,frame_screw_assembly_station01_worker015_0423.jpg,Unknown,LOW,0.0,,,,
frames_diverse,outputs\real_data\frames_diverse\frame_screw_assembly_station01_worker015_0424.jpg,,frame_screw_assembly_station01_worker015_0424.jpg,Unknown,LOW,0.0,,,,
frames_diverse,outputs\real_data\frames_diverse\frame_screw_assembly_station01_worker015_0425.jpg,,frame_screw_assembly_station01_worker015_0425.jpg,Unknown,LOW,0.0,,,,
frames_diverse,outputs\real_data\frames_diverse\frame_screw_assembly_station01_worker015_0426.jpg,,frame_screw_assembly_station01_worker015_0426.jpg,Unknown,LOW,0.0,,,,
frames_diverse,outputs\real_data\frames_diverse\frame_screw_assembly_station01_worker015_0428.jpg,,frame_screw_assembly_station01_worker015_0428.jpg,Unknown,LOW,0.0,,,,
frames_diverse,outputs\real_data\frames_diverse\frame_screw_assembly_station01_worker015_0429.jpg,,frame_screw_assembly_station01_worker015_0429.jpg,Unknown,LOW,0.0,,,,
frames_diverse,outputs\real_data\frames_diverse\frame_screw_assembly_station01_worker015_0430.jpg,,frame_screw_assembly_station01_worker015_0430.jpg,Unknown,LOW,0.0,,,,
frames_diverse,outputs\real_data\frames_diverse\frame_screw_assembly_station01_worker015_0431.jpg,,frame_screw_assembly_station01_worker015_0431.jpg,Unknown,LOW,0.0,,,,
frames_diverse,outputs\real_data\frames_diverse\frame_screw_assembly_station01_worker015_0432.jpg,,frame_screw_assembly_station01_worker015_0432.jpg,Unknown,LOW,0.0,,,,
frames_diverse,outputs\real_data\frames_diverse\frame_screw_assembly_station01_worker015_0433.jpg,,frame_screw_assembly_station01_worker015_0433.jpg,Unknown,LOW,0.0,,,,
frames_diverse,outputs\real_data\frames_diverse\frame_screw_assembly_station01_worker015_0434.jpg,,frame_screw_assembly_station01_worker015_0434.jpg,Unknown,LOW,0.0,,,,
frames_diverse,outputs\real_data\frames_diverse\frame_screw_assembly_station01_worker015_0435.jpg,,frame_screw_assembly_station01_worker015_0435.jpg,Unknown,LOW,0.0,,,,
frames_diverse,outputs\real_data\frames_diverse\frame_screw_assembly_station01_worker015_0436.jpg,,frame_screw_assembly_station01_worker015_0436.jpg,Unknown,LOW,0.0,,,,
frames_diverse,outputs\real_data\frames_diverse\frame_screw_assembly_station01_worker015_0438.jpg,,frame_screw_assembly_station01_worker015_0438.jpg,Unknown,LOW,0.0,,,,
frames_diverse,outputs\real_data\frames_diverse\frame_screw_assembly_station01_worker015_0439.jpg,,frame_screw_assembly_station01_worker015_0439.jpg,Unknown,LOW,0.0,,,,
frames_diverse,outputs\real_data\frames_diverse\frame_screw_assembly_station01_worker015_0440.jpg,,frame_screw_assembly_station01_worker015_0440.jpg,Unknown,LOW,0.0,,,,
frames_diverse,outputs\real_data\frames_diverse\frame_screw_assembly_station01_worker015_0441.jpg,,frame_screw_assembly_station01_worker015_0441.jpg,Unknown,LOW,0.0,,,,
frames_diverse,outputs\real_data\frames_diverse\frame_screw_assembly_station01_worker015_0442.jpg,,frame_screw_assembly_station01_worker015_0442.jpg,Unknown,LOW,0.0,,,,
frames_diverse,outputs\real_data\frames_diverse\frame_screw_assembly_station01_worker015_0443.jpg,,frame_screw_assembly_station01_worker015_0443.jpg,Unknown,LOW,0.0,,,,
frames_diverse,outputs\real_data\frames_diverse\frame_screw_assembly_station01_worker015_0444.jpg,,frame_screw_assembly_station01_worker015_0444.jpg,Unknown,LOW,0.0,,,,
frames_diverse,outputs\real_data\frames_diverse\frame_screw_assembly_station01_worker015_0445.jpg,,frame_screw_assembly_station01_worker015_0445.jpg,Unknown,LOW,0.0,,,,
frames_diverse,outputs\real_data\frames_diverse\frame_screw_assembly_station01_worker015_0446.jpg,,frame_screw_assembly_station01_worker015_0446.jpg,Unknown,LOW,0.0,,,,
frames_diverse,outputs\real_data\frames_diverse\frame_screw_assembly_station01_worker015_0448.jpg,,frame_screw_assembly_station01_worker015_0448.jpg,Unknown,LOW,0.0,,,,
frames_diverse,outputs\real_data\frames_diverse\frame_screw_assembly_station01_worker015_0449.jpg,,frame_screw_assembly_station01_worker015_0449.jpg,Unknown,LOW,0.0,,,,
frames_diverse,outputs\real_data\frames_diverse\frame_screw_assembly_station01_worker015_0450.jpg,,frame_screw_assembly_station01_worker015_0450.jpg,Unknown,LOW,0.0,,,,
frames_diverse,outputs\real_data\frames_diverse\frame_screw_assembly_station01_worker015_0451.jpg,,frame_screw_assembly_station01_worker015_0451.jpg,Unknown,LOW,0.0,,,,
frames_diverse,outputs\real_data\frames_diverse\frame_screw_assembly_station01_worker015_0452.jpg,,frame_screw_assembly_station01_worker015_0452.jpg,Unknown,LOW,0.0,,,,
frames_diverse,outputs\real_data\frames_diverse\frame_screw_assembly_station01_worker015_0453.jpg,,frame_screw_assembly_station01_worker015_0453.jpg,Unknown,LOW,0.0,,,,
frames_diverse,outputs\real_data\frames_diverse\frame_screw_assembly_station01_worker015_0454.jpg,,frame_screw_assembly_station01_worker015_0454.jpg,Unknown,LOW,0.0,,,,
frames_diverse,outputs\real_data\frames_diverse\frame_screw_assembly_station01_worker015_0455.jpg,,frame_screw_assembly_station01_worker015_0455.jpg,Unknown,LOW,0.0,,,,
frames_diverse,outputs\real_data\frames_diverse\frame_screw_assembly_station01_worker015_0456.jpg,,frame_screw_assembly_station01_worker015_0456.jpg,Unknown,LOW,0.0,,,,
frames_diverse,outputs\real_data\frames_diverse\frame_screw_assembly_station01_worker015_0458.jpg,,frame_screw_assembly_station01_worker015_0458.jpg,Unknown,LOW,0.0,,,,
frames_diverse,outputs\real_data\frames_diverse\frame_screw_assembly_station01_worker015_0459.jpg,,frame_screw_assembly_station01_worker015_0459.jpg,Unknown,LOW,0.0,,,,
frames_diverse,outputs\real_data\frames_diverse\frame_screw_assembly_station01_worker015_0460.jpg,,frame_screw_assembly_station01_worker015_0460.jpg,Unknown,LOW,0.0,,,,
frames_diverse,outputs\real_data\frames_diverse\frame_screw_assembly_station01_worker015_0461.jpg,,frame_screw_assembly_station01_worker015_0461.jpg,Unknown,LOW,0.0,,,,
frames_diverse,outputs\real_data\frames_diverse\frame_screw_assembly_station01_worker015_0462.jpg,,frame_screw_assembly_station01_worker015_0462.jpg,Unknown,LOW,0.0,,,,
frames_diverse,outputs\real_data\frames_diverse\frame_screw_assembly_station01_worker015_0463.jpg,,frame_screw_assembly_station01_worker015_0463.jpg,Unknown,LOW,0.0,,,,
frames_diverse,outputs\real_data\frames_diverse\frame_screw_assembly_station01_worker015_0464.jpg,,frame_screw_assembly_station01_worker015_0464.jpg,Unknown,LOW,0.0,,,,
frames_diverse,outputs\real_data\frames_diverse\frame_screw_assembly_station01_worker015_0465.jpg,,frame_screw_assembly_station01_worker015_0465.jpg,Unknown,LOW,0.0,,,,
frames_diverse,outputs\real_data\frames_diverse\frame_screw_assembly_station01_worker015_0466.jpg,,frame_screw_assembly_station01_worker015_0466.jpg,Unknown,LOW,0.0,,,,
frames_diverse,outputs\real_data\frames_diverse\frame_screw_assembly_station01_worker015_0468.jpg,,frame_screw_assembly_station01_worker015_0468.jpg,Unknown,LOW,0.0,,,,
frames_diverse,outputs\real_data\frames_diverse\frame_screw_assembly_station01_worker015_0469.jpg,,frame_screw_assembly_station01_worker015_0469.jpg,Unknown,LOW,0.0,,,,
frames_diverse,outputs\real_data\frames_diverse\frame_screw_assembly_station01_worker015_0470.jpg,,frame_screw_assembly_station01_worker015_0470.jpg,Unknown,LOW,0.0,,,,
frames_diverse,outputs\real_data\frames_diverse\frame_screw_assembly_station01_worker015_0471.jpg,,frame_screw_assembly_station01_worker015_0471.jpg,Unknown,LOW,0.0,,,,
frames_diverse,outputs\real_data\frames_diverse\frame_screw_assembly_station01_worker015_0472.jpg,,frame_screw_assembly_station01_worker015_0472.jpg,Unknown,LOW,0.0,,,,
frames_diverse,outputs\real_data\frames_diverse\frame_screw_assembly_station01_worker015_0473.jpg,,frame_screw_assembly_station01_worker015_0473.jpg,Unknown,LOW,0.0,,,,
frames_diverse,outputs\real_data\frames_diverse\frame_screw_assembly_station01_worker015_0474.jpg,,frame_screw_assembly_station01_worker015_0474.jpg,Unknown,LOW,0.0,,,,
frames_diverse,outputs\real_data\frames_diverse\frame_screw_assembly_station01_worker015_0475.jpg,,frame_screw_assembly_station01_worker015_0475.jpg,Unknown,LOW,0.0,,,,
frames_diverse,outputs\real_data\frames_diverse\frame_screw_assembly_station01_worker015_0476.jpg,,frame_screw_assembly_station01_worker015_0476.jpg,Unknown,LOW,0.0,,,,
frames_diverse,outputs\real_data\frames_diverse\frame_screw_assembly_station01_worker015_0478.jpg,,frame_screw_assembly_station01_worker015_0478.jpg,Unknown,LOW,0.0,,,,
frames_diverse,outputs\real_data\frames_diverse\frame_screw_assembly_station01_worker015_0479.jpg,,frame_screw_assembly_station01_worker015_0479.jpg,Unknown,LOW,0.0,,,,
frames_diverse,outputs\real_data\frames_diverse\frame_screw_assembly_station01_worker015_0480.jpg,,frame_screw_assembly_station01_worker015_0480.jpg,Unknown,LOW,0.0,,,,
